HISTORY,CVP,PCWP,LVEDVOLUME,LVFAILURE,STROKEVOLUME,ERRLOWOUTPUT,HRBP,HREKG,HRSAT,INSUFFANESTH,CO,HR,BP,CATECHOL,ARTCO2,SAO2,EXPCO2,PAP,PULMEMBOLUS,INTUBATION,PRESS,DISCONNECT,MINVOLSET,VENTMACH,VENTTUBE,VENTLUNG,VENTALV,FIO2,PVSAT,SHUNT,TPR,ANAPHYLAXIS,HYPOVOLEMIA,LVFAILURE2,ERRCAUTER,KINKEDTUBE
1.1012706831687742,-0.5604665732601057,1.307205064418668,0.2448198588337908,-0.3998452858807743,0.7807154179147029,-0.04343686265348432,-0.5063601310238995,-0.513051480836602,0.6048961680092655,0.34352232602585575,-0.20216642402098148,-0.5337257312712677,0.749969707058286,-0.6810570740137779,0.7762540051264442,-0.3081903579191368,0.28108779316108407,-0.009245963852902363,-0.9478974436253849,-0.07666796923026753,-0.24160438077059312,-0.20457823321730695,0.04896259740473085,0.2599197164961073,0.1964279715033728,-0.6033654466760531,-0.2636984992442702,-0.5114402740111965,0.07243530442264788,-0.537093780351175,0.25788629016508313,0.46817973707452926,-0.10623918250844537,-1.6231060753577853,-1.3783689673827884,0.6139140997875269
0.5015382270619606,-0.17500100927077405,1.096283827046393,0.13217329524040713,-1.4008638053152624,-0.14917857679641452,-0.6868764649729505,-1.0804770987876273,-0.9170875741082911,0.8963081451739893,0.9714938521352391,1.028816290997038,-2.82179397266804,2.7950712270205287,-2.48393322222498,0.5203002469105722,0.6204636348452233,0.3036080254564306,-0.16683905545786634,-0.1374650267768885,0.24549946117630322,0.41809435381190097,0.012053389707146601,-0.2012328681331403,0.21664291178751058,0.1628193122349683,0.7212211478477613,1.1689167493263757,0.5021581538197265,0.9730810674323451,-0.20182653504221623,2.0550052527308735,0.8783462217388529,-0.7203792117751261,-0.269866844047913,-0.39895850503719943,-0.20802658221841125
-1.1160664841557053,1.2831186806644552,-1.910437780908121,-0.7229314335081702,-1.1423875167603805,-0.5121152152794949,-0.8128785472958451,-0.7097953335605146,1.9622990624900707,-0.7722977689457551,1.4611189147738004,0.31604929581028174,-0.6989703528716585,0.46426442115553906,-0.1798550354675959,-1.0504400976212074,-1.3758762220330225,-0.14319883904106157,1.6091346209289001,-0.2612954960951123,-0.6141902199135503,-0.8582532356004084,-0.6804342976660486,-0.86304753651952,0.45644458336987603,0.48802221015522596,-0.9635226013045893,-0.8549101136434779,-1.0916335490211881,-1.7571173881572997,-1.434670676395715,-0.10232918421755774,-0.9325283065500243,0.672735245371101,-1.1407592386084877,-0.3652420672833357,-0.9029294931425369
-1.0147263022762159,0.1175707740668521,-1.1567373973943325,-0.42604397867772237,-0.3211968980912002,-0.8865514765080755,-0.4818369572311008,-0.8283561911221659,0.8691264224213843,0.008512927749382226,-0.06746617220858145,-0.27566206500107393,-1.5072173180466666,1.5375313171827558,-1.3855185315768472,-1.1530442606301365,0.8581161623012844,-1.2872939021689493,-0.7453789960987751,0.35344183923814154,-0.6487475478455806,-0.801943498547713,-1.0091956364338253,-0.6764268537944416,0.4717215522361438,0.5143985732644742,0.6176172830705056,0.9362557595705324,0.9292470569599676,0.8376505996814149,1.412399031395388,-0.39030445136453235,-0.6551703330057376,0.18346461111337373,-1.0721949791277596,0.3265935365574617,1.0770456789605425
-0.5826856360466612,1.4568583638233348,0.2817307727845604,-1.1967862209321465,-2.4356305003248973,-0.4042299950684817,-2.2368817676187804,-1.4017714513826438,0.27744341019191066,0.2703496421887521,-0.23653798301746176,-2.3620608962210903,0.013624283954650006,-0.20642250643914825,0.10161186668509287,-0.07174830316442662,0.35898471636211143,-0.15164834374140554,-0.6640993331752716,0.10783323410871114,0.5601290426639203,0.7593115310350994,0.9255114249194732,0.9416597198159776,-0.6460869561221974,-0.5870500746878766,-1.170229552109268,-1.1041237087213809,-0.5291095504205781,-0.2759621129578036,0.5681492917536092,0.9986698867896089,-0.7589133703981837,-1.0536167483261898,-1.0630923733232451,-0.1191485442651072,0.6962313658874262
1.2987706755868609,-0.923123151573221,0.985527358779807,0.8958968987995173,1.1712011895892656,0.17464652616738893,-0.5177412832879704,-0.18073614709412186,-0.175485114438476,0.766708832132734,-0.451056579931174,0.46377530759560004,-0.37231451647073693,0.2569280288356982,0.42644047202386137,0.05303844277647599,0.9900031512939867,-0.06972532860859118,-0.7225155514129571,-0.3759828038222243,-0.6014810369684799,-0.727561448175064,-0.923478945611731,-1.1245137985027571,1.6644315610539298,1.7020239220370041,0.8511368589432772,0.4685231654179758,1.4615272767606504,1.3255882914752406,0.3087730343728828,-0.8779892751837504,-0.5389192659927936,-0.7837190638498186,0.11662865737740336,0.47838733539787665,2.463326597914648
-0.6416969182564444,1.0947639053269642,-0.5511905958210175,-1.000956173313566,0.10253540760440367,-0.5052800237025964,0.17396887650391718,0.4904485068364815,1.1696264620650532,-0.7998278323204483,0.41383124807069255,-0.4416780755578111,0.29802859285654953,-0.8089821112913451,0.7381099716651026,0.7939995736799798,0.7309202702119326,0.86196758224791,-0.767641305381479,-0.5634075227755939,-0.124785706716901,-0.4701588152810711,0.013660390099372723,-0.4850517682778297,0.6661299306197402,0.31588391097956303,1.3420676878274558,0.479225895655383,0.6921207677480339,0.6053966477793096,0.44756616467960925,-0.650759164936918,-0.17310077513815977,1.2176575629545316,0.1754436482158888,0.358542567423564,0.20303916432428032
-0.19945346480409037,0.5119737929825718,0.5710560901883014,-0.03694846483220547,-0.3259484283581986,1.082446616838185,-0.24356597897513518,-0.3390203222932653,-0.8441911210926943,0.9817991348318488,-0.3113844311473763,-0.10300105227116949,-0.7891924798999498,0.5907668510636767,-0.128732894704607,0.5419717254465778,-0.30295600829786834,0.2526625614442273,-0.3565552571128009,-0.017040836370399232,0.11108861346434007,0.6318464628224351,-0.08438714187081323,0.6318345472252994,-0.44957342108660003,-0.46733062781218393,-0.9866805202278015,0.34154609300532485,-0.29011502379172005,-0.44600012467003225,-0.6518812562190281,-0.6444101257729493,-0.8745277399329335,1.5639756824346926,0.3774224126525833,1.0095928853712388,1.5051453794500353
1.5376637750367954,-1.914576624168824,0.5380431719610308,1.696180670496044,0.08269490028413079,1.0415570088546275,0.9612778129085129,0.7660420284865899,0.7291440881837636,-1.011540284873725,1.5769036721018548,-0.5531128469451518,0.43989906952182845,-0.8533934450418861,0.6112747777683671,1.503976688135434,0.9463627156614549,1.3889268933099919,-1.075889580218406,-1.0103426429179974,-1.7385565803070404,-1.6700871609903272,-1.2828639924139824,-0.9825639081230453,1.248525037919662,0.8649458174510706,0.6529565053038612,0.22404108472204584,0.8047233309956344,0.38290351521450966,0.030245641736332627,-0.29343876217178255,-1.256372021191207,0.5715127898876916,-1.1794437811093055,0.8512444135756666,0.38946283123225584
0.40105825640728104,-0.7408489112352369,-0.2185498055562505,0.5650088982808664,1.1450200947963216,0.7100505242203851,0.7668973783708214,0.8835979233597123,0.06338386191370916,0.1576190120990494,1.9517963555109947,0.8210827986523938,0.41172505228034195,-0.35862581097537233,0.056327775274813266,-0.4557663394217149,0.26630981290355266,-0.6070119901363126,-0.14310284081791,-0.5196899693741445,-0.8356402475896751,-0.6536638819202111,-0.4107157840766681,-1.676772860421549,1.0511016639777584,1.0219052211731385,0.14417970249732864,-0.3792874378771532,-0.07631760005560907,0.4120928445735602,1.099251242770732,-0.24994949793572918,0.17982217995958275,-0.17520312806909105,-0.3773366305701684,0.7450544078493984,0.035290613455387074
-1.4934396609067162,0.9757098263877675,-1.5934980346532592,-0.9101396758786073,-1.3203869498178702,-1.5237514779209584,-1.380634995874834,-2.370936630930399,0.4556460805429177,-0.7122496811336784,-1.7443899730753893,-0.9404392308389926,-0.12817397081664839,0.19924174213701218,0.11964056386051002,-0.5138628390598448,0.09997832125235898,0.17911280446859032,-0.1747551737042652,-0.11873860569855448,-0.27370153837010014,-0.9420864434582799,-0.5132631189907774,0.2896745631267876,0.304318010230238,0.4526515814493652,0.8434629080909432,0.014401409145248099,0.02941326028544797,0.20727683569949507,0.06850575543172537,0.6574728975797461,-0.18379312777298226,-0.4028881287785293,-1.0200276790924414,3.093537094410503,-1.472384601704648
-1.8830633953462228,2.28196690404554,-2.2322748239989645,-3.108840861726833,-3.2637732389096814,-2.3930879377398995,-2.9461427301998953,-2.8594448681961553,1.8251300265457147,-0.8921012520411773,-1.4583294841957235,0.00792826246205614,-0.23597595652206727,-0.37000834341760197,0.2580525001646948,-0.9570489315775977,-1.0389080513496445,-1.175997388426995,1.1252775546600502,1.0484096125045492,0.6170478080976045,0.9953340089731304,0.5472058987899073,0.07893557091285983,-0.5217237934955495,-0.5413526600296541,-0.16991897402599057,-0.05880855251961334,0.4801963120438599,0.504510547133795,-1.1799072553608605,-0.37955795947388854,-0.4420446864481068,0.5824351334167508,0.887930159563306,0.3222196332733298,0.6357406716985203
0.0744425748762537,-0.6215550431314385,-0.09799342411410858,0.45028930855060156,0.24228373400914532,-0.1620838593369223,-0.30071550734312635,-1.0242922105706858,-0.05352514800365843,0.38539507450790866,-0.6156676933238673,0.6695345605243791,-0.8309448206034308,0.9684627001076693,-1.5395549625573535,0.7822264779082634,0.8834855508940894,1.1468395058107155,-0.7337204395470271,-1.5483261666128114,-1.330042458467296,-0.4694529449389664,-1.8028430778489788,-1.4258111946193328,1.1530504312158498,0.8492158401404436,1.0202360631689744,0.17169781609837684,1.3163712156797454,0.4296826771794407,0.3815105859219593,0.6976650695227793,0.0869565510208255,0.1107334821531354,-0.9256155277475517,2.579672573682916,-0.8426872678000279
2.318614994990644,-2.7125947841321403,1.753247387552504,1.8433447588823972,1.1782137840149556,1.6712726223026881,0.6852172437535735,0.7197395446150512,-1.7403632536300369,1.2709766779083989,0.05642116181933659,0.050613816626903514,0.4466353238367569,-0.3070119695088111,0.21473682464198676,0.04177674174458176,0.496179472544246,-0.2556096060867258,-0.8043263349421755,-0.6599766830453562,-0.4111731864741205,-0.014951060834217674,0.34816517229680466,0.48930100972111074,-0.13597243740951026,-0.249689387347574,0.5135509291767302,-0.03187121832801538,-0.11702162679794446,-0.21462849878807796,1.3949247439075794,0.8218517589887105,-1.5459484884170038,-1.5678664482023459,-0.2663713897052722,0.3873610136823459,-0.5308373240044992
1.3571871033138632,-0.9116294890122031,0.23821263665253214,0.6828532168284444,0.704085896880246,0.29768042260114935,-0.040153500088721095,-0.5125224188369262,-0.16666008681130984,0.5219746527430087,-0.21425239098128218,0.2974761976332269,0.1581020577714002,-0.3862925253218419,0.5186983602020221,-1.8665544950866926,-2.0338771655986165,-2.050561777148142,2.1307067027294995,1.8534306751050764,2.4526571275894486,2.766567468820438,2.6673059766966576,1.267535333886514,-2.0541465756290234,-1.4898309003871009,-1.3894082237994807,-0.5604149830625009,-0.8804607570901286,-0.7894864180980535,-1.1070332584489402,-0.6893838957466399,0.27028623220743003,1.0624896811982711,0.51081698128642,-0.11019538191743182,-0.08701429318900827
0.36175858426990826,0.7100201857609234,0.18225861020787756,-0.660051288019047,0.2586665626762438,-1.0344337935146866,0.5746428689848062,0.474970629169696,0.3211245535211227,0.32618450043235075,-0.5067160183664673,0.5791430506778964,-0.6048108381484246,0.7513379010925708,-0.9350683358968296,0.22536225188504758,1.4457338626297829,-0.15142115154788735,-1.1862477247369443,0.621513792115908,0.7595411400474262,0.6057850400666293,0.10343511631342873,-0.09775577935115196,-0.35462858610454967,0.04778258118012557,0.7139533298417028,0.8699827061314255,1.3917038030114264,1.5934851938892107,2.319546308747159,0.8004684259915571,-0.42111244774382206,1.375048550384169,-0.6699338494367759,-0.4019681004190534,-0.3059686230851881
0.7770137751626346,-1.153115576676511,0.13704805713254622,1.2325598852584374,1.5286101318742826,0.9646815659667518,1.4756734270060816,0.9750245136628064,0.09154842686192192,-0.520263775891314,0.9861886819294179,-0.7653069686712201,0.8706653107163136,-0.6092111973314859,0.2996955916660821,0.2902889609682017,1.180257141672596,-0.5839610683630577,-1.159885243477124,-0.5508595039176185,0.18104329586268744,0.25216709071597987,-0.19652803860835164,0.6037931251477836,-0.023191849858439067,-0.17139588092254673,0.8005611403275329,-0.21156380627283045,1.1355011103047379,0.20803330937772005,0.6466512864488915,0.8907950001409447,0.24613589227589303,0.76916594149983,0.6449359919003211,1.4903819551814281,-1.5225587110773557
0.8536533094565432,0.10320261702391055,0.5484151213504821,0.9060296049853155,-0.48729523580471257,-0.7407799090971657,-1.256303889754813,-0.5448945311407084,0.40772068830067093,-0.4682659493392313,-1.64755110542976,0.24143444208122405,0.9779537511299551,-0.7775226835415905,0.7839681043993316,-0.1272430084012335,0.6792825858552956,0.09245033031359062,-0.6657306226771318,-0.4170403894311243,-0.5944773409706791,-0.4180357613459298,-0.588810671015714,0.15350754458349355,-0.04483796142664289,-0.19352913099738925,0.027688922687715774,0.506996313588524,0.5021004217881319,-0.052549410775041584,0.9549036567448176,-1.7920981547833932,0.40924623208846345,-1.0516793288811015,1.550831996677724,1.6218165367109125,-0.7975396670227741
-1.684236732900559,1.8777843232175295,-0.1893823754918547,-1.002399608942299,-2.316622429294043,-1.3442033529019735,-1.818813559174781,-0.7098166505445623,0.05394375105266139,-0.5407748468549177,-0.007021943595320089,-2.5046137853969737,-0.3556293834713397,0.5574709606536613,-0.8969415544427437,0.32151319385214994,0.5323304442203826,-0.29173018593658445,-0.5259095446342512,0.3487560292296767,0.8321790109189341,0.587988558138098,0.7719268351063084,0.4402731391713275,-0.1443800050150999,-0.17083434766251124,-0.8257491684987252,-0.6079401285552798,-0.4942447142791329,0.3810517222638616,0.97583332223724,0.2535797592831384,1.1542252417617966,-0.598888538994819,0.13870460121191605,0.5758687395266513,0.8332664929242678
0.18989156761231643,-0.4061198430078967,0.19420669646370195,0.33449228425006694,0.6124472449751588,1.6903229615882156,1.1581138052458733,1.4349183392633065,0.10449273211522822,-0.09652516209977352,0.8498153529568382,1.6684442754915523,0.05987531017214156,0.20365969367282677,-0.09838566718246586,-1.2220497804029387,-1.1186081209160776,-1.248262535727642,1.4865960648833254,1.6504253005092187,1.2857906033138309,1.1950048267191242,0.8766959009470464,1.1156487020384416,-1.4264388397472465,-1.0383848739161032,-1.5750292478772718,-0.48972001329456205,-0.32488370086122986,-0.638901281198375,-0.26608561352413923,-0.5429065801083253,0.10708538641988138,-1.8144290741913585,0.8535191719873814,1.1123131215682973,0.5944228885193045
1.3140648297382038,-1.8926080683884678,0.9970210288574746,1.9375659738546935,1.2557190968647924,1.473707995541342,1.6455807124158217,1.900629856662622,-0.6274581770521047,1.2449262422012415,-0.1810518023320331,0.1671091780831096,-0.6271577877784548,0.9027722430862959,-0.518249126862652,1.6895291845530502,1.25543676900661,1.8338588300736396,-1.1148726292331874,-1.7854099548863462,-2.0102542988885084,-2.221664047879976,-2.2913736311481565,-1.36113459151636,1.981115168377638,1.4275902133831047,1.4111664255842422,2.039671671418718,1.9446696161632995,0.8644969146497252,0.020336835539383126,1.2588690242187006,1.0886057217452698,1.6241966010267468,-2.1336960460603334,-1.3105650845063428,0.6139531339962683
2.1051412429414063,-1.9976822070646687,2.8779164508391406,1.5462464538806648,0.5867233500854218,1.0199408865875488,-0.14063350963601612,-0.14180184998754453,-1.058023232535273,0.9141466886183828,-1.0732888539815597,1.2096030047324584,0.058652914427056516,0.7058616814104679,-0.24825132020716367,0.4065878377391254,-1.3023303892981373,0.6989293528149852,1.2692434841717428,0.21688093116598497,-0.25055521522978075,-0.35608722871954873,-0.055640657220779724,0.41136574823349314,-0.2863146377753973,-0.42762628801262975,-1.0296342052288694,-1.82026226759065,-2.2267396732407083,-2.251385229358104,-1.2951853551022279,-0.5530612745416349,-0.32560972294554075,-0.3200286678786857,-0.4825930286574876,-1.5834886731889415,0.1181231432613159
0.49302046275194666,-0.8804581144283035,-0.00019219691267378594,0.8564242034821122,0.4250694573216435,0.9579688461840091,1.136047040563224,0.774240862262572,-0.6596011875470843,0.8781729340467103,1.2937118958951457,-0.8795231824519903,-1.3675895847882458,1.3069324190503653,-1.4408506360441502,-1.7852448487475727,-1.4637048462106892,-2.2593520462739276,1.5222430865488625,1.3190247158469646,-0.03614189207471998,0.22243869875877517,0.7030566414424344,-0.11776012801477488,0.053454955078825445,0.15954172906206293,-0.71253099762288,-0.04987129451804173,0.11200794036615398,-0.2566299847909197,0.024465134022746242,-1.3724377324115868,-0.2769946374159766,2.358205077799769,0.13387398766539713,1.2256598060397752,0.5797957438635029
-1.402846512551415,1.9005208465763033,-0.5624936527422205,-1.5936934447218716,-1.6685933621983684,-0.600642279124884,-1.6643048457845302,-2.306257246932831,0.06033216670471937,-0.3233985199299003,-1.4106173320919406,-0.13636807688167793,-0.2900931772240996,0.7565816929412736,-0.14127027483017568,0.013641283997660318,1.526632164641675,0.15338279683466965,-1.3565805010626175,-0.9820746141336402,-0.4915856281206313,-1.0005018496279101,-0.41628368443796265,0.6166519700722677,0.42577490270344237,0.48600959584225295,0.9416742445407759,1.8092412413048917,1.6635864082525345,1.7450880228095047,1.9264275039874597,-0.06834270408740092,-0.0903692010153659,1.9818033475378458,-1.1090612428332043,-0.15437680969125425,0.18191135514677328
0.5594743078538023,-0.4971881520075805,0.03010038058376867,-0.07465870912340121,1.4278502678493634,0.9498938179632955,1.1701212962431957,1.1410492151782443,1.2829674530239252,-0.6346892193638919,2.022035201397714,-0.5016775180790126,-0.2975211085407451,0.3312931949632359,-0.12752852020141542,0.433513887415911,0.09386114513360606,0.921427550088353,-0.13558903459929117,-0.37926929587895303,-0.9305971119624631,-0.5989637310625783,-0.9581614435240148,-1.0564194096199426,1.029400035001207,0.8705537212281916,0.40516253762862525,0.47383404002423296,0.5091957613699689,0.7337338802629063,-1.452994872135832,-0.9318093188853359,0.7906211855016348,-0.8643196266324891,0.15671566636504913,0.7261384370006873,-0.20479206818945797
0.5427546744056366,-0.18379197834054456,0.9219822322268986,-0.08963830515085917,-1.7308469002064375,-0.038467870350745184,-1.6092957230437919,-1.58206606517458,-0.8686798495254731,0.7195849326576333,-2.705795621697352,-0.9627182878184554,-0.7122456387938002,0.948920413411675,-1.112177165909948,-1.1128593702982044,-0.7134070093704266,-1.2880070968392592,0.2890605431751148,0.1926228405461785,0.8038762397136535,0.29516430910047037,0.5632695683783514,0.5067827463767574,-0.8977493854222512,-0.9331860828063453,0.7793294795747909,1.074899554766225,0.9918667090285105,0.4310511617816144,-0.9489039821727023,0.8073184075732274,0.6448177450173195,-0.6700166019893696,1.0124972084480344,-0.7478196368913393,1.0545071969770896
0.8624474431185246,-0.45388170219780133,-0.013538849510554351,-0.4750249968021418,0.08245141840298183,-0.4265708136586552,-0.6461124389926823,-0.4899194463973646,-1.003347326756465,1.265943932835995,-1.2542418606846346,0.9316301843065309,-0.5725053835055001,0.3450117039596504,-0.46585970317055025,0.5626555049702233,0.6709892570874374,0.7306470105948486,-0.6311226619226182,-0.4440241936023467,-0.48092198672493797,-0.44104635843167006,-0.8906584257273584,-0.935893426831786,0.7038951317320411,0.7626159283807857,0.19514799312026462,0.31842072217899287,0.31910950666260557,0.11040366297993205,0.26094842191733697,-0.8438253955853676,0.1397945656564597,0.4992921940548099,-1.9390418844034043,1.6383844295689254,-0.27804882928767494
0.39187015993825003,-0.7059809063401185,0.04717569533233675,0.5166406118790686,-0.7451214335432702,0.7040742226296404,-1.0650529054696916,-1.2579570650827654,1.2081036275021053,-0.5616628133799643,-0.8305601998507444,0.27474701004141827,0.6343010216639936,-0.5543916164545085,0.28728936173322733,1.7301244505552387,1.2274483617674081,0.9472393494594818,-1.0288977925066558,-0.9671653656031858,-1.5731960324351404,-1.4580222710458872,-1.6980555579330696,-1.2455929857000028,1.5583134639258023,1.3832402514123001,0.7872559220423281,1.2677530402120825,0.03515816528080257,0.2748732000480692,0.4475713839721971,-0.05608470481341936,-1.248120346809486,-1.7117036885300225,-1.2457264217895019,-1.5750855186732773,-0.7730114553127213
1.8701257397604807,-1.5584303180308414,0.9296229384127281,1.3415655706169964,0.2894222147635566,1.1744779309288609,0.9742371766185641,0.26940560861145235,-1.350101793423222,0.6112573841233264,0.4605265288865286,0.6438922352487871,-0.8221996964996359,1.586725744093683,-2.155177925582263,-0.6360573234722696,-0.8660549946420074,-0.3770933951981268,0.8971437125107556,-0.017217779072344418,-0.5305531874298911,-0.3313114127526823,0.003140968702464972,-0.5165668810160317,0.13691148405907416,-0.15827023630179204,0.10247635993386767,0.34709612945516227,-0.060025463246896164,0.20700934676073304,-0.6141048442184368,1.5005818338262724,0.6265880647702813,-0.40119180385738334,0.13378608297965933,-1.4194740961523795,1.0992908553686123
0.17209901162464056,0.435793807944327,-0.5933776877789685,-0.4421456878556285,-0.6237788266906734,-0.37697866541062414,0.25088357140564166,-0.24928431335591586,0.505448087367545,-0.7743679070970885,0.765635445174694,-0.5719954476416029,0.04500301274788056,-0.6688268269385204,1.078135260265626,0.45561427334690024,0.05803563300556984,0.45221104154513125,-0.21453553077031423,-0.5714172152600302,-0.4282772098670316,-0.46109113533090734,-1.2526243736999638,-1.1536240435108145,0.9214555189557183,0.8322424152943698,0.7904631373184547,-0.6533924472939072,-0.12549331575698644,-0.5718479796121554,-0.07103345254726116,1.0552027621612752,-0.8750405429434865,-0.5006536873415478,0.41052121118194485,1.4246391192104395,1.1194366985806166
0.03907807421401666,-0.07615016796709913,-1.4296815369771596,-0.45791934473114904,-1.090561560626124,0.05252849521786851,-0.47804558661326535,0.20471190949416587,1.7732896132417142,-1.7116805287180945,-0.3836986602566826,-1.398226312216234,1.5549974853176014,-1.9189137201939208,1.8606226079790595,0.23190859246666934,0.7527034976642301,0.5135154562043176,-0.795944926850137,-0.9983183780843176,-1.748626727765325,-1.9846909006101139,-1.5444624182234923,-1.1493691663181447,1.0723677973120433,1.0783276872169294,0.8045333360255865,0.5760216188937922,1.0268982284528254,0.481937034606682,0.8728330941297124,0.4371537511489186,-0.9305372497920043,1.878195516432307,0.6893189385281272,-2.6498810981556864,-1.5330343340589934
-0.287871138660006,0.09364604789531625,0.07932491570824866,-0.14280030563699717,-0.26018659411547224,0.29510433271885944,-0.343301867975403,0.4944017715831089,0.49523697970012037,0.5194928658648983,-0.431122693024035,0.6214780311895386,0.08248093233344127,0.6377456203674132,-0.3943746636891693,1.0049581157019294,0.6324893386843257,1.1579568268816194,-0.3431898495671345,-1.1700446925314174,-0.778634315323643,-0.6858347922397886,-0.6866163900658319,0.15410773394984623,0.3387425794079586,-0.250725201782575,-0.26351402469458285,-0.30568241260391904,-0.46330328813644395,0.5508420388886373,0.17573432243135773,-0.16568772588763397,-1.1572257923350358,0.19545773317325235,0.0595595567929887,0.35354243444869954,0.5568089978044533
0.07778310170767669,0.33594684014640935,-0.3805181088269585,-0.23504924570958508,-2.340216992986293,-0.08180720389817378,-0.8251844105727529,-1.3971902113038521,-0.2774557158296978,0.958976507992881,-0.9859657092628704,-1.7856458024329807,-0.8728610900198533,0.5234685924925955,-0.4648965862969256,-0.0911136632956495,1.3153176332485166,-0.7434571603112593,-1.7593690305136804,0.7126654414090176,-0.06326208102181348,0.598767826752489,-0.002866082671489992,0.6344565926266771,-0.23165977776970242,-0.11946917870079539,1.9400799397152335,2.004518673183467,1.2212985964941092,0.950096755720709,1.8086609789752166,0.34261488977138826,-0.08246678247596341,-0.24837263386819294,0.4116183615063405,-0.1347934181132417,-1.977310014840573
0.2628963430185473,-0.979170163848733,1.673804529597536e-05,1.080115399907669,-0.6064907250371498,2.318471517565791,0.09638312722794187,-0.18697779805782222,1.4994216045263071,-1.2108763097655395,-0.6610274607666397,-0.8126639700865753,1.0655897345564995,-1.174400866620238,0.6056742912366829,-1.0658312870031297,1.1999843917231514,-0.8726270670869687,-1.3812570994119173,0.644280076748503,0.22928690924967915,0.21787377699860366,0.5172115025768603,1.083477551638929,-0.6210230436728224,-0.33641621158228185,0.7768609144484857,1.3860901103027619,1.525642344659351,2.0037031735273443,2.6385232166759693,0.6474002924793832,1.2362826997023109,-0.5935702421431767,0.8553966231803435,-0.7665773682731674,0.9644860643393005
0.10311877784295935,-1.367118476696687,-0.014630266584232828,1.3259550801929338,-0.7259631544855439,2.2240006263711924,-0.6562305221351971,-1.316271177526454,0.3305264020241715,1.163917604824684,-0.9433314234610205,1.0301326492321092,-1.916353296542616,2.2295393127900236,-1.9834388188374759,0.939723116709781,0.9180660285561035,1.5142947252927494,-0.8619372827495999,-1.6104645870374672,-1.347728874370401,-1.5520064141653518,-1.186350843394604,-0.4578492625549162,0.9707909646144925,0.8332547022924919,1.1916325757870891,0.8123477779942083,0.8227084489717185,0.8224118850121163,0.6173674149964148,-1.0210580924342354,-0.9809116851683822,0.9252755459414744,-0.4679394386320802,-0.22787253509992653,-0.9280368638341769
0.7744949971831876,-0.4945754429175475,-0.46026077172355867,0.26014030212176364,-0.8495138961988788,0.5979954712207443,-1.8465658224014716,-1.6471840553920776,0.31354610416524176,-0.9389417987206011,-0.9140935348172219,0.19705416444850093,0.7425647671646964,-0.3208072777006007,0.6022106409104111,-1.0053297992191792,-1.2212826163602442,-1.9437024997433439,1.4509696675924908,1.9117590137890026,1.903748690209083,1.6822706605872733,1.5320584299254731,2.308119645885806,-2.0363687880962424,-2.0502801608034953,-2.389681924802795,-2.6443437867222515,-2.2868121135057926,-1.4972947011735747,-0.2501858915163841,0.809062934052632,1.7117354000300122,-0.45938723516048924,-0.6628624199850274,-0.8787094440131922,0.6949806040358365
-2.1282707482051966,2.419657282393235,-1.7618375758229217,-2.2327435083608456,-2.028393791460496,-1.042962598931568,-1.1304296770693412,-0.9863968051647943,0.7123196542851705,-0.7164025048580502,-2.2218239235571002,-2.0692486162474095,1.138239529737336,-1.5053143526278712,1.709511633320998,1.8603097787177787,1.0886230981560485,2.082231809994848,-0.5481506526899186,-1.1644964317341733,-0.6792722883989333,-0.6011753104189501,-0.8846976238509693,-0.8951819744111618,0.779445149604948,0.5466050841642573,0.38963156380981556,0.5234985560634553,0.8698091871441652,1.0418428926810335,-0.7859534720221478,-1.1356601826333694,0.9288063070129075,-0.01491670069836485,-0.220980742017355,1.523075524406585,-0.6267749129990319
-0.1596889478801772,1.1851638250939085,-1.3361630398392217,-0.9393547911359448,-0.5656008463922301,-1.0651679444432665,0.27976800321951506,0.20943133076707893,1.3225261544354259,-0.49842178534390347,0.6612904124592943,-0.23219275570790285,0.08719662646451491,-0.6063433290456035,0.9136237043781547,0.5902717779769137,0.8773143391471119,1.2814338469783897,-0.6077458580489157,-1.2605135386867163,-1.7209571205078695,-1.7237915941586655,-1.0031807669445236,-0.9129650756242914,1.7349783691156302,1.6225560711392037,1.7024253266562779,0.8628622497066649,0.1490177317927665,0.20950947950531343,1.0345340215153576,0.5313640010546415,-1.4893509846144617,-0.6011755404739332,0.14852085052484096,1.7866340869222814,0.2686094202417552
0.5049986842890432,-0.31704197852458227,0.04099694037477371,0.046649015921579634,-0.4943694657702468,0.12574978825128327,-0.144877648443817,-0.3368499860396155,0.9056945562054551,-0.7347208127327622,0.026009050268383713,-0.33929378430557755,-0.123388987763541,-0.21381578198833637,0.20984889523182135,-0.589781361288358,0.5810725310424787,-1.242004912667254,-0.7438244210477721,1.5135773408518485,1.1972724624952273,1.0247135359613133,1.5228036818779045,1.0993221310331884,-1.065690258052727,-1.1770398605407228,-0.46105248242695707,-0.7304100658633934,-0.03987922394364157,0.039600379772674034,1.2595110057619376,-1.1408344293853687,-0.3875930563498553,-1.4757378396012462,-0.7127532579190328,-0.7161107742392401,-1.350287550760311
0.2652265719349493,0.2531920626966151,1.215997109799837,-0.6744445333233067,-1.1297879646330355,-0.04644981263521421,-2.0472855774870835,-1.7531115780537552,-1.135033455698951,0.5358982701684105,-1.0456602657905802,-0.7950039831738805,-1.0529999608458847,0.7086578047291946,-1.43435489084603,1.1477877931951679,1.1084797470182712,0.6679211593794976,-1.5822757861040884,-1.0006279517039398,-0.39948236678255394,0.021980729822318378,0.8535236919637087,0.6406768376139941,-0.0543624535455786,0.33562913505522357,1.069305422934347,2.3885428074328128,1.2759196251098655,0.5565207809937903,-0.5171971164777112,1.9157937956458435,-1.057181139251435,-0.9565223049873166,-0.44715387903159837,0.2499807819718175,-0.31116971776998487
-1.3164797415333709,1.8949826847492177,-1.2913913242309742,-1.8878237083713758,-1.5868914118862993,-0.6319350641172092,-1.1663280063273156,-0.7851043697101995,-0.12898233212400803,0.33086886528053716,0.5381906458620607,-0.951009477237072,-0.5152953551785178,-0.004392379998606971,0.21646366370566297,0.01029146517884848,-0.13720448682428643,0.25075196002422173,0.6445841131032429,-0.7774474700952057,-0.8380455692348324,-0.6421194115447316,-0.8701119181687136,-1.556484519281959,1.0739590128147731,1.0623828399531396,0.4429063725922363,-0.06513476819612726,-0.45902687760189426,-0.4721407129400237,0.212687929562604,0.7214416477378292,0.6794404583534003,-0.46462505281465866,0.3475464083082092,-1.358661503617808,-0.1023949209493249
0.5178487027829077,-0.42384841825435055,-0.4220110684631411,0.5508870795273012,-0.2294818664056413,-0.08405282999751792,1.1065058231310172,1.295569489913739,-0.13659007594845562,1.528067330229525,1.1056905101970407,1.1204298732307671,-1.434027267706611,1.2662671058758663,-1.1696786461686273,-0.20565659585538054,-2.194842010857622,-0.6171734279369419,1.8523552282641518,0.7846590244607431,0.8236126072761989,0.7547324109210998,0.4796203013317625,0.5306203424945078,-0.9156206484709263,-1.4617879366717141,-1.179663826461491,-1.9102316280745795,-2.121217688444755,-2.080235369144542,-2.925388369177435,-1.5880586873944627,-1.0041345961083739,-0.22695480430096335,0.10661276635231026,1.0515145994127917,0.8621651611503529
0.028976201564344668,-0.3959396824011371,-0.3141366633171259,0.6952037519192853,0.13478768226705568,0.24766683531935454,0.01910768703354305,0.5267424148172503,0.016257639728922444,-0.4374923017225185,0.15760455520396258,1.9000142164024576,0.16826927351768114,0.11330491686684267,0.5306321872558907,-0.6731994465791479,-1.3434793856532123,0.06433343418662126,1.3147303127281627,-0.1337564893955028,-0.05225875694093143,-0.08048316079274591,0.14778965011320114,0.398928771995954,-0.517458356446693,-0.34586538407996864,-0.744342001043242,-0.17811077381779825,-0.4344881356010356,-0.523236043273891,-1.0110553068447878,-0.03957541229193087,-1.6487519983892505,-0.18331607186778698,-0.23788015849236335,1.025340782974425,1.64922577825559
0.7559686257877032,-1.0784334950674042,1.6086537493664443,1.405541247541324,0.604339270074878,1.2374381948144615,1.655732936666322,1.3616533530792894,-2.226287077376265,1.52581949077139,1.4194959890563719,0.20973371299596397,-0.9746252456406108,0.6987723544891777,-0.04987240886948528,-1.8915621035230286,-1.2819335003501164,-1.1465956503633516,1.1810029494895304,1.559446842657626,1.969621766303486,1.9386925958445416,1.9626883432055855,1.4196262890268887,-1.7103726990144374,-1.1817229124024233,-0.09724895869413877,0.39730973662766894,0.4891566350503323,0.26277475915672655,-0.2841482430707004,-0.5578566467271524,-0.32949260067864933,-0.05338402826576907,-1.7999834138174746,-0.3236737900515,0.5027105879067058
0.5647608766982591,-0.6534860773560277,0.09009471357801892,0.13054039858151495,-0.5575175958015446,1.0522076809663392,-0.033735585035116554,-0.269804259742406,0.24756022865004806,-0.7597674251226463,-0.565524763322304,-0.06777495459298881,-0.07535827936603097,0.5664202924147408,-0.18225402961456988,0.6346620533327737,0.5727790527908072,-0.12548679921451059,-0.5872358842570796,0.7101723829727459,0.41193581471539226,0.5661431598681426,0.6438002765590196,-0.5245419408870114,-0.8629734796575911,-0.6943258914421278,-0.10949615910491288,0.497601921993059,0.7574583762459354,0.7357824000349498,-0.7928556732241097,-0.6756582643693663,1.1931726036542043,-0.45139921821514334,-0.05530639709867748,-0.009958365320290728,0.2353152798657301
0.308799555690854,0.5791144420548896,-0.8448169157294193,0.4399153078316222,-1.036690243400692,0.4665696957355911,-0.8103491208532699,-0.3369431158578245,1.1037087537330212,-1.1457542454983662,0.19963340811147445,-1.6704444583256417,0.10160628377971741,-0.4717740230964422,-0.008856494577449879,-1.6371130431016516,-1.726987082546153,-1.7968072707828804,1.3107897759145988,2.029004844317991,1.1636611076699444,1.5030677831281694,1.4109473172457214,1.1385620731964738,-1.9367509726409693,-1.5419502470963522,-1.536935918427236,-0.650277334784761,-0.5854354944640549,-0.22042574315929028,-0.3523682594837477,0.10782502129978054,-0.19382886039825925,1.3783570614977285,-1.0257603878075283,-0.12116474795629431,-1.0171748355820784
-0.017673238645979975,0.5582812061647642,-1.2632125061558794,-0.8707168331673037,-0.5586098015007963,0.03975479319918514,0.38119564344596746,0.11645878703113788,0.5061671709487635,0.148224085708332,0.9737338523842212,1.3441403509863605,-0.5911957550146966,0.3038248733641566,-0.6488898453238814,-0.7876012396641368,-0.5507347090931164,-0.3233526911175948,1.02146153527079,0.6725868221483862,0.15040356801124302,0.022363401242724085,0.40365845305300446,-0.44645376188847935,-0.23638989892246548,-0.047114952580864455,0.10638370930594598,0.19772512277331197,-0.460616729646743,-0.46041662105739317,-0.5612563960008365,-0.9626987994689258,0.4080187852382935,0.9789735983345847,0.9353246076627934,-1.6535167256158985,-1.386073364217721
0.26963896679024973,-0.3565041695990388,-0.08689601338079896,0.18124464646096694,0.834669112886146,0.12439219592888383,0.31617160326370847,0.2019470871394488,0.5872345558064012,0.33262642147076377,-2.0982352384261214,-0.26593971556854257,-0.2699890988380819,0.5494038872486774,-0.3527594041395415,0.46009760224526824,0.8513626439980858,0.7462467807991325,-1.0835495973699305,-2.129745036081187,-1.8135647561504615,-2.0315993729802817,-1.180645014082665,-0.7124368942158638,1.7969154810203007,1.9905923236535492,1.6116900164387857,1.3887747537865163,0.1869552977166206,0.595091946218825,0.892659223563476,0.7195737676787307,0.44752061638370383,-0.09937108172845556,-0.3617694739034396,1.526842555789428,0.1339331127790152
0.27168572580008116,0.4924865205966674,0.7505284609365322,0.14534965289438267,-0.7850138555856809,0.6070883738632359,-1.3682466744666344,-1.465490254363879,-1.1763518668218376,0.3531301322753935,1.031169904830875,-0.7007552322800471,-1.6409775635246164,2.385193360416156,-2.6167260465701867,-0.48983802777643054,-0.414306754275307,0.6376059935448632,0.4256870161217057,-0.36627802702947715,-1.0460166431808835,-1.1652425264471091,-0.4319205519703459,-0.2896892345160171,0.4315176839202704,0.6659641227418815,-0.02083531596837914,0.6064304003416762,0.9320970018866777,0.6280778373517635,-0.894696749320532,0.6630037661255513,-1.537902827800682,0.2882893248848496,-1.052095886356789,-0.7977344292114834,0.08236680965949106
1.3284207336545222,-0.8733193161311491,1.2369771565653516,-0.08821694691997767,-0.12782275344830835,-0.6249569842222095,-0.8237407733256801,-0.04006415179375786,-1.8162742291706466,1.8774969455353496,-0.048039219143955765,0.6834054032112398,-1.9092964714047722,1.8079946572236891,-1.4149243787130028,0.17955724471539644,1.3755764184080388,-0.27806941625103626,-1.4652015250799002,0.6507628792591413,0.32347421731060794,0.04778655012946478,0.8117494859220598,0.7705553593920778,-0.20858107271254842,0.05423017243399792,0.6286191064644775,1.5461401412976583,1.663368007291828,1.4910633633646888,1.4690478365632094,0.31127708878720606,-0.9137095665965311,-0.3353110470521171,-0.11357934631085893,-0.7908962815160335,0.5285962827653599
3.019165647823597,-2.7107716676135842,2.8745072397403435,2.445499719362002,1.1533761255393642,1.587677434106492,1.058299305512913,1.2066455342910072,-2.9059700886241395,2.8912980478337804,1.0975300555199712,0.7291666655113587,-1.3094400040028153,1.416132711133062,-1.0345275115667874,-1.2153943914989964,-0.2848183028311515,-0.3628996115441053,0.43042832785897156,-0.18963938079964662,-0.1414586157904566,-0.5932751070885431,-1.073801451465793,-1.5003651516288743,0.6939144142809303,0.7491743922674501,0.6446927909394222,-0.27998662540526587,0.29546021511501036,1.3950106058935599,0.20901071026895832,-0.05807428435213523,0.008817468019405732,-2.795872521904019,1.2241193424120371,-0.1781037674947294,0.6201326572101872
-1.113377992977083,1.058011156903005,-0.34893007379898094,-1.1014574239831203,-0.17176009016778765,-0.9509802001748593,0.12658421890025842,-0.35201228711190075,-0.27146126587718444,-0.11240212208250387,1.0974216384338498,0.44325886536551856,-0.8536132520248223,1.2464011177117813,-0.6705814449388515,-0.33494447353440593,-1.4806999815541633,-0.7434221872881557,1.345757598125408,0.7089151250463607,0.27415972163780117,0.6912575871350093,0.34962125983771475,1.011221273668079,-0.8967959167378952,-1.3269995380295418,-1.3803789272234515,-1.455131112087686,-1.2892005284318835,-1.6608076499580893,-2.1531468546615957,0.6183586962167087,-0.565389230356521,0.05554897685213473,0.5816151407588075,0.9736216712534784,0.29509106620735726
-2.716304933115796,2.562056942117561,-1.897267235521659,-2.9916557203722305,-2.5569675503235043,-3.001940827248724,-2.474355802460243,-2.2429793139522367,1.95120872292028,-1.260051477177773,-1.2652552798275516,-0.3972131086115877,0.5350645677107728,-0.6874363362546042,0.989862864203367,0.18590069223330888,0.5317496646576617,0.3955303011648607,-0.6170839930832355,-0.7845191700236427,-0.555693885945214,-0.2702327897083851,-0.8852128102729343,-0.6252461682169734,0.4108075886056409,0.0978371903508854,-0.48178527227842416,0.04406934494099133,0.3699765537062871,0.13562564950668707,-0.09022486022587667,0.7493662304286749,1.7380907718167786,0.3394202411545692,0.16903372098885802,-0.62120199281456,-1.4317712612208888
-0.5579048192256889,0.5588002436521308,-2.2016305198394726,-1.2111566438118055,-0.9100281592643918,-1.6156832706991313,-0.01216886253749077,0.16051313789789243,2.0390630186124783,-1.5261150759613156,-0.3632495224194545,-0.3684295965046355,1.5173732745351116,-0.9592095448071294,0.7668521843239373,-0.9485607683103796,-0.933230308869371,-0.40448594782714226,1.1877322643019435,0.837131767230663,1.06572682192451,0.3322322580735351,1.4101154426198805,0.5883989801750327,-0.49891935359227013,-0.7710243082690174,-0.07266838452551823,0.12688460862305434,-0.20548988551442368,-0.9922388437985394,-0.0032171388386677464,0.4143297923403034,-1.2487182158708123,-1.5704454018886116,-1.3833097512798256,-1.9889206588226045,0.7974093613635641
-0.9781872193218532,1.850943793306525,0.26536422651397684,-1.0911456267122421,-0.7583169506890609,-1.0584874164918192,-0.5605555193384927,-0.9709357562290077,-0.8014983679469978,1.2662129384550773,0.04422721534390689,0.5148084360960503,-1.8086419170437218,1.315518962579223,-1.2596692829571976,1.735657922441886,0.3457403769273158,0.056303702571546384,-0.4413041672198655,-0.4370922697209701,-0.1888269260301659,-0.11174544668272696,-1.1253708232062625,-0.5784148014624069,0.12108529232328322,-0.56804188178831,-0.2792928761375692,-1.346486752401431,-0.8950820826450464,-0.6743853394328572,-0.8505562601803408,-1.3449460493123784,-0.9237776770431776,0.5323672681824936,1.5764568724580919,-0.9183823199444305,-0.14532329521901993
0.833940927667223,-0.7998679814244029,-0.4122966743158287,0.9489390004733779,0.8185946825150219,-0.04290293848722121,1.1561622046937656,1.199865673206338,-0.12423634931248873,-1.0447573517495012,3.1433751609672393,-1.2398447410132623,0.1697643303689368,-0.389488497317603,0.0848418439338706,-0.628990054988818,-0.8009753835403522,-0.11654372618823389,1.1525633994236097,-0.20891770634244497,-0.8961969967937127,-0.9677951721131766,-0.18687887402081646,-0.10480590122322786,0.20759614960358846,0.07927641340914146,-0.3696354409673569,-0.6374712666090688,-0.7710998721194493,-0.6616583597777267,0.0046842581307848345,-0.8236850534555609,0.2981312920469689,-0.24420070619569828,-0.6759569141600729,0.3993429231250064,-0.9484275255005753
1.4958491450364775,-2.0830378404252254,2.6373010756540354,2.3028962405920432,0.5114596755033577,1.8020168163236765,0.010839483276375031,-0.04921268524116377,-0.9294994634697612,0.9566062797418086,-0.05865187435117433,1.7205849249354637,0.10082074372311521,-0.08968395574607634,0.16354383525715777,1.4222964161545186,0.6668084415034169,1.9022380244331445,-1.0080137155991726,-1.9131496964559982,-1.6709746114536521,-1.7446573500201354,-1.867325457956104,-0.4382205281577945,1.3020888257025358,1.6298534989540625,0.9823748514291056,0.9875834698093585,0.4340332835117557,0.43748423297279215,0.5054873090318455,-0.3055733203600833,-0.6372271484808325,0.37159789976734964,0.8858239258493463,2.173822681951141,-0.43772408151880354
0.8078244478313895,-0.508871855993956,0.04277233076578809,-0.09429064822068128,0.21682921150561585,0.1210678363510944,0.06870819132308646,-0.44213557342339116,0.47107767439086673,0.037746123921954026,-0.5340096452982508,-0.07472268680557786,-0.002884725523878901,-0.348807686192367,-0.3817090575963272,-0.15111409746611237,0.5830918697881923,0.3897713606905166,-0.648310638279187,0.6364450047852903,0.6297444030103554,-0.14598972986688702,0.11308691469636359,-0.2450567349042206,0.35583060779962616,-0.04863244794559158,-0.03226692794886341,0.0034014450997507835,0.12046011857032819,-0.30221530210402603,2.458003914557127,-1.5081656228844982,-2.942876114818046,-0.21415498796475868,-0.3784793505285534,-1.2931776724779962,-1.3673152158398882
-0.340547206663088,0.12382246293639786,-0.7349523551481661,0.016122566982279794,-0.41993998870748755,-0.4364742897380835,-1.3865475603744966,-1.8135284497007518,-0.3431855342885173,0.8524720877228241,0.6244059018940759,0.6420990979256844,-2.05890185445789,1.810018178833935,-1.7965443478243897,-1.5764129636028728,-1.1177291451664682,-0.39029773912434573,0.8124448063227071,0.8143394613284708,0.5431041596799434,0.5146806873760781,0.6444535602170924,-0.22461928875671683,-0.039300329436017016,0.15592709543513694,0.16635144294119744,-0.07842878991623699,0.02568974536159955,-0.3173982436355439,-0.4774600255838766,0.18439749783931353,1.97255903411076,1.28061561162585,0.7891536137387672,-1.3299432494928407,-0.37094675181720116
0.7233227862866733,-1.398219781189122,0.14401665363411426,2.3578838352277693,1.906346733696368,1.7081978334471284,1.3780602088974714,1.8219583582465912,0.7154861287446762,-0.17446151872484236,-1.2619506291134048,1.2277726462752334,1.905435400294167,-1.489190185973348,1.6136799208554873,-1.1372495609968947,0.19565457345393358,-0.533854123337297,-0.19658358392066413,1.2070081819862097,1.2074945754323374,1.1808525314205867,0.9375030581454465,0.9142075788610292,-1.1036841271773643,-0.9201259209327547,-0.6059616632212352,1.0461387787356866,1.3350480463126384,1.1903173676637486,0.6070885392467881,1.3663500743320833,-1.0918636732800948,0.26038275789039783,1.2604419958335407,-1.5471225724248623,0.663405577935182
1.2139688221230076,-0.6523324927412592,0.8634364455821686,0.4380343194876005,-0.04611054663256989,0.16178181974536202,0.09761622871411245,-0.25567870325096803,0.7499817685762769,-1.2560371474974013,-0.02583300419235497,-1.8561628159829346,0.9834130154451829,-0.9502022906693506,1.0822287716277692,0.19881747532184793,-0.6786486417584185,-0.09539831525304755,0.24486590370280367,-0.6669849748332408,-0.47373746984816495,-0.8055464740811996,0.3248354395830121,0.8447976117358325,0.2445262434758624,0.29413062096071874,-0.8726813459621245,-0.6818278880355529,-1.2056790956003738,-1.6786146497141707,-0.13904941371286705,1.2077129578484616,0.5734605225720834,1.033167284388343,0.5990074965784088,-1.6718756519112243,-0.3554008938929147
0.655338848884649,-2.6560483625250915,-0.47866681798943916,2.356610708344034,2.5278241179807495,2.7953906820722185,1.7155287220789892,1.9786594414415253,0.3380113218182518,0.4713134204546503,0.24776697386511257,1.2250040465650343,0.5191677489138147,-0.11565444871120642,0.3815573344491967,1.070577761207953,1.110448895393152,1.5249235787186768,-0.9083352419616477,-1.9144724925945877,-1.7494402045967037,-1.179671957591147,-1.001698062400178,0.5451001210948755,0.30778375683779413,0.6119584291840158,0.5631795261340227,0.6118697941402816,0.9765266899561488,1.2500544571124372,0.7425633215297742,0.6978270522752748,-1.2742488468349422,1.1151160898971582,0.7071663142424679,1.184820240232282,-0.8598606796187204
0.5394466238219872,-0.29297387835002364,-0.226584432951704,0.24531244638529323,-1.1855743630949476,0.29139752188727647,-0.9949560955915672,-0.6272973852097663,-0.03284910526877699,0.4308311119506112,0.14549451976333402,-2.4211692833949074,-2.0241002333764477,1.1247727324639303,-1.4019343542703322,1.8205382910617462,0.592726302393698,1.2920078338486018,-0.3826902710104839,-0.5800850467445517,-0.9790579816981169,-0.6941669926520522,-1.0940154354650258,1.1141147074718987,0.11889241670301813,0.10024984453291058,-0.6816624421319959,-0.43038097637279127,-0.2956859080914645,-0.8803693066637401,-0.3578028199810153,0.6859635250982803,-0.8767008505797655,-1.079501340535239,-0.15062615470480334,1.4752691896355552,-0.28979853184062304
-0.13821331539528775,-1.2567671685191963,0.5460096787281732,1.0375013150342813,1.116523156468912,2.1278915528452083,1.0471055641566813,0.6954789160457128,-0.7081005500020768,0.6258095488725077,0.650786507101919,0.9110137959523608,-0.7328474615158201,0.9812290252238481,-1.3399250181280604,0.15011535323492625,0.6029167399823875,0.16202986583860976,-0.16911341008182357,-0.8795597909934961,-0.8007838523261033,-1.0848778630019047,-0.28013962984734075,-1.148866836122483,1.2830744309775013,1.640208404332034,2.1916590798215583,1.8806750901392693,2.11587267593794,1.7784576814491204,-0.3678276431194742,2.1672189532524753,-1.650598935519837,-0.7006309163367297,-0.48752736868285107,0.15172063627198965,0.3895944464432687
-1.2600876102529073,1.0838068297515586,0.03741266931135282,-1.3724222635797194,-0.5639309989074827,-1.3275862847996813,-0.7729472053394136,-0.49117556863139267,-0.2412916728730152,0.2373803675862036,-1.358830218775514,-0.020986812247727627,-0.4107143490660847,0.3418118134063205,-0.13453436248564815,-1.1783018746706515,-0.6157212076672393,-0.6342377168911774,0.8146557144279183,0.3164826641475803,1.122433829697002,1.3853250100094812,0.7884139098168509,0.544663869085654,-1.1932559067519986,-1.2027768580759552,-0.296785026000476,-0.1886064695641205,0.36597852561496164,0.12566598473187432,-0.033359957346087266,0.801621314142019,-0.7526145956722484,0.4847764573904569,0.08708101448391305,-0.496990668849239,-1.3206919695728985
1.0936738720463357,-0.6137272780448929,0.011250269301767738,0.5457193862450521,0.7438303874699052,0.20020415344274028,0.44653517898658035,0.5449143040657446,0.46372116774116456,0.5402805121635258,0.8428107162538993,-0.8751815338997947,-0.45283308085829294,0.12066060114375556,-0.4276359339287679,0.3030239311245239,-0.9925165850290834,0.47242921323087544,1.1734267863975398,0.47742247368155216,0.23860443203828824,0.09049882769068797,-0.01300153091507795,-0.7527144701579451,0.26459372206524795,0.34400613036080496,1.000202690257193,-0.5268234162298118,-1.6419512011664998,-1.6527551793619104,-1.6613420633201041,0.8830453119247793,-0.6539175614473751,-0.32878881132991233,-0.39309057008547016,1.7732137024743342,-1.0086316630088261
1.7015862651338662,-1.0306492381215882,1.4251864925342868,1.7145283400424915,1.9635565161279063,2.0314101494270536,1.157392580069752,1.4300145927662162,-1.518218709689774,1.6778825949415397,-0.18760482771314518,0.9700433042919694,0.2501299681631053,-0.16834044062655415,-0.22685893592779233,-0.8200828562234714,-1.1043795290360925,-0.07032481640094697,1.236799485626185,-0.3245356358832507,0.18041421515193518,0.4942268949627325,0.46753393132390203,0.220107570400678,-0.4127695983213536,-0.43748421423973033,-1.884580342741313,-2.0965623707078436,-1.2472350479726444,-1.8060792321908397,-1.5675583084444407,-1.4714462904510537,-0.13277381447250136,-0.2024148100779595,2.425523417688775,0.14785345390353857,0.07410837386461565
-1.4220106047447767,1.6892591985722065,-1.3555293143005638,-1.540154124458989,-2.445649031980138,-2.6731561291937878,-2.5379096936072973,-2.2276262811598335,1.5176971931429972,-1.1974359285840688,-1.2120813839274334,-1.4175826103837574,0.3623883995812847,-0.07815190766010639,0.13562408178738,0.41872984400331065,0.8581888592238371,1.5610945113020605,-0.9037022156212058,-2.184786525498902,-1.9306339959230414,-2.2790223579007414,-1.126239713794467,0.5352950425417872,1.3699685491051319,1.0637872293686723,0.6582959816840811,0.33686574598382846,0.826537169048943,0.7030618646273258,0.6557004380543898,1.2884962657513734,-0.3771986799556127,1.3160698298119802,-1.0482062526792497,1.0679814607967388,-1.2262698241445171
0.7575651105316655,-1.260222205332053,0.8781592650890487,1.7123568838248482,2.9001660638568296,1.8172772811526812,3.0792073372461024,2.6608416073408034,-0.6935537215576972,0.15939932609205737,1.0855780762519425,1.0224228907134436,0.6900020336089089,-0.5950920497714952,0.5420528120238849,-0.9383870044215444,-1.1344678829371153,-1.3780568174953234,1.5319594853959002,1.3057593832860204,0.7889022117334115,0.8087178176999418,0.5311593419485862,-0.0647096100245615,-0.937047346249964,-1.2662340872764652,-1.0494385478777433,-0.2841199301771584,-0.857381430959192,-1.2875568047978736,-0.8768417779447002,0.35814941778492343,-1.4658434925415642,-0.2738597966919161,0.9544049385426372,-0.5459716742093447,1.7917237976055693
-0.8367703457174938,0.8284687074849912,-1.2013301474573792,0.6894304311621742,0.8812665403063595,0.4999277324775305,-0.1338296735440002,0.4309253095840749,0.5383209279894458,-0.5635725899831728,0.7247132080125276,-2.026334266739639,0.4443670348806303,-0.5090773835220518,1.2406662958092636,-2.106670363660921,-1.5168964278369148,-2.005735932294013,1.5972294500736213,1.093854186555013,0.829764109125946,0.42899937944829936,0.6000512777323093,0.4593344438570515,-0.9145268618710918,-0.7259864318848529,-0.21217557244539278,-0.3380005910615183,-1.0526099149232462,-0.8513303873991416,0.10303620478963842,-0.11809767137636507,-0.5313177136927905,-0.9295353679209377,0.4675308311088708,0.017537872800962202,-0.19074523808687532
0.4531164408383004,-0.793991350280671,0.8215748877408944,0.27227779775124605,1.812115556854088,0.2857529162115869,1.975228481622507,2.099507731645448,-0.4228776763596745,-0.07243214138713219,0.5350526829433613,-0.4070365503498987,0.9999028967202799,-0.7191159153267492,0.7868516268933234,1.3596528204721425,1.2629418716876188,1.3305432345414379,-0.5285832546358712,-0.6588893997133172,-0.6003008741509998,-0.824004307591756,-0.41077974178522236,-0.6838379825554931,0.368319020004764,0.7145505533913996,1.1335064215128938,0.37973788521130836,0.705596514788681,0.2760070755883852,0.9755711272319019,-0.3648970819844069,1.475903868511412,-0.7949984814593861,0.1790295466735742,-1.2704859248947795,-0.9027411568877206
-1.4441424518298018,0.797605700362967,-1.1033690658245197,-0.45271347087900293,1.3108941027060466,-0.5501033721392237,0.2530401351258435,-0.03353704059973924,0.7000709887782448,-1.4979735687459759,-2.727393872235076,-0.19266242206407425,2.513929900355901,-2.1700080751263693,2.081753017158392,-0.21075588070537796,0.7957880949315331,-0.4169077837727161,-0.2841443205281669,0.021822840073434026,0.30992629016845386,-0.2841931234146213,-0.0915778338948406,-0.6745792612836936,0.3290928155409159,0.3791864050822509,1.1082180224215021,1.4977793196229223,1.3220876804796269,1.1321067901988393,0.5609129920145037,-0.5849144439131432,1.3550983482845078,2.2079340061330583,1.434162522370462,0.605481879288281,-0.8180621743276828
0.7724991727956189,-0.7242457947045087,0.20634305604806374,0.03344668732979256,0.4002691928162652,0.369331295378083,1.2221117767723397,1.0396608488259467,-0.5801981051129432,0.6240446914129953,-0.4312369342312288,-0.8822408960450483,0.6126512385981664,-0.8562222981374767,0.6152331317488041,0.0701756177545719,-0.37280639532184484,0.015748446118786077,0.4391607341621945,-0.4598924564595124,0.6658830703209072,0.2667986291275061,1.2635653879833395,2.0600130831532972,-0.880006873975924,-0.7093688708321902,-2.0108035055185214,-0.6954747494247798,-0.9003137534681092,-1.5962755283811505,-0.7727422447239054,1.2127778314693654,0.46631657076751437,-0.14229228280907016,0.24781533530864522,0.1649687151295143,-0.5023039249491772
0.4134147953859982,-0.5971986163622386,0.2664622556710381,0.4379242933191503,0.5061861504663997,-0.7084625932265854,0.7523701820595503,1.2253663776357855,-0.23951404545321472,-0.6995724990956054,0.4437020947521749,-0.27534599504428797,1.585793501891634,-1.6750661598893175,1.8290641984799714,1.0338690648473938,-0.39728184136581574,1.268696367685128,0.47657566232428333,-1.1217595376456326,-0.9790187353748813,-1.3078613666161827,-1.259063716770135,-1.930571083512828,0.9742847505023122,0.513575396266039,-0.09231893603872118,-1.034148251591721,-0.15889436851210556,0.2745913278002199,-1.5610484336171784,-0.06689101851754439,0.6775500494380252,-1.3231205436630822,-0.6892910433682258,-0.9259854967636681,-0.5842173065258689
0.8196836261290779,-1.3027300269039563,1.5683086480087265,2.3932991411698272,2.126396885512113,1.4841612294712314,1.501306476608838,1.9876712626902893,-1.2366440424515932,0.7371169453035182,0.12453984452945009,0.24167001331768687,0.4959577001868124,-0.3657519121419041,0.32617811628426874,1.931525705400102,2.4534017361206746,1.987528946990956,-2.1382016665136225,-1.9654904050478106,-2.3128841872110835,-2.6211135969481356,-2.3494288679596993,-1.9541257201703204,2.5012363982826273,2.5036463226157255,2.0229294857426123,1.6743952248944005,1.5642372929108808,1.8587449962518088,1.4412383260799557,-0.5481546102223352,2.1010245762039634,-1.7265547802207455,0.24114103871424242,-0.9124618145847656,-2.0218791736279442
0.6369715820984041,-0.35708286962373026,0.3841536396356649,0.6231289964608804,-1.5184622862715504,1.6264267777855383,-0.6684409498906688,-0.6771109964693808,-0.6151310149775604,0.37513540109554283,0.823796797597299,-0.32751285368886707,-1.8194897117209192,1.507860398371511,-1.5864106462782013,0.7523843500036629,-0.044682428821748575,0.7673076119371592,0.475053995128077,-0.5674941959100046,-1.2634330026622747,-1.1481711203723572,-0.3930907911088171,-0.27679446591713175,1.193400490891717,0.5822943951704509,0.9839825353060565,-0.9162717913878036,-1.7987954135089572,-1.8128158803281242,-0.2711518752032149,-0.8069173786054794,0.5840062337512316,-0.5867521768493934,-0.23571246359663875,1.597148341058499,1.1480088311356778
0.16849558218826252,0.17585740660492796,0.31566006535198743,-0.020523821243182312,-0.06798109989013017,0.024059635820251835,0.5911325835844524,0.7422467812056979,-0.7767499620050993,-0.08854708810217918,-0.6411951729318525,-2.542276980791094,0.1846204240058802,-0.8100756897185935,0.6848575356778561,0.12445483280627802,-0.32520232441487745,0.17125569675531072,-0.14056165291618858,0.09317709947063937,-0.1161701673874887,-0.6416494080719323,-0.010189324772768033,-0.039164083993620466,0.505771246823545,0.16036827930017308,0.632297403362603,0.3186137606652473,-0.23037246896493765,1.061888098620501,-0.10556192960447265,0.1312203406087171,0.658292285990045,-0.16051467589006618,0.4535616919847475,1.9546455689035644,-0.06051136685758392
0.7802075220298116,-1.1671932664177074,0.6112125180235258,0.4161938754555151,1.091783822440177,-0.34415971026125897,1.2287239821839915,1.2684575155209497,-0.4305774946564425,0.9121654685849769,1.1464149522321365,2.2834874336070503,-0.4244661293234369,0.7593340379161887,-0.8256157329396814,0.4906539310175517,1.9853499095165517,0.3108810283124016,-1.5522052519766658,-0.35217096436509243,-0.8328449934173301,-0.7031436594906617,0.06970798496713647,-0.14074821310228824,-0.07796185497940823,0.28235639809365787,0.5241222646281246,1.6406948332685476,1.900880334553528,2.001127896295323,1.9061798669403303,-0.3967326552831193,-1.5911739476384201,0.9801579692903293,0.76461930925377,-0.24113431331893,-0.07174713147285207
-0.47445036855388767,0.30073447091551225,-0.2665746089987649,-0.5912801413134762,0.9414392458487776,-0.43214954573914943,1.0447136259014769,0.49555011695934453,0.3217682334101134,-0.32043236212326853,1.2747359456413865,-0.18291487176091079,-0.17819824425576242,-0.10322186972380774,0.06415266879254043,-0.2803243196722724,0.014238634494246567,0.4264338920151474,0.07488142392983035,-0.8638247756232904,-0.5211391654887813,-0.19148360104158363,-0.5581154046736297,0.4865629166533278,0.07514148657634012,0.07305869677308109,-0.3384751734852582,-0.18666044611393637,-0.13661351277068012,-0.23238852221671857,-0.5416040731251089,-0.6239079729183983,-1.1308949324953979,0.8837539636901219,-0.9143901369590841,0.041165697056426545,0.7267852205969577
0.5639899587973561,-0.5787862010173742,1.2334716754957444,0.07076408666981573,-0.20242164132340507,0.48948587061186466,-0.030045042778197514,0.1876334265096126,-0.714480504996499,-0.5792422428100296,0.17957545552353504,-0.35861631791071075,0.7709924951881736,-0.9217576637129099,1.583777624127797,0.0563914755410978,-0.6521023990934408,0.8455036598390707,0.9157042643306132,-0.43336332187683746,-0.13536169973253262,-0.39503068108202133,0.941392718559211,-0.49283269838178473,0.5247818941876263,0.5298231841386322,0.10320773325589726,-0.783132702285339,-1.0123776590708222,-1.1001118473009617,-1.2002705570070025,-1.4149290165609594,-0.0310583995367222,0.028827217477847365,1.1484472452233596,0.37519627961437046,-1.0421994840001239
-0.5832256563943593,0.413260686055772,0.16352102540285338,-0.905359534555003,-0.23570383268775516,-0.6624577018692756,0.650869452596469,-0.29815425498842063,0.09186990596846911,0.37393305951775463,0.7176329901066538,0.4592831148027439,-0.2773403884779329,0.24093700000185364,-0.025352012036446943,0.167052940205633,0.1362684036769745,0.6300547712021825,-0.3524087750003839,-0.8487129094472052,-0.8276244937803291,-0.8140796080515538,-0.4837925671458676,-0.1452610478105776,0.4807553036722778,0.6084209062333528,0.09051825875077199,-0.7773352328414252,-0.42904850002533573,-0.7224442271019541,0.7385431400601671,0.9166235329100662,-0.8200839562982009,-0.4170315192760246,-0.30772775530791685,0.12184717578289556,-0.7622976086587379
0.6142129441813468,-0.5575910589825122,-0.5002073137939419,0.8924198878920694,1.0516099745922276,0.6503126627878011,0.8379392415982326,1.1413233075133373,1.2087390863770409,-0.09100123549979004,0.299826539023837,2.0333650508229426,0.602121180319159,-0.4437340956361403,0.3495944319559538,-0.7808148981563878,-1.2023397541459173,-1.2463965752939135,0.920780595720409,0.7912472818419267,0.9944986977928916,0.8525475674039427,0.5858556515260805,0.7432591408471092,-0.7950852851365287,-0.5511129687932093,-1.0486155644082324,-1.4019645104259553,-1.4788882121201274,-1.5514622995621261,-1.0262891098897873,-0.17608885344260553,-1.0141069373431368,0.37325871880478567,0.39364658092100635,-1.7096371351809818,0.38625013638441863
-0.21575755908911967,0.3539600842306893,0.22683403434268398,0.015445987729991686,-0.04090022905268695,-0.3233469186273704,0.039225065925144034,0.25508720507752375,-0.8812009462616983,0.8573949565488017,0.3047424557937729,-0.5544104006911421,-1.1515095575976693,0.9267900364886023,-0.8931096686709286,0.04118797077618828,-0.9448788355438826,-0.09981637588207479,0.9866866303614877,0.17808706903335955,0.18039898888529057,0.05116600501119003,-0.1554657881505076,0.0316635424432621,-0.4496495375897352,-0.5077802854716074,-1.02305371864466,-1.214620215620732,-1.6364363372660746,-1.4724797812328174,-0.21235758170253086,-1.1192747882236558,-0.8964828525667324,-1.7059330728631203,0.5677730065250065,0.40309192092519947,-0.10670362992708679
0.47587064896661424,0.27241771057784425,1.442084188627401,-0.3439433919201011,-0.9797608884950413,-0.9979957547610672,-0.2806521971673841,-1.5058807780943289,-0.12249738567852744,0.44121310270175473,-0.5549790094928185,0.2470551797094295,-0.6491646110817592,0.5170332044758912,-0.940743979288291,0.39319890643651967,-0.7090620670213719,0.43086167893819677,0.9408693261685683,-1.1977932887808216,-0.2226103134567008,-0.9818673783522359,-0.809027279651561,-1.1517161732181012,1.1135746920261436,1.145854089778817,0.22737037778243754,-1.013364893400274,-0.34964473890771863,-0.32155778336742163,-1.8720570126827092,-0.30873503284059167,-1.4475636207929299,2.007540870218313,0.31710918965165735,-2.1253062069431947,0.2799555188238769
-0.3130324669231354,0.34523183494513293,-0.3776143597763515,-0.6010789325957275,-0.9099478015090078,-1.5505333524649734,-0.9246869775868761,-1.2358812511230413,-0.5730020600332656,0.6701096900220856,-0.19599190903455463,-0.9798501204068923,-0.9474339544249486,1.3409674233745597,-1.8451517162269295,0.5457500002007616,0.27447191601549464,0.01198251349275515,-0.6305539432176082,0.18261590334837563,0.439560836326093,0.08290233788859634,-0.16533378961013295,0.56284870019017,-0.1436346037575519,-0.15952140928049016,0.0869093826632809,0.30009678545642715,0.8322777612888634,0.09652150211934497,-0.46604163179463304,0.5081433245902782,-0.8037303774084626,0.6863835532560556,-0.16133938029773365,-0.7632932242536685,-0.12154465041632252
-0.2934046326579397,-0.04356596701209441,0.3823175741009135,0.3856790555428071,-0.6233220430952114,-0.16666913853432422,0.14906962136000707,-0.5915089619125122,0.4814229685083773,-0.09831228210297747,-0.1676508259409306,0.6220592399869392,0.10753488324756143,0.49551429793190416,-0.23039911917025355,0.46465559186282646,0.2528806378656421,0.4348385929474512,-0.3734501584582372,-0.28787519520126315,0.14404292469467306,0.5821907402369467,-0.14275484485198686,0.5516585111008984,-0.7976576389285368,-1.1823789072269213,-0.8562076536789937,-0.30438209889208967,-0.016121150501692737,0.5979754944920892,0.9749729986654749,-0.009934545160437434,0.3479233365937192,0.8983348072886791,-0.5423825364562472,0.48103801061056856,-0.2739226716228726
-0.24830138744020622,0.20716281890312127,-2.069728222570391,0.6476794857972067,-0.8557673805562234,1.27472530724128,-0.1626169285748453,-0.5692280118855678,1.9020722805968229,-1.8879563340558325,-0.31500987279890474,0.3041622895267133,0.8372241213777416,-0.8848973894658578,1.0560951316993548,-1.3429280486210005,-1.5776750091802358,-1.1697221898441679,1.1583836724665435,1.5772882013356004,0.7358981906194131,0.8044894751721823,0.2518950491332431,-0.31709083318300413,-0.5200503313537946,-0.5979827651074058,-1.0517522175867255,-1.0311896249454133,-1.623640859561685,-1.0580957337544248,-0.5784606776587068,0.15152853394529328,1.8316527041770971,-1.0342980580402423,-0.3218801385090391,0.5760801482314009,1.3084001971499057
-1.374648389800669,0.5612687292186864,-1.6260446441951844,-0.015763591015433297,-0.13381877708964546,-0.25300697859182797,1.5814806373952297,1.4944496553382856,0.9133114129955969,-1.154360286192299,0.15729863450983547,-1.031753817150973,2.945551938620294,-3.094375363580501,3.0224531332256075,1.2705158363541662,2.4798564074132976,1.6243970174690927,-2.28106835407779,-1.674767282729587,-2.02749672545988,-2.008681648088877,-2.9093176800056466,-3.0605384895227865,2.3705852564275434,2.385652757570723,0.8208107128525199,1.977476732785104,2.5834859444529314,3.0845161921313102,1.7991191847504677,0.003714530112536102,0.8138995788764863,1.312170819013689,1.5197976193705596,-0.8410708956029003,0.9610026797945496
0.858775663482847,-1.2554082803577802,2.247936840727637,1.1467345682660408,2.5936055061276386,0.824227658188818,2.028240706512602,2.5669638189679023,-3.288817678050635,2.2622138898334425,0.7851926718019818,1.5841957256237948,-1.275706030053433,1.370202798253465,-0.810620203020888,1.1860790728691644,1.4266431855048365,0.7847802773248034,-0.8221422483798417,-0.12227486045010112,0.10174400091304621,-0.5101688801830154,0.45004957774476206,-0.4656635722396343,0.3791713514985375,0.25751143590738435,-0.024557540903279475,-0.2738285018331865,0.6683599127853228,0.7505633232961938,0.9808456869182981,-1.3100767699197953,0.6501098891032812,-0.4228544516924558,-0.9211963911623431,-0.4876682379203864,-2.4065346330029076
0.025833244406677388,0.2305947190524941,0.5436776108154978,0.2419353487464454,0.3757622628034121,-0.6785591832911845,0.660506725292444,0.817387843537004,-1.384592748873901,1.2546684397357206,1.7456246603892946,-1.15991321381788,-1.157347220008305,0.9872402790905376,-0.8606964780113798,-0.07819696931470825,-0.08352908896416686,0.48602249233490946,-0.032203814092315534,-0.1910921428551129,-0.8811412084239053,-0.6604041866229418,-0.46497276654547787,-0.25403032573328554,0.28571804270546336,0.17019683021259313,1.0650686737410309,1.62947221633313,2.0052623677064148,2.2206994657488366,0.6992446237295613,0.9058208674481752,-1.651210378374926,-0.9132359203758902,-0.773972837911489,-0.623748013223552,1.3526258769618582
-1.332095464507535,-0.6760222251403769,-0.7835268873496573,1.067598249043892,0.43556802055659255,0.8584145212963598,0.6309037177690008,0.41867039958404606,0.18750845052192455,0.19082265108245955,0.10296585822113664,-0.503066854954501,0.3889655252252705,-0.48404566610416483,0.7099829098944916,0.4831602610734715,0.2915743672493277,-0.05069484282318688,-0.07487062928412788,0.06031122316284535,-0.23749169405065781,-0.4995163877443294,-0.08027510496121973,-0.048784646663869745,0.11628215668686734,0.31997241000724014,0.26014529835686334,-0.6639049080753814,-0.4067985161723792,-0.9139275413018341,0.44090833573901056,-1.739632022555768,0.1237287567423227,-0.0038548101946012793,-0.8180581257841059,-0.1302890702816685,1.9935301591238903
-0.5733401576897231,0.3666263035765664,0.8622891887833111,-0.26695856019885544,0.16832571531699145,-0.4410844979841659,0.6181524229500677,0.862095300060584,-0.39858492669534457,0.6830167501720336,1.1963430410965497,-1.162381879978634,-0.1499677611795017,-0.03514912371622222,0.002496053686468026,-0.2007194898857938,-0.01686135995476185,-0.5798133082601077,0.03333508086206889,1.3367899343824765,1.7164367594108,1.2704538862869457,1.0767118042611377,0.644444338513492,-0.9246990409069159,-0.8475104963854869,-0.16743805337845308,0.08119895858945458,0.11651877607969655,0.375133286904027,0.04862376813922384,0.42092047372575486,-0.06595935186143409,-0.02713500656483462,0.08452578305539328,-0.05385720249908384,1.1178132495619584
-0.630137419840466,1.0804523575963498,-1.2026242804793772,-0.8992219636324971,-1.231486819307609,-0.9047759804949612,-1.038220347968441,-0.6818071458025189,0.5745514785121073,-0.6951429884076222,0.0273107896707436,-0.4894591324165461,0.1080886215769909,0.0452817274218327,-0.8551984568200645,0.7848218738037394,-0.0734611943729296,0.49226618549769635,0.1579131411426264,-0.3836157933738448,-0.6416092585807492,-0.954085283997166,0.11756712550195252,1.3055447697346565,-0.4289406282648159,-0.3198490765905398,-0.13782362013713334,0.20069179475210505,0.38811472675514525,-0.46480488107194456,-0.9984139245412547,0.5742995597079937,0.2983317559553123,-1.038662528853415,-1.5827334957864463,0.6448980621126909,-0.2483624094251109
0.3850628065781556,-0.09362359446222714,1.143002461721489,-0.20329627725859448,-1.5056479206145628,-0.5000024704376509,-0.9424175155804938,-0.25204594849745554,-0.9231283389752988,0.6975589690023868,-0.18514454002247605,0.32036365101036457,-0.2607718281718524,0.03147800292821276,0.3400075070649927,-0.8089476145169339,-1.5293868574406344,-0.6914320928320552,1.2826955900014159,0.43470138083830645,-0.17086698281472704,-0.006150933827651691,-0.22466134782775404,-0.4634461366978958,0.24717066083149286,-0.203828872610466,-0.19513102499813736,-0.5881826122215488,-1.0561690667600303,-1.3544299701175857,-1.5094467544861612,-0.2575612183125765,-0.36509841047704755,-0.8558677831919236,-1.410887022798009,-0.5464218455978183,-0.6969857269351086
-0.23426631621700483,0.7021467934909668,-0.75097300544435,-0.2226202795179767,-0.6990442472322405,-0.5073430981574848,-0.4787506282180397,-0.08373423707119117,0.28760107033002885,-0.3352034024688363,0.06991975650136677,-1.4223267388281067,0.5770246098700833,-0.9421835523469761,0.5629193970949025,1.3857079835180666,0.6872721724826553,0.030462996264857232,-0.4918027540122822,0.050888549291766394,0.3413540654117578,0.3079514237151556,-0.03766933146049846,0.06820423949985459,-0.07483348017407584,0.04630331376518247,-0.8835027285672103,-0.5672278292997875,-0.7440981471432627,0.4816711365881889,0.2277077545697514,0.3132663392428035,1.6949322144882164,-0.933818931469552,-0.3138075399168154,0.34834377230631564,0.6417214235827357
0.900941172665279,-0.575059471101201,0.6992297518377828,0.4042473981950238,-0.6839921921323443,0.18604948756014028,-0.0424830542469596,-0.03272490614806819,-0.4486819904056806,0.13176099139562544,0.029370119545438056,0.10003254856062349,-0.06525266706954629,-0.3540976471670248,0.40840106633357653,0.7341970369819185,-0.563973055128015,0.8540381776634782,0.4673380093839575,-0.9870718471950062,0.0582093070751779,0.3198207880199331,0.15477987265586501,-0.0008657442401364845,-0.595443079151934,-0.8738527876784983,-0.9444607478826665,-1.1842436027538557,-1.2847247827103567,-1.2739721520503178,-1.1835484900676922,-0.31460926505334824,0.05598201430436218,-0.9243439489832458,-1.3448332102207579,0.4826346092087171,-0.6307367304347788
-1.2362984386926121,2.2178968861940875,-1.980894506936199,-2.477055447106982,-3.0664700679341172,-1.9891638129151035,-3.622373218984856,-3.9090300758618044,0.6364498368164501,-1.536030777184467,-2.221439399920525,-1.4524123441609296,-0.011715612746962438,-0.33097442060343124,0.0764765873043077,0.7578316169753884,0.6767842202096143,1.4797226629997857,-0.159051616770869,-1.166643932930732,-1.4112662258961648,-1.0064459948865823,-1.195748814432289,0.17732415982216926,0.5488817714859364,0.5177939148820044,0.07801873222494206,-0.11778909166174702,0.2034048574966723,0.17139166176009324,0.5458133886991625,0.3252876614455069,0.1552251840677207,-0.3512505200339476,-1.262995296705912,0.17235727407711243,0.2905908038694496
0.4194940252931608,-1.0730571323744356,0.033107973543718056,0.4531320917531895,-0.1651567412112187,-0.9338730278116839,-0.27418366010425355,0.3142856223565547,-0.2085990991908542,0.08896736831359142,1.4992626599882188,-1.008180895873726,-0.26054976863472923,0.0988160112519059,-0.013363020776541942,-0.08725801027775597,0.4891511878230386,0.2302755603446614,-0.6322796477353828,0.3828873759400617,0.8892324847568257,0.6298998544223239,-0.24492867886548925,-1.3774812065494326,-0.10418947348988321,-0.3897870252264464,0.6220633575220437,0.328833636586478,0.4022974715834671,0.6689695597997828,0.3768926837611024,0.9500459308953177,-1.9963610720210994,-1.3477494662195553,-1.337295431309643,-0.28783825276992175,-0.06655530461401025
0.33891795055239904,-0.2216732778867964,1.1479661738980382,0.1562054305789246,0.5264146898309721,-0.8379047499020659,1.6861221991045132,1.4825232183260684,-0.568237844778001,0.3407301010687776,1.8101564305316866,-0.1717828584391717,-0.19709498701864792,0.1645003456580545,0.37788209125622113,-1.4178153716283663,-0.9537358840835213,-1.3477856301945754,1.1766640633938288,1.254227468897619,0.6829232978119445,0.6431072445447884,0.6078993569379469,0.29655132079290997,-0.20189293345442974,0.05503406416562072,0.1612249664086743,-0.7530878853606073,-1.1047603672238115,-0.9772598680997491,-0.9346843434394351,-0.8274094547118247,-0.10640683451074882,-0.6531974266109726,-0.9018628107883603,0.15462472329645202,1.1048440641922366
-0.44852014427205933,0.8083281715109891,-0.6633498562850311,-1.2123677928056782,-0.3964053607110383,-1.266024833602261,0.594370177758261,0.1745488722816197,2.101187128725384,-1.8003034118493264,0.350448741992405,0.3800390052659114,1.824973725196507,-1.3221491470540019,1.4246617646588098,0.9191195447525092,0.6201763594558811,0.26808027927272016,-0.053044077183014716,-0.18084005087533772,-0.21903353577107268,-0.2980054847296773,-0.14257375272561423,0.23425150340073025,0.03565186608900855,0.5251750433058092,1.219457718627827,1.3152275686652584,0.32621829795884244,-0.1723500898103149,0.18018650530869101,0.6324450898135723,1.1726669277275443,1.0756980812102421,0.6824570840839647,0.7285885400481267,-0.4138161869355167
0.23764617637112959,-0.4472331731972259,0.5069838969652383,1.7495950000998037,1.3264915272293327,1.9284354735626579,1.2552897629818836,0.3201431497486416,0.12789264700166939,-0.3741033455763724,0.6865822845779954,1.4071975513834378,0.5967987557714305,-0.6243801653557833,0.840927537681567,-1.3841769369906711,-0.647870775628571,-2.0940306703817737,0.9423957215011595,2.2829950671507495,1.989620241373697,1.4941204662375243,1.6411892938680037,1.1809967384144726,-1.00947563814779,-1.0122428093829534,-0.09284512644957364,0.32703507081983024,0.4543486708885879,-0.049605210513082004,-0.49098860660240434,1.646545826656606,0.5680454481241476,0.8548455533131804,0.9078377529138562,0.8164724295712709,-0.46421212651153665
-0.05866922294105047,0.7365930781872465,-0.3733201680296023,-0.4253576046381345,1.162844903362321,-1.1494548755216987,1.2941786213021824,0.7015683635740289,0.1554462675210343,0.03269940822666707,1.1672211757602793,0.7575403605450176,-0.2794896737776128,-0.10914524889526463,0.03896001550616799,0.9313691757328019,0.14349890834164442,0.00846717247197013,-0.41133041136983756,0.528285515324635,0.1066874629424207,-0.26292250387486665,-0.45472118562189623,-1.1441390180314557,1.0198293700182002,0.9344270176056677,0.21321150174606843,-0.050797960435739906,-0.5643731647489014,-0.12853629450343956,0.32517434618243984,0.2247870760631152,-2.193070300835969,-1.0101303444284098,1.8750755880676302,1.79756431909566,0.31143794032672434
1.2071188606187946,-0.6812197377915423,1.144715119562833,0.3340097177757592,-0.24047658317551454,0.6035360948146049,0.1148467405094334,0.27460713808296583,-1.3053607343623375,2.5399848980962676,-0.9006376837082763,-0.1254317060100039,-1.5458694402895106,1.4658558313758958,-1.4717207318218073,-0.7660619302074844,-0.08024573535962512,-0.7405187893323285,-0.2233223087539943,0.5078442458828387,0.841797518781177,0.7583302738713056,0.22120993413448142,0.27051173631689884,-0.5052050469064322,-0.2099041529070518,-0.16279171885921673,0.047743961244655915,-0.5760360062021193,-0.3649975127218608,0.03453609980373595,-0.5396167509248967,-0.4557254780556889,0.9891495837798504,1.838286508395676,-1.021928077921628,1.781071206807552
0.06507624411001856,-0.9210605493173573,0.5585556889444598,0.8885440295659205,0.9315079610901312,1.664075145128256,1.1296475733278994,0.8674107795390024,-0.15659096762033914,0.5557622824316101,-0.16549367355961975,0.40183500948122347,0.5325630982100822,-0.510553730685037,0.37420736566919754,-1.5953126336118701,0.4281056537295965,-0.38085658490588525,-0.299994572608052,0.44778335058490476,-0.3092227298373437,-0.3099483486790543,-0.058559466134779796,-1.0109105907811062,1.2332678651356657,1.3361030886891627,2.1172795954562047,1.097090521422212,1.962691149657725,2.089011965324316,1.563039783626922,2.2149523364424075,1.7660413204581822,-1.9226718133672729,0.7377487955995711,-0.4691461042464544,0.030611685354946506
1.1354711131871882,-0.7607176300886803,0.33366681628825345,1.0252384968825763,0.32406246073927564,0.6677072513881464,-0.25658953631058334,0.18185915096705652,-0.8052778416163499,0.45044275358074465,-1.837902429511535,-0.5389442504211147,0.6627439700778022,-0.4702525462649952,0.6802980660230264,0.020659357782590655,-0.7028134380072598,-1.305963993485119,0.6753754344101691,1.5644270416714483,1.4712879217577748,1.393279120926511,1.6526731617913872,1.714468489739995,-2.0467973179216084,-1.9880206856713727,-1.2196226445887195,-1.7413729109976137,-0.3254669397167994,-0.016656217911865476,-0.3243601271286999,0.04967615547813164,-0.15118186312388404,2.4536398121765934,0.9801022035412696,-1.6485024881054282,-0.4393223075127578
0.826722451720134,-0.35331030389736995,-0.011588725728529517,0.4030763003949861,1.465306575932898,0.06711194045704802,0.7928426320138378,1.3947166916885603,0.08510677609725659,-0.17544980963088583,0.2071734721131093,0.68502811168265,0.5631147361873674,-0.4202435947999072,0.39660448149699434,1.2232405377336322,0.8356114999527057,1.39732089001387,-0.6738346082411267,-1.1100994915903153,-0.5053011478994106,-0.49631040001153826,-0.6399694601885567,-0.770186480113235,1.0517138612030839,1.1067537883547554,1.1948086303665102,0.704452358222551,0.375515727604042,0.3571495371226304,-0.31677920316323477,0.1918922494881957,0.3305902042555691,1.3297579215209392,0.07985494371584247,0.9087583251902972,0.7642245942404389
-1.2877708890328434,2.053144660182206,-1.1781400076723276,-2.3216840962073335,-2.094176543551623,-1.5381986159116532,-2.080940834774884,-2.7705456658309258,1.0958897752556234,-0.9791635694030525,0.15654714892746047,-2.1941303885390107,-1.1520953190285557,1.133153468989169,-0.8449780367824422,-0.9629404789690612,-0.6810831507516862,-1.1769931035749113,0.9761644013874218,0.3007823815398196,0.6200079163114971,0.34934308685740306,0.7248289129681044,0.2313398168611396,-0.39477034003362643,0.16577353157230237,0.7066144968855229,1.0194866922418986,-0.037047773007067235,-0.023575465645979378,0.6614089576722064,0.21264788370607046,1.6510713071429826,-0.5221320141568285,0.4702097747049483,-0.36311622008839634,0.6325529827903265
-0.10611991345828986,-0.011877074583620528,-0.3636000161717385,-0.06458694136688324,0.605245768445503,0.014822387572913636,0.22732447694541902,-0.21216991805944457,0.14023724178210456,-0.045677898697281,-0.12533726447284171,0.1398982364329007,0.2719972905634159,-0.2888193917924893,0.20666183611252345,1.6467935120092179,1.729918054603702,1.2655320367528198,-1.6544798890683483,-0.7089053660338253,-0.4138141644928086,0.24813449499906848,-0.5615539945400438,0.15010999802466854,-0.2559151032181988,-0.4299187079600827,-0.036855337379349234,-0.05661793927183699,0.552879095244953,0.5280125668748595,0.8476127983319414,0.4073053925989853,-0.15522848875138753,0.4158956667700023,1.899778494308947,0.180298574007088,-0.9447669887085388
0.8247097528028378,-0.3801697439585965,-0.8079782198039572,0.1958666544193581,0.3500757461915974,-0.1979599815294537,1.2185962662272085,1.1671227742980366,1.225941584784111,-1.0330673469300693,2.643706400030747,1.714360775254289,-0.00032958893083792526,0.09278341316260648,0.23391629184947768,0.687930493497911,0.03310315701705773,0.13747876878197732,-0.2276244613541645,0.12464903629453457,0.8240017171293124,0.860932105507508,0.3895827615206168,-0.2866218783072774,-0.5657801043948903,-0.7043461305317327,-0.21297416591394758,-0.4278464345849559,-0.19179310016821133,-0.32788976947910786,-1.0743521684739585,-0.37608610201526077,0.8078375934493915,-1.3596313339695172,0.32094902793190744,-0.6343028328478201,-0.5524099279007174
0.22711942511708583,-0.043365156078957384,0.39108647998469337,-0.210789694106371,0.9160620117790322,-0.00774126218019601,0.05084756370736311,0.6634849268230109,-0.3772472709269685,0.09793435619371856,-0.35156773381696826,-0.03050524612966699,1.1278102254576852,-0.8792478472901052,1.041127341388398,0.17915799738599855,0.0184651924109364,-0.5144117388706659,0.023787176367285865,0.751187039506333,0.5603132716623237,0.3649033783042428,0.6004000213840092,-0.43334182733425486,-0.4756375121364346,-0.24521465077396623,-0.002198094893061566,0.23408767627376975,0.5804629009672692,0.35020113710887096,-0.1541913443669344,0.15052991315255804,0.4212094205817677,0.09532359833223508,1.1061773070123166,-0.3552735062279305,0.9900390728208517
0.062080851072476906,-0.37837048573720405,0.30727559205221894,-0.10315266430200211,-0.03696269186331192,-0.4727682875446776,1.13645876918102,0.6876717023614679,-0.5384624985842935,0.20817695363051145,0.731817601471532,1.025110872203156,-0.5269912146982753,0.7824658825418686,-0.7032778480462606,-0.42364203053123384,0.42504863184574987,-0.3176287407839698,0.00549127690261352,-0.19678369672316778,-0.87506384074395,-0.7122466114218096,-1.2684455290969812,-1.5688723608470239,1.2622773120508717,1.779692865108464,1.2001591083728038,0.378033669972393,0.008641544334274404,0.23605428889900784,1.2774958273611356,0.9094804333487447,0.638900486984329,-0.14771196825490288,-0.9899620245661275,1.2024067934804894,0.3584724441205481
0.12481425060265638,-0.308329070553878,-1.1433079608384806,0.6953960395571999,0.24841845794074782,1.3488294214158036,0.44270702010059076,0.49885369010789243,0.5441218502065707,-0.11274073342381172,-0.020244124712230117,0.7246226043381037,0.15587404774985636,-0.25960908183304815,0.4562786673654136,-0.3526890749243338,-1.165557637469863,-0.18933225315753024,1.112506877230705,0.26410893431913923,0.2888419625456385,0.022031499362908692,1.061265047764206,2.0462080347644287,-1.2097530416052007,-1.1169660220395485,-1.545271566745858,-1.980880250764602,-2.179505895377479,-1.2483405967822154,0.029903989005671344,-0.41046530414582755,0.38843632768070396,-0.7959576453457208,-0.720751158567085,0.6707927800501935,-2.3790805399409187
0.5955219828530965,-1.782743572089656,0.9955320406996178,1.7961055871594869,0.8255912299607969,1.3120966832878056,-0.022831340389624782,-0.46932543955871453,-1.6043740146319228,1.2417233998524408,-2.064583131644393,1.664575003341148,-0.6208610145374237,0.9843173969328599,-0.5952444567689433,0.45737320008750726,-0.8387834656371662,0.7137051735699425,1.3990817220200156,-0.26434668866028893,-0.29926609375375673,-0.27511222235349514,-0.8699419319392969,-1.3023324750408556,0.5375667007030432,0.05220768669789379,-1.1193728868501207,-1.0860022980392874,-1.030745070715759,-1.6489707570550867,-2.0535264488684253,-0.45686005396937274,-0.5554849546546224,-0.43135733285018724,0.26156355287136807,-0.13901055992260802,0.40945598394499244
-0.4148211495541584,0.08211049046379226,-0.5636564151151816,0.1416266397301496,-0.022863531267234415,0.359916160945192,-0.35553213301979786,-0.3540675922162841,-0.4825413122224203,0.7229242691079464,-0.3941367525947116,-2.8893960533716108,-1.072312249965815,0.7097978315826841,-0.07362537202589288,0.8805593923641488,0.3560083513073411,-0.05629809925918227,-0.10817169004364069,-0.3017170898973535,-1.2369402737325605,-1.0587713553084055,-0.9927471244739192,-0.5972384289991273,0.7626847783356416,0.8351195306625838,0.4581796164678107,-0.16355116450935997,-0.04878961041499308,1.0339581119174996,0.6588696549665657,-0.32949467832670215,-0.4538133657939147,-0.5293557665841201,0.09876163439375743,0.7447429352685235,0.829366610791557
-0.31243073215670086,1.1819721352324022,0.007765222498624633,-2.0011154963262117,-2.7867354428059,-0.6349388669627427,-1.995391567238533,-1.7504967749734373,0.35899355564525937,-0.4063435450926194,-1.694782151546038,-0.953232469964216,-0.2879173117045409,0.10708545482864933,-0.33328719018463143,-0.5842899520040258,-0.8129171164270236,-0.09556734836484636,0.9877725967478742,-0.1539942030400494,-0.6554203332883733,-0.45732197078311704,-0.523993446220009,0.06129095681221619,0.5564129562339216,0.38998449111103,0.5854099768916982,-0.28101436449829187,-0.5947770847711413,-0.2039773079865945,0.21572328163562166,-1.1317556289615445,-0.8680862844380292,-1.0916289275039133,-0.6742569943736232,0.7669400500222551,-0.8371714362698505
0.8314677624268495,-0.8109567330170826,0.4152215467652338,0.4967641759848194,-0.11391494178714026,0.2957983411953364,-0.8579630525072718,-0.9099983588570879,0.6023679703037768,-1.4425001018731236,-0.15679450207946508,0.5022482696744976,0.356053894944035,0.052315969151822427,0.22881284750010988,-0.8010526728466084,0.975003174941751,-0.2760504887785634,-1.108821903404166,0.6478847542573329,-0.0009621681480410518,-0.37776092704753267,0.02944039458721844,-0.539694697209736,0.4413031317656682,0.5495749549770007,0.5877839393883583,1.0624456802248747,1.5387982939229092,1.5393902230966874,1.814116335107736,-0.7185873960667758,-1.6676841266351239,-0.8192389778349396,2.3654522895596384,-0.4203201692914324,0.5938736757565511
0.19044600308817003,0.3290591550778566,0.3592488263930654,0.32029132287814166,-0.2739273516220838,-0.17277619107839204,-0.4273935092959032,0.294670429285903,1.0710431799705074,-1.4509809021287472,1.0154000144168136,0.6318635779890351,0.5554152878642021,-0.01897626728978165,0.23264638138864918,-0.19794459157864033,0.3519301088766471,0.023939106478573068,-0.39099291181653933,-0.2832715838366855,-0.6291229475928256,0.31644088822690886,0.060151275986975346,-0.5141745745837316,-0.6997385135338285,-1.0417326273292473,-0.42420559129854873,1.0987398179543315,0.07222091455612116,-0.3877589892015995,-0.1490925474271257,-0.7591545482508557,1.2696927063973376,-1.400377000150398,0.12151687593415839,-1.5033880212970134,1.7229508180059683
-0.2004221806755413,0.3055163115089401,-0.05845814347951773,-0.09150243111784172,-0.9982715279393285,-0.39827299818817524,-1.481986008534342,-0.8481190959693328,0.7392270498737882,-1.452614910289055,-0.9979672249930408,0.7118992286039701,0.030190346676180733,-0.10304938057906139,0.38868974823032604,1.4377757840013008,0.3677290068203728,1.0418044354592,-0.22239875821727367,-1.0166273091456608,-1.0700675804667195,-0.6632422481325753,-2.0906110252941765,-1.5912044153904144,0.8142936759730458,0.38109343127905315,0.22581311671486526,-0.7978788895312325,-0.4677013744744753,-0.7248974911306354,-0.06110528799158137,-0.03917302877893129,0.012502918322795473,0.8887177039635499,-0.49632214847270384,-0.9306069922958734,0.32858224922691054
0.01558710603884612,0.23473400257146343,0.6151207178105113,-0.8149737641695796,-0.9564349308934887,-0.6480602234152146,-0.3963260808242081,-0.48856657225040717,-0.16013048605908278,0.2576020295397139,0.1883717021670894,0.26295455358319575,-1.0707845692284184,1.1881598903930382,-1.2697798455236455,-1.2186435628379633,-0.23879974166176307,-0.9227544688366471,0.20361834818426455,0.4241824713872168,0.22740612125431797,0.8344196846691493,0.3828115595916592,0.42941118736082706,-1.1608103502978757,-1.1978907180416318,0.759183275431025,0.35149196693375306,0.36179140088543366,0.5929075380602553,1.1582503806124786,0.7939359707315152,1.21839499110929,-0.8928801845770958,0.10045570097402584,-1.374191262905278,-0.6369218112605161
0.49908727353656296,0.7327552435403761,0.35350068734416495,0.17360365762517174,-0.6305148285672874,0.05965563094017899,-1.174812234890929,-1.170959201206624,-0.09315662673347085,-0.795649765278006,-0.7232197999128195,-0.030044696022952653,0.317391478470914,-0.2950771441515884,0.302945956746203,1.182208609417579,2.09111213055621,0.9449302054595877,-1.6683986982175159,-0.055780584969958975,-0.4107735836065828,-0.46718412739882775,-0.48123548137543265,0.39190323870719773,0.28456686137569726,0.7164012037325516,1.84075679241805,1.5807557878847573,1.9374272821290206,1.8036812134936568,2.043651695092035,1.4088772806072298,1.5964465198278157,-1.181517238557932,-0.02625320849171054,1.1433561643850005,-0.5394684403987691
-0.03935896589350977,-0.20217402798232245,0.4915541480335819,-1.0648939944220808,-1.07044925563818,-0.9477702346091676,-1.7605736461828991,-1.2639970350256404,0.43647523862982185,-0.6193128112128422,0.03405679843546551,-1.3100312092873418,-0.5990909706233108,0.23408186400522646,-0.3775418298617078,0.06266533960884818,-1.7394928529829603,0.5146353670996329,1.7142998773957718,-0.22112974285939074,-0.7736219164820977,-0.6622270881309804,-0.44836176224236507,-0.8247615537293108,0.41796551361799866,0.028524826216385576,-0.9255010425502238,-1.8100640307232927,-1.9964799230494266,-2.317787196660791,-1.6400136881113234,0.018292609341042314,0.056635806156833404,0.87296100599732,0.13678760185886157,1.3179092535082626,-0.03357029653330689
0.1410910482436172,-0.3607631180958958,1.078484316321766,0.3641040937936677,0.7695021675170512,0.4948833602353595,1.493070730355183,1.3784937258270842,-1.0827286390257065,0.7420219692402076,2.856867065553308,-1.4401583915855176,-0.5510286552214338,0.264572234838473,-0.14125761139860576,-1.6621581991226473,-0.9421967585402357,-1.6364125676606602,0.7204092319265709,1.4117145305616943,1.4185146097357775,1.370409303557953,1.307875525533677,0.8213284326914753,-1.3861597280565796,-1.4206776309436508,-0.7115773853673388,-0.6818789446397459,-0.22354607377592384,-0.5797081230269984,-0.34060698451474747,0.41587520476904194,-1.3354540226120828,0.4031456068193421,-1.6520276788037387,1.567415093677706,0.311006177553688
-1.7643476239445592,2.1445003008338057,-1.292979153900165,-1.0512368892716013,-0.10132741531910114,-0.7643509731534289,-0.2619580776117472,-0.22901627388603804,2.126963861973332,-1.9263627640122782,1.288107409237748,1.2004379405776648,0.5523628246807956,-0.8729972577309777,0.532409954195882,-0.4501074931167409,-0.16158391499201624,-0.3492438989080201,0.2380396871295851,0.1545414241569745,0.18302877148480218,0.012734394104201147,0.13814206530925416,1.7667444827516119,-0.22233002311430103,-0.6113675210771117,0.1253883235663905,0.02317274850492157,0.25808191890694737,-0.10501901900759246,-0.720236657682266,0.20370568264664612,-0.19756843209607164,0.8361196205570154,1.2454534655168494,-2.0566294345506404,0.013468433712785726
0.22674173253162275,-0.2395254079029515,-0.019725759976667978,-0.5994426784978035,0.9790785650919009,-0.7398941345530534,0.560760064207463,0.2276372366130877,-0.025417793619252265,0.49500996876324477,-0.2790147492257863,-0.16044769592494437,0.1830479117739035,0.10610206871501675,0.33364081158439635,0.6400303183214592,0.2505832101924633,-0.2918409027827209,-0.34922605330898465,-0.23593254067438288,-0.1502019549413433,0.08821312150177997,-0.6386222307305441,-1.5791624872324515,0.7746516558934823,0.8194907542967571,-0.6777762963925853,-0.2049549142274984,-0.04923226669398628,-0.4112331200647615,-0.5037534929887757,-2.1231862102568515,-0.6812742391769658,0.9472125687355354,1.3025691367493777,1.0498550554095762,0.42798895132155906
-0.15328738598515587,-0.025617799579372595,0.2802689819262812,-0.23748965778777958,0.1319525244534283,-0.17952310430944254,0.3876222395524487,0.6036548596197033,-0.06739311524177542,0.6215239739450887,1.4979389566950274,-0.2644245038803433,-0.9294595502602097,1.0634032583104893,-0.9579746299789552,1.853138426507485,0.6764411581688982,1.7557254386397638,-0.46135995462391527,-1.6269965265268511,-0.6441809660121237,-0.8799437341120614,-0.8599646100707706,-1.8780383081872014,0.9930028653157805,1.0107714945274067,0.9083199216062353,0.2401515371970466,-0.23187871110162853,-0.0771872178614579,-0.4049060965843264,-1.1816605208599453,-2.0143975908871283,1.9641061467401324,1.4245580223556427,2.1963764404333253,-0.18470741247472014
0.9143822253392351,-0.22758386121270213,-0.7701969585584475,-0.5281597566313246,-1.5877586000448933,-0.8139564199624879,-1.3011270333163023,-1.4427906355285876,0.5953221349509465,-0.8819575778892804,-0.30486227797835985,0.20169053845387705,0.3678220158589376,-0.890758455571743,1.3841756264840355,-1.3310706609277214,-1.9792476578134677,-1.5329431308243204,1.7503010260468252,1.7129368435336723,1.588606538943947,1.7329734419813725,2.754790601218335,1.397170705714814,-1.4383360361773894,-1.7685978793065897,-1.0747396408466898,-1.1866125657611724,-1.3789293663130446,-1.6592151866945166,-1.2271061248126511,0.7193731509270807,-0.5087383240724613,-0.12020981369683809,0.2749804346221708,1.0906457546743418,0.12475600231613664
-0.07230310491472235,0.21363471574492288,-0.6486695269022471,0.5041263480258774,0.052459869311478835,0.12740914935150874,-0.44458697533194597,-0.6654518011258542,1.2001154336937068,-1.018469508157403,0.9662895151672908,0.009115350553777875,-1.1345244876781762,1.0144346298775118,-1.1697948972344434,-2.8491057190051188,-1.0793437098483665,-2.246501339397429,1.5584709801948435,1.7310618201886885,1.3640394525218003,1.1568384644443421,1.4850347841296185,1.8326494618590967,-1.695712691639568,-1.284060101186264,-1.018207530516092,-0.1578146150657129,-0.27617426910781717,0.11245490815126492,-0.018292601510253484,0.8161804548188218,-0.07062099071770832,-1.4160711408512614,0.6134100278352728,-2.188964994150698,0.8656009674889583
1.4862579009727612,-1.3594859301079305,0.4213924094993137,0.7699931362711758,-0.04460071697090334,-0.7231534013063015,-0.3973782055636352,-0.2372779542395332,-0.3483854476193303,0.0894588159023422,-1.112832287720805,-1.0800739113310505,0.36308801304293226,-0.41681968562290467,0.44868995293949293,-1.3129374145732322,-1.0181625923624484,-0.7726882698857998,0.552630004374967,0.7772838738080692,0.6352254069038383,0.7309357367558258,1.0203233459997985,0.5536595594444325,-0.45409646574515483,-0.957685844673967,-0.5142157578038524,-0.11506631158883046,-0.3419528574005013,-0.9631570085590159,0.06675947128107507,0.7934006272220073,-0.652942500696548,0.3049952778927056,-0.9215583784124742,1.750253455232676,-1.0518609308547966
0.6007265384479678,-0.7116210274099956,0.8024014126467618,1.1122637068771914,-0.12275171642800353,0.4114715518792731,0.3280140349683212,0.3595096508270004,-0.37834887795623556,0.5557751506331504,0.10212054198965397,-1.6191737317534185,0.4661249977889879,-0.44307177520468916,0.44154024420819415,1.169934376549695,1.5104332382535521,0.7166366000433201,-1.5462641438622984,-0.7876685921646641,-0.6621324366994928,-0.18863178607078385,-0.7411311146071315,-0.8666510053821612,0.3559882336996787,0.7645484380067883,0.6581836165769247,1.0050641378913516,1.4723849421214135,1.724678264271884,1.3853125453448993,-0.21570830160060916,-0.7835254669310676,-0.6309256303965256,0.784526196844389,0.014970221080585287,0.05681941329368154
-0.7779345837363065,0.1779638573392231,-0.4412610590115103,0.5242262507103165,1.246078296418282,0.8903255968885045,0.43807304462401647,0.41516668163491033,-0.44855114320613176,0.3515460917988563,0.4028243463309759,0.17660680245528906,-0.8413818316284785,0.7381873154266384,-0.48342511559630663,-1.8056400980723297,-2.272551772839327,-1.5690781222124592,2.235045526986506,2.0534646814595723,2.0969934043863994,1.9679920212474111,1.5376523921694005,0.6612779315854149,-1.8051314247422467,-1.365751811764345,-0.639186313053855,-1.606253489216927,-1.2843753767271437,0.2596878018805106,-0.9308251714959271,-2.0250011783967197,-1.2988383269351076,-0.918161390577379,0.20103479426781168,-0.26049485850674936,0.05403420732246578
-1.2762778806781687,0.19521306869739802,-0.023986660706254912,-0.8412953640422616,-0.11713404739227659,-0.305641269937271,-0.1151640248100264,-0.8535223906334158,-0.11979078684121686,0.35190918831525186,-0.07470501856692786,0.04690782349284547,-0.347572240056422,0.2546497212714448,-0.000658149973649307,1.5432231050864877,1.3080581607620523,1.422023856493705,-1.3935047372440679,-1.548366990674822,-1.4032019614402544,-1.1031047339747602,-0.9357527274781625,-0.22658887796994737,0.4925324430038556,0.5528076364352679,1.4110395125344515,0.7025779201907366,0.9876993313411752,1.2135781598922377,1.2303491402668476,-1.0628023763912446,0.20176590961324095,0.13463287434602736,-0.514076121848106,0.42643321378296684,0.8238969658354127
-0.10535596553921997,0.737530843427793,0.7568367394731209,-1.4275904547188056,-0.8023905775889136,-0.7143331780862773,0.3410047818927649,0.4117388725323257,0.06461568119907608,-0.6342038672984716,0.4604951453109646,0.4170687967978449,0.6609733151975866,-0.46930966820035563,0.0037008812683546497,1.2558117583456434,1.5659535155109607,1.2649639283258025,-2.143354619164068,-0.7967865254832579,-1.5981953102968764,-1.678989825324572,-2.2383951937021824,-2.619278743130735,2.2275372487017076,2.378610242653689,2.3704752719339406,2.8573982403104345,1.6963538880723381,1.236198894127058,0.3118570766573658,-0.9104361700710395,1.9059419703390004,0.8971027461980124,0.8165019737068689,-1.0812050653190828,-0.26007513639395724
0.00765839180959058,-0.25157076638601283,-1.3383702256137062,0.44501571387681726,-0.9568515546472418,0.6029123287001504,-0.9502855590855693,-1.6913664827949797,0.4821858901066253,-0.2780584823533063,-0.520954582936332,-0.49496483703751176,-1.158893091724939,0.8186333711655501,-0.3902309506665465,0.2140374257843394,-0.4270143403328697,0.5602240904516388,0.9611940589069905,0.11277477820536468,-0.10555976778647305,-0.4548266691663698,-0.3643624547123309,-0.6467922303187762,0.820400807419275,0.7371459707718809,1.3233720974959227,1.0081031251820274,-0.055800943267082986,-0.2708138040643149,-1.1070896211495358,0.5874410745715128,1.3044148144680872,-0.7971836983792766,0.8553648210250625,-0.024131900456232418,0.5710700332097703
-1.7472410959416047,0.5082148181145129,-2.3819158274163788,-0.07774595590835183,-0.09811267236177705,-0.33708480435554133,0.652986654447437,1.020127656519512,1.8078195716201142,-2.2590781074003745,0.006313801318448806,-0.015470116943326515,2.3378506001661217,-1.748019818887359,1.9182874873638416,-0.6177370022267425,-1.5087563595876454,-0.22879695996361593,1.6681673406436366,0.07248207508371043,0.05782157092160307,0.5602525173841979,-0.09239057021770103,-0.6296307999489129,0.008233953217027003,-0.410568821925465,-0.985097832132816,-0.8348912019966203,-0.788604806701415,-1.1896121315878116,-1.7373129406856198,-0.3945035705019352,0.6679031765988429,1.303946482563183,0.009073003203321819,1.6016419444880756,0.9958572908037888
-0.07412305427289279,1.1011070558340008,-0.023673421015221876,-1.0297559006741035,1.343504172935985,-1.544371460459427,0.4898828603849645,0.21864868097584791,-0.022481933841544226,-0.3758249295572256,-0.16457697242810473,-0.6711193721352438,0.6280303586078131,-0.6760315841975004,0.1438066803038219,0.0758743831431733,0.07740858902072092,-0.12651506740112808,-0.4184738480344921,-0.11195426942055335,0.4860372065518061,0.6936101084177281,0.8404259370229511,-0.9033357210713941,-0.1984515659135527,-0.12959881421859018,1.1704861330648337,0.8888994370501451,0.12186426196553386,0.5939203627372167,0.5125307953575644,1.6445568297237954,0.6900867126689939,-0.9501292892140955,0.3883938148601365,0.5985953550326362,-1.7934467297546908
-0.3558585350778767,0.3566446700644659,-1.3093796003394564,-0.32233715066753,-0.8848812340450404,-0.4356147129776837,-0.6060027081659917,-0.4806245290501282,0.625191289889618,-0.4661085812537554,-1.0180782976999474,0.6099790277192624,0.48583563488386583,-0.3251205690191222,0.7626329667729415,0.6414745535827521,1.2125206835948115,1.3244684598227534,-1.468270660174169,-0.7885988088797901,-1.0650580087166392,-1.0560645232464065,-0.7829987122904596,-0.9236564237283822,0.5318207742553082,0.08410245655487159,0.2667850574583336,1.236726284904853,1.0655864570572164,1.0045362707481869,1.5304716125185884,1.4227422879767508,-0.13285270859911463,-0.20768804042014,-1.0877261608254156,0.03176661427110399,1.0581563062073924
0.18324635930953065,-0.1425021371604791,-1.2227505169859711,0.8537915517871181,0.3617414938985869,-1.095033301272893,1.0334352430806637,0.7006555019652101,1.5757282857065127,-2.3480114048518828,0.804497620051336,2.9311282343730753,2.218023983994402,-1.2907463633266567,0.7949998893009614,0.48618021481683554,-0.2653974077209695,0.7793262337451228,-0.150629155135747,-1.4529676105606777,-2.041339622315439,-1.7386270823165224,-2.036937614826752,-1.6884890806594437,1.6162890524676794,1.5467386091835875,0.9837283979123861,0.3164746374084865,-0.14607726177335636,-0.9382371064952654,-0.7866111616696081,1.6279258182544152,-1.8355244561288588,0.4197599695836065,1.196490509810691,0.06313007505940861,-0.9768028012189778
2.0298742281186533,-2.6595517939164557,0.9204508770191976,2.21309611352032,2.5538290605115415,2.4243598806167834,1.730604641965865,1.7019899613662115,-0.4123387336523655,-0.7791686929221726,0.7139722057478005,2.2344482503130876,1.654911816227566,-1.2591038644998707,1.262156385697236,1.7898909525696165,2.204380311459687,2.2329070387336625,-2.1469197976444154,-1.8307380283228958,-1.6044859709269148,-1.838311068476016,-1.288720276041997,-1.5059592274149263,1.4276927361920262,1.0347553787086825,1.0830310386911,1.3031034902235927,1.2529661450030602,0.44085888630874664,1.0664088031797159,-0.951266882489604,-0.374003729675139,-0.351052692790333,-0.954278066314594,-1.2142571986093387,-1.0793612964096302
-1.719092969227461,1.8116009357563623,-2.6355576165930445,-0.9279396226524982,-0.9229569379286314,-0.6183296445772369,0.39135378380145003,-0.14092716618664317,2.593527455969511,-2.799334952859095,-0.28758158111073684,0.7509225098127005,2.4055225314441984,-1.7882419792650641,1.572939185454549,-0.24503391594921736,-0.4017113388355731,-0.054795809824301565,0.8150066763925095,-0.6018460473247332,-0.14825304198885497,-0.005191993017219597,-0.25678729817974744,-0.3761146171768342,0.5545940959814307,0.7931189557129767,0.29003215647883585,0.41804435386225947,-0.03069516391108284,-0.8141896406385463,-0.4559466377620023,0.45015023685840033,-0.9849009956384309,-1.7330698334994399,-0.7600985615254363,-0.17766963438081468,-2.7661909315847484
0.9393516599090402,-1.1117315474922187,-0.0438616566738648,0.6733265251214862,0.04682319469839592,1.0315351661815977,0.00711872262050715,0.777512743837839,0.6860236221912452,-1.061632039949099,-1.3615926334407857,0.3428378594542066,2.4466374428851245,-2.752014764324788,2.512840066193094,-1.304074422217804,-1.825083210213039,-0.9501565399263127,1.682277307681772,1.41981189316836,1.0753493517192372,1.096806546196625,1.4249342994382095,0.9947651459282094,-1.2221850073298137,-1.0741391269214609,-0.7618271326996214,-1.4541809438622648,-0.9461851143394596,-0.47876784961698743,-2.1445011388972057,-0.5141454331367791,0.15978099409795415,0.9584871862889586,0.010786802723127183,-1.6694337903862455,-0.8046692295694019
0.47253126176034443,-0.7105560208936628,0.8216700985597707,1.819975914288955,0.9487058873130908,1.159389198335503,0.07948437931970369,-0.20905831645539524,-0.6305408809662403,0.11356475835524518,0.5685010635718585,-0.5765997124492539,-0.8100535786563752,1.0105873570935915,-1.063897555530279,-1.4836145692073375,-1.5055801341630668,-1.3599455925137032,1.3281318054328841,1.1603788604835863,2.1067547476154815,2.2140279724937493,2.0054005095009395,1.5271068211664833,-1.950868673553123,-1.6935988321646451,-1.1505236234657508,-1.0758355220796438,-1.3387602080006529,-1.614241489235363,-0.5188167238718469,0.28782432617135045,1.2581690338471927,-0.585585014365298,1.0672964363088804,1.000649137405271,-0.05047230042153082
-0.5265320526942772,0.6929153643694201,-0.7012507176065147,-1.0797019724847576,-0.35508254944330314,-1.780136469187978,0.3092777760283537,0.6475050804858283,1.5256270165616588,-1.5595323336793399,0.8045693527804182,-0.932474859295497,0.8801270205335419,-0.6827478778038815,0.8017393694669386,-1.6871420391770173,-2.7155473564471655,-1.69559191385519,2.894936874858002,1.5366072566707563,2.3339522473421908,2.730703579537283,2.8411436942580273,1.6599976108345196,-2.521972452147936,-2.3333688566841317,-2.2761523704782034,-2.304400402682993,-2.859894013513544,-2.1140703003859245,-1.8169645474293148,-0.8408393961325965,2.0120009072466605,0.7767783352483235,1.0667264606494262,-2.223619080192832,-0.40802053941300964
0.003320931419045158,0.06878369206962232,1.0318208490975451,0.5174652453054032,-0.45015817844878425,0.5220506475761642,0.577187906128274,0.06521897480960888,-1.5849008525751644,1.5225994354887527,-0.5703257469448746,0.43198079091083136,-1.0678416678984175,0.468672521564371,-0.7315396368284107,0.21937229154119042,0.04216533653887219,0.654657338160987,0.062152545363279854,-0.8844669772228685,-0.8259830005877745,-0.3493534869307859,-0.8578809606536059,-1.3559180164182902,0.9028343042625896,1.3719373046111623,1.1875541324261698,0.13909235303740716,0.54116574982135,0.22325738271577586,-0.5556404153453165,1.1822875800723962,0.06804576513616403,-1.2234558170771008,-0.0566284188864773,0.8322668914554248,-0.48284645289920425
0.9076168716187586,-1.3407985937943325,0.2491415004189563,0.6790576791548217,1.2155151902835486,0.6439279785933565,0.24545545777962538,0.0635153514482053,-0.3032028196290476,1.29554933614086,0.2415442721478794,1.3168998604106499,-1.207602958290947,1.2370312447075653,-0.8618737394700191,-0.21884767446424566,0.34901252380382747,-0.07169644844792351,-0.3399390946898171,-0.5895709221888205,-0.4461880400643994,-0.8432282755130234,0.1168248453760513,0.11021542846376063,0.7024855129758332,0.9478507380785557,0.31468256124101146,1.035004836069264,0.4964827817767013,0.7917581750812682,1.0188992542097663,-0.8222366774928462,-1.695637019013474,-1.0534967131334017,0.7243949841970879,0.9574029158778997,-1.0968925852428353
0.09186044121542065,-0.904782042484094,0.44583666312723086,1.1783902015360799,0.4134195064691309,0.8640149743631668,0.5978389384542387,0.23517424190805444,-0.2653027643557489,-0.0892858397236778,-0.19533717833338982,-0.6943831651328397,0.07313365420433517,-0.06399987799708644,0.22597890880046695,0.05287086457773503,0.3103031121802675,-0.026386164410922345,-0.07741184136762275,0.5939581312328464,1.1425233230731253,0.49274944199544096,1.0737722282565219,-0.012722982308083946,0.36624825383573184,0.8087206460196046,0.20040039914307362,-0.6034096595872289,0.1715943372582526,0.036540694421699764,0.12694394104193174,-1.9776082130774442,0.06606495074246739,0.8937979759620528,-1.7477595570827016,1.2984614412209845,0.7734132645646783
-1.9897722314953559,1.801906567568279,-1.7582224683305567,-1.6182816986081257,-0.8054475964422834,-1.1225350124480709,-1.0504078446262939,-1.1975491102487053,0.23878376086078465,0.009238384825253264,0.20251326841485562,0.1006295316599636,-0.825758327011928,1.0254446410393159,-1.0192799717680252,-0.5268609142636919,-0.6202799913569382,-0.9634807365246327,0.10698904227595563,0.8327678010233603,0.6917781625457572,0.7386976840066142,0.33580568706173564,0.13343921724515667,-0.657914929282225,-0.8776223425886059,-1.3260742420459632,-0.5424055339125089,-0.7707958725311601,-0.24167064906828095,-0.22100566115706727,1.9864764002050748,0.09374581654356766,0.3741609848158535,-0.774049803985685,0.06036726816509206,0.8595577743793152
0.34942483825266213,-0.2521650038503144,0.09887563204147279,0.34390646605550557,-0.12007872489641148,0.00328940195538051,-0.7022634199114409,-0.45847784361101707,0.8064198932397657,-0.02242497424108073,-0.762919526187599,0.06159920607575743,-0.06268163080916392,0.44072377542122343,-0.13622428586729673,-1.1100455315960265,-1.9515693422076976,-0.22456958540639566,2.021231931215007,1.6106407105207066,1.0582426704865497,1.0660491909714755,2.053292894388612,2.604319786363375,-1.442674150253341,-1.5349334383351874,-1.4476398964489292,-1.6703885710728255,-1.8112932570195885,-1.9316682953068258,-1.1582253136905567,0.4019615742462071,0.6935847444407995,-0.401516965250117,-0.7535968354955863,0.8943050812336854,0.3491249915980181
0.7127121802523066,0.9051855394343291,0.23300543811598634,-0.4845731496403107,-1.4051110281802166,-0.2682254083743883,-1.6601041646717971,-1.3095213571443904,-0.7467944120326172,1.2063346735577984,-1.2110796848011554,-0.10340260132383938,-1.526907533827233,0.9880625726285907,-1.0959513725735763,0.6447802070202524,-0.5592788112132745,0.6082247826854117,0.9141668232785828,-0.8789700769987909,-0.3841450593722062,-0.707570142531388,0.20827018137306064,0.13356896709933577,0.4786352503591639,-0.19700656845512626,-0.49835855914436233,0.4985101327542965,0.2832956205642217,-0.08075978736687447,-0.7803515457247042,-1.103231435482356,-0.0173150119835273,0.38862081349019933,1.2055569600472782,-0.18747740835026053,-1.8281420137908369
-0.44157319026639824,-0.9264069884324699,0.07346848719502147,0.9245327677204921,-1.260722389333581,1.0100666944457104,-0.8951158763761643,-0.6399436123680874,-0.028979228230920778,-0.37264570993080404,-0.27071373262913045,-0.17202504613076317,0.39208156388892873,-0.38494877552649587,0.3406334021192671,-2.486731395748019,-1.6595281302377387,-2.772172212998916,1.2560053096976205,2.281790979083819,2.231044769820138,1.8461215007567322,2.116820203474101,0.6223634034637064,-1.6006445642844425,-1.6461352084417096,-1.0046664427882768,-1.0387499163948886,-1.1492803179547186,-1.2033784498112587,0.7256124968095418,-0.20023354294269294,0.06997796178559322,-0.914710439759966,0.6055510776999523,-1.2195869743420815,2.1018118455198525
0.8569756233165982,-0.647032082267588,1.100510523541363,0.6327586153283205,0.6018052249917194,1.4710338913934184,1.2559695442474983,0.7818582845612845,-0.3864590455047808,0.7984991318525838,0.23166463547084343,0.6255347428142679,-0.610139860319095,0.3873972159020957,-0.8535621170341611,-0.7960484413168776,-0.17682623839073486,-0.663938505049126,0.07722899401682166,0.2466397563643969,-0.15506400052099065,-0.37801229767611405,0.18649412195319368,0.2444152947072035,-0.004701935593219568,-0.016908949301884607,0.6763494972733768,0.7679449138742184,0.7128941277323845,0.9988753842504425,0.7728980652461737,-0.6130558770894323,-0.6414713470860532,0.14492151154114505,0.13362493085805685,1.5114940800477323,0.09296744736102934
0.9372030415070246,-1.7443462052522154,2.0742101027380757,0.5860106104301842,-1.1493902527776607,0.9108825454011318,-0.9658227430585848,-0.8193902884037813,-0.14622608991275654,0.8122383066988833,-0.8806986702773738,-2.2520971378436774,0.08072870225107977,-0.6269391432502314,0.40051429912649344,0.8199615771549458,0.3489670864049017,0.6092959838652809,-0.8754879582000932,-0.6073049247783382,-0.41992496392569484,0.004727826269441624,-0.8294180544766113,-0.19954602287048023,0.21579574249323866,0.321677700372541,0.6725692087330787,0.18697341827472383,0.35942773305853204,-0.1707545066131299,0.015909487131708044,-0.032935705187652216,-0.31541412426523535,0.16313610582471863,0.23110479226663952,-0.12430080389474271,0.46390078929255896
1.3062564236048604,-1.3584020190021755,0.929021588428626,1.878805668516422,1.8216265439716974,0.7892221670856211,1.7254768021742086,1.21873722209373,-1.7901721634300887,2.3372500510299306,0.2720998200901349,2.4218301538636435,-0.7089939138616279,1.2548760598333333,-1.4644679332855381,-0.8970363486598225,-1.4910382557030009,-0.9085675850178836,1.3225814829906,1.5335052799389772,1.2824208044815217,1.086524578694524,0.7220042467594007,0.10347710621095424,-0.821652295762635,-0.9352890458597637,-0.12895620978672806,-1.4694551775984899,-0.9624065816163136,-1.095085913669495,-0.781497020020941,0.7607130846218915,0.5249221568194771,-0.33699698641819587,1.522977933845371,-1.4435205252925751,-1.461367504808196
0.998636534526888,-1.1023990679480349,1.0787679522665619,1.728185068652116,1.1918568662700475,1.157357531603234,0.6375830566665834,1.1902681242410733,-0.47025402331789967,1.2333062719474264,-0.08086657661114194,1.791323490818769,-0.6817528077821422,0.6697113681854129,-1.2008653614503175,0.41820456591975863,-0.14242717803217164,0.6349622720335631,-0.03315331411188743,-0.12063299428450391,-0.28945167956834683,-0.7281052977895752,0.21151455687907753,-0.016582578400803055,0.5029918862396421,0.6790551724760461,1.0974179333456635,-0.1845022535497082,-0.19476218418434926,-0.27933095090293264,-1.5599133790801614,0.6043792257922826,-2.0432528459903176,-0.7964776715046382,-0.22266062904047176,-0.4960883320900608,-0.056694762237924926
2.5666005633923676,-1.8820490339661926,1.0990461623668988,1.5923220747419555,2.70622355643527,0.7813733877186263,2.117625189959627,1.5418931159521372,-1.039715421984698,0.32318473875841003,0.6803302574447586,1.0815365197506168,0.3394547098928972,-0.1721287225489208,0.10423474210405013,-0.794688469084385,-1.3496634627149,-0.7987471618531293,1.7940169733941287,0.10872788368437261,-0.26781577253097466,-0.2725791605370704,-0.235260439164515,-0.7166517020532431,0.6605366577999793,0.811474117139283,0.0651656364086745,-1.1443655860799349,-1.702370534249806,-1.3010518439527219,-1.4113613852255043,0.21399693132573197,-0.3208999465719257,0.10508639419240344,-1.3712327444631456,-0.4563996817270782,0.34462389116228215
1.1642416797517325,-0.664597284484048,1.2909653362953217,0.8498772362677965,0.051293443375519034,1.4690512610127227,-0.47249811917107537,-0.6210831482107757,-0.6014465707357329,0.6504445295688573,-0.18120283686418065,-1.0625212305682883,-1.356962754011787,0.9920505082207777,-0.9726168638496591,-0.44421819971190896,0.026182459181698366,-0.5442652004408223,-0.14291573373172295,1.0408683815804656,0.9726687767978331,0.9322424240979003,0.8169466087461876,0.37566177508643195,-0.024912856658963138,-0.15452501031060908,-0.3289590694952207,-0.07543575057503582,0.7899494902247566,0.5128733865261766,-0.7218543134863865,-0.033421961315731365,0.7028076870030162,-0.019594271018102627,1.0398634505272217,0.4370880946651088,-0.17899478736553215
0.1515595226259223,0.6646486456404831,0.1255479495274679,0.08187490720831198,1.5306856508359867,-0.21280750316410713,0.16628831783296777,0.17853251902508946,0.4827319984401087,-0.7585883745351649,-0.04241362768504481,1.1415918177237336,1.2415994395377883,-0.7283865869113504,0.7713680683612237,0.604671773459469,0.49903297705073046,1.1781676857539922,-0.3822352617430379,-0.7580139284838768,-0.8015301387117235,-1.0752534463826096,-0.8400724699236214,-1.079670272249143,1.1384041912798482,0.8320193046089548,1.7770728120664923,1.4004820049614184,1.0017406111147802,1.135364281576657,-0.40665139904063125,1.0354293726755481,1.6731911130952113,-0.42863391854482,0.13079966927497946,2.331910091061719,0.7780730096457108
0.7933654779131641,-0.534831538823055,-1.2679127342248278,0.7573786868318705,0.24096513223897312,0.4557050400519374,-0.10743942809738874,-0.5175197696575217,1.2296984001695261,-1.716424646130721,0.43936705826123607,-1.2461609717286568,0.7346240785231676,-1.4276980978195566,1.5168549223112322,-1.2806754364304556,-2.176544000234156,-1.9681752888815691,2.485643620066058,2.031856106595991,1.9273180562461898,2.024274086764748,1.8080840209752536,1.702007463773801,-2.3153631247091644,-2.2089612234643425,-2.0888484692321234,-1.2416168798035208,-1.2517932767568125,-1.4242344324508485,-2.225687699426922,-1.955920062122306,-0.40344101135013366,-0.9941360079834788,0.9057931359490607,0.4981148372589299,1.182590283431078
0.11262343717591163,0.47745829274315993,-0.5152036861494846,-0.7106113496020898,0.363259994223985,-0.6271922268672815,0.9653710462068132,1.1425084587996632,0.4330218463884705,-0.10529253663249229,-0.587968620181101,1.699019459000324,0.9816608214152913,-0.3294664368828749,0.2289745305251017,0.7780250942418804,0.14177654435545073,0.6450897854693438,-0.7430897485307897,-0.8585154721822048,-0.39737552240504365,-0.03345934343292093,-0.4611009989082104,0.5905693750348291,-0.10401022452257754,-0.0759005648955742,1.1042967804880583,0.4542849718955032,0.3423020441626595,0.7457949951763471,-0.0739287520101916,-0.7843994673883695,1.2094426393644855,0.047568158395641866,-0.09673216827869013,0.18095472379558733,-1.3151499902335515
-0.2737809644627756,1.035305639450074,-1.6131799882006082,-1.5424183356295371,-0.472752298125039,-0.9945057880134653,-1.8620495844824325,-1.2246793585577818,0.559897851615732,-0.3583541246799294,1.0952392659485755,-0.3337070793584094,-0.8228714020505571,1.1563377266383272,-0.9291783208249349,0.06637001644854591,-0.39699325192114354,0.4986685812689289,0.43069888781199717,-0.6926890138065105,-0.5174162065723515,-0.599143226802947,-1.3168138037870325,-1.0395643672064665,0.6681234899993183,0.4749430150972111,0.11773879058501759,-1.2781034685784112,-1.2035203312312845,-0.7056494017671,-0.4421251792425875,-1.0131523371729996,1.7233942026187266,-0.42614516419056025,-0.8939081822539269,2.441185027444326,0.7572499705123552
-1.0796840760569506,1.0762174024057853,-1.2627171284381076,-0.6517423447539712,-1.9282021590690888,-1.1996162412704023,-0.9068465164697772,-1.1858347137564924,0.3342145400358422,-0.18201342513628577,-0.3775630683654317,-1.3211266168067768,-0.43916037695023413,0.38509200796488446,-0.07860046979456405,1.2981736825132517,0.3488591447626023,1.4272241323149781,-0.6361441926958281,-1.220383133583224,-0.9784581671359521,-1.3869594605128384,-0.28355824598349344,-1.1455705876864835,1.9040677255038576,1.756142237359803,0.11140297860533463,0.9426846554279691,-0.06510978469782726,-0.31158683362071143,-1.4155176683352704,0.9633244324178227,-0.39024830935458193,-0.9949754615376429,0.35268732621614834,0.9568829558917341,0.32666068071863685
-0.14256532866760066,0.8060187176067257,0.11212026227899188,-0.6627305547404254,2.300418145716381,-0.5308881963616868,2.0590294975504952,1.5910503718206066,0.40939275357549115,-0.583522983649899,1.9055087494258218,1.4703919994126007,0.16723867145501564,0.11434451408450735,0.2404031317799759,0.2314520766299208,0.9426720448644275,0.6868377849986701,-1.1998888281002558,-0.8403159241548419,-0.999781773317311,-1.0357338026385812,-0.9444616221543829,0.7124954498352881,0.22683788505276467,-0.16753534462415168,-0.2848893537953657,0.43098170748268805,0.6502322844582281,0.8933855424715645,1.153200866085613,-0.7746012494191463,-0.5662585049038172,0.07848477231075969,-0.04156729917439273,0.22859822608871827,-0.05032024627128933
0.8894369345457148,-0.6366169994227855,0.4212299794199168,0.5411081578919056,1.71610236290211,0.9744328555281534,1.308571212734805,1.686387277592603,-0.8863128248802012,2.04771805308105,1.096853179237542,0.26342012326892034,-1.0189599353973833,0.4009591339344985,-0.19578231597472787,-1.0686499876354778,-1.1268766028899921,0.037326976413783124,0.8511589100431126,0.5558226186742635,1.0202995670890807,1.0697436927863775,1.6953454763343376,1.6975810334998207,-1.3713925840919474,-1.1369355970279915,-0.3676480954324645,-0.02892060745521683,-0.42611803534938564,-0.8594177996458225,-0.30501187002503743,-1.3191376760748132,-0.1831947329042772,1.6363998422672732,0.1339156234230654,-0.5087485282003774,-1.5298758175560696
-0.8366860625464438,0.7141135179104378,-0.16279114838304412,-1.036300501965108,-0.285381659098004,-1.011416977677597,-0.5417201719336057,-0.4281863342885679,0.3804376771540964,0.47797461887544596,-0.11354587152719389,-0.3676810448106086,0.0480222167647767,0.07718599315795936,0.0786194283850011,1.7780208892075604,2.483725480454337,2.364763694589751,-2.5138128863741143,-2.3927266977054242,-2.5186887090655827,-3.057329941445188,-3.0097881533794957,-1.9761815514044745,2.9422471541081223,3.010758602913176,3.4308593364709283,3.431878571401857,2.7370499147035448,2.4603295433110555,1.3608499010294994,0.5083379831280255,-0.08122743669481826,-0.33007353593645195,1.571406669459425,0.29086032060694306,1.3521726091226098
0.404941401883456,-0.7197382085129442,-1.3245852661453756,0.445243389537434,1.4129113163915656,1.4094864090905221,1.429458423253363,1.2096159926643968,1.8347264903092142,-1.767439904365034,1.1243445798888607,-0.1576289301160042,1.1858261313372203,-0.8657324542297709,0.48655307863484415,-0.9836373119860669,0.3733246659119832,-1.426331004659648,-0.6392481095019545,0.4923220818419154,-0.3024998482564479,-0.14082143046071477,-1.0109942108982326,-0.8640359951460315,0.5863761729873047,0.5736446003038166,-0.46867798123425086,-0.4131255258965792,0.5229276576511224,0.10326645097542297,1.890880198310039,-0.9435345037608813,1.1131536368171764,1.5263555137163283,-1.1549859466024697,-0.09365217857617965,0.3289604632717094
-0.36276308704929616,0.5341806572364918,0.40471958681264797,-0.322345691872117,0.050804512319940744,-0.7615503994472186,0.8721202926937847,0.4791135239605203,-1.152000020507969,0.9815135329872632,0.7574889270513121,0.6027468542743432,-0.1238545841960717,0.2259604316404311,0.04265074753160575,-0.2115082339901132,0.2653225617108353,-0.9729993072006422,-0.3606528169705749,0.35537084756873316,-0.17828610344254883,-0.28078636461001794,-0.27223651305332575,-0.0943436859153237,0.6216961602222888,0.800925773580603,1.1564551618405496,1.100507184497352,1.3971139862112663,1.360988256722819,0.6529238949395297,-0.3878872227290716,-0.7857457244438649,2.1402074670630378,0.23530552166865787,0.0649652158000408,-1.7305732273228334
0.03175832006406609,0.17351836827023195,0.19263868124649414,-0.3218334116318317,0.5668320427135904,-0.5429332228122373,0.6132098531080861,0.4070703527045208,0.664805336576429,-0.29388305452393937,0.15573156082262327,0.517540397674179,0.16563725651203853,-0.2818859476459994,-0.06263928598078754,0.9938857142368485,1.8972691122738363,1.0164972236118623,-1.5367620990427764,-1.436181060411212,-0.8131382316090976,-0.7613595958947497,-0.31859703913724974,-0.4691405240826391,0.8723773574708381,0.8705276674985715,1.2522619706070854,0.5550322377131283,1.266661620886943,1.030051209463575,1.3237565464805046,2.3323618055078352,1.5686361861969598,-0.9140929259391918,-0.8741347021911428,1.2940773359349296,-0.27558003730545494
-0.02526480120772685,0.23011368777368504,-0.8838534608450319,-0.20672219131653333,0.023306794404017804,0.28388113074101945,-0.10488388284603992,-0.1524124744524286,1.4747564102032868,-0.7052748925253106,2.207954437732082,0.9840199709955417,-0.4912317401951184,1.0286558222040243,-0.8662019337347424,-1.8933416284668225,-1.7760270987496545,-2.3161291604844245,1.855257395321828,2.0297112147648417,2.0045816358397546,1.8323160639235434,1.3012007942213388,1.5682141387759159,-1.1316329878385873,-0.6535942594663657,0.30034949055949184,-0.42912544048943646,-0.6928009668346166,-0.9422532119577487,-0.4324683352648387,0.7451373448549309,-0.8132761288295468,0.044150368183535085,-2.6529388720657034,-0.5699648475711062,0.2632536990363095
0.2303398855945608,0.4666460490161409,0.14642738802618604,-0.4483032629641095,-1.1349439277537543,-0.33495548431718764,0.683547560209168,0.8891369163630817,0.08894182317569753,0.1894966988177461,1.389815594795615,-1.9507683045802664,0.6384246928160916,-1.1581219709853945,1.2920211320412496,1.4846256433214013,-0.17878254555179787,0.35396187390007744,0.954459363139743,-0.20520411878974237,0.4067090192033118,0.16427827077414078,-0.15743364563879542,-0.418830333004661,0.1973318323747828,-0.1631022000694063,-1.8001873332739025,-2.40600214113245,-1.66536622239207,-2.155005010311615,-0.1617807035777168,-0.24879557025085827,-1.2854858755902874,2.1296541438238616,-0.1009497514080663,0.4891923322290588,0.4326926980639235
2.3383206248911073,-1.4743666717894781,3.146656095213547,1.6172308816503553,0.9306436153081002,1.1614013793052846,0.8058592221999185,0.7338547674368185,-2.837180554979132,2.4883142952872164,-1.073459711597726,-0.7426348452117997,-0.5929154419854858,0.7727632408101118,-0.5913939962449892,-1.1514789249458413,-0.3709521542796081,-0.8603749897931152,0.42035165350877574,0.8351998810362086,0.13344713233640054,0.09705319339646333,0.2812775665506276,0.502624415904887,0.10984744505516628,0.15716516593432114,1.1655077941831486,0.4552949958584567,0.5860049558112205,0.41614943426855716,1.1756998412041455,-0.15926557577031444,0.5356612134987443,-0.0854032859356931,-0.020634056283516944,0.9267789282383704,-0.16643578337957818
-0.4920356065508111,-0.43381617268801975,0.6617883977426096,-0.36097703183955254,-0.6446993037667512,-0.9274653301398535,-1.493142966110375,-1.7291891857666608,-0.1888556858531621,-0.5669302127744855,0.3031074224781103,-0.7315721333978124,-0.5440304509199334,0.5523042610714072,-1.3729645388511293,-0.44335787958023437,0.3776936007775764,-0.12117340583932261,-0.1815401282258265,0.3344667927004611,1.3444287073017775,1.1348149087467718,1.0864953079207254,1.433705346418576,-1.446453472938415,-1.1483698050254723,-0.63089704937647,1.2302453675114409,1.0134887366938747,1.4223607466149348,0.6416066254518725,0.8649744132351694,1.2554658577172269,0.0717965602009242,0.5742915250578898,-0.6923670190675475,0.2768270204506106
0.0009340177040167491,-0.8450129735645788,1.1535381633145143,0.5485092525784736,0.8898601445684222,0.10573637870878873,0.916236582977465,0.6183796967587173,-1.0196450917365367,1.9071437119513093,0.5281484686730231,1.389147909329351,-0.9294210494918287,1.027221362282922,-0.7091357748834011,0.31357914653283847,-0.03472343500548856,1.093002158148359,0.40126250187021567,-1.082256410620237,-1.09770084277705,-1.1546920664319362,-0.7576623455617754,0.10933057725648353,1.2661513973792295,1.6160131473121604,1.5707332582725757,0.2822592587932021,-0.12927842829225744,0.017951825555551304,-0.22230435283821795,0.6213978565790754,0.18418112967211056,-1.627537700839006,-0.27021566524483165,-0.8536822659044995,1.9558899627212019
-0.17934581987894604,0.22679751687808494,-0.2701348621887458,-0.7767362452391746,-1.3479973130708256,0.436541403228725,-1.4396502624949739,-1.766830686972711,-0.2562466382826316,-0.09855616360360113,0.8734352943864092,-1.851998896073469,-0.862268387609418,1.2466406162569288,-0.6875971636759449,-0.022797120211521898,0.3042457862105221,0.3432250262436908,-0.6169147327610032,-0.38157705823808996,-1.146327867301175,-1.3591322413388254,-1.1542517899049298,-0.33607469438100135,0.9054715026451479,1.080802841321836,1.5102742576015549,0.608053426531379,1.051023127654179,0.2152515053588963,-1.0113135299634164,0.036625161894135005,0.4453343670640639,-0.49418507229765823,-1.5468821806464095,-0.1780254441075952,1.415174694187062
-1.4867547116109554,0.7077456574723451,-0.2620677092835417,-0.567472276439576,-0.20664605127581126,-0.26520011103912994,-0.37573006587900853,-0.3924456163723165,0.274817800332104,0.33391207084083907,-0.4512076299248059,-0.8614456913511483,-0.621133419350416,0.593110735374655,-1.0733259769538392,0.8226947034464569,-0.45590489063668616,1.6380653269988654,0.7993875923575943,-0.7187403453101894,0.3521670277935325,0.5018798586567026,0.48424754690720223,-0.22226784013869533,0.20184412558055517,-0.08902978671737777,-1.3239592209731057,-0.9484703591520744,-1.0503237986789258,-1.0174295556535944,-0.5597283724632021,0.06446667113607871,1.9925364384318645,0.5882985789169215,-0.8775836559112055,-0.49087692689848644,-0.9429222107504772
0.9132706087060453,-0.8364839782927501,1.5419404476849372,0.3116998740931349,-0.9763074654460463,0.5833977658807054,-0.03089890552393297,0.9101770940994363,-1.7626950162718857,1.530100027712164,-2.1582730941433046,0.9229345237050401,0.6426790336262146,-0.31422493372921934,0.34486243145771733,-1.6093134820742359,-0.23306782676021964,-1.240787597984839,-0.04328405008466651,1.678181599085351,0.8882672960561185,1.22597955447183,1.380531972966705,2.0250866614541447,-1.3518338138214412,-1.7478844328584127,-0.7462303002819866,0.9699936089323149,0.8882510334529549,1.311172250132053,1.381004286909764,-1.512205944548313,1.2698178409683556,2.453777526662343,1.2705680358935094,1.1311933301578567,-0.6097901664767666
-0.8079074164828763,0.16399661092104303,-1.2815496038160918,0.3096580184992471,0.8592433542425957,-0.1079088920331166,1.2177875406724956,2.136000253900955,0.22389830852370585,0.47600405914273686,0.27771587051089214,0.8402760684297405,0.8744794600578096,-0.5677522283153827,0.4644343403739771,0.7598846552197094,0.9903430300462505,0.10414032932920697,-0.8194584642897547,0.10585547825344181,-0.09404886408057574,-0.3507600769786627,-0.5922368365821272,-0.09890463821845465,0.2845192201978864,0.22464385690861458,1.668927250605503,0.6610839029879706,1.0111143899244848,0.7444195586658039,0.4118038496967925,-1.72147398638581,0.033729360304159635,-0.16000164915047238,-0.8918381451546652,-1.0337291086497722,-0.15094147324806853
1.4346459146610087,-1.1712876925206541,1.8945141691894802,0.8094298871201808,-0.5087765619364047,0.7608316580630866,-1.4564745563790167,-1.1827983803356277,-1.8240166621420122,0.8858964152746155,-2.148482165740804,0.7974307135888112,-1.2930636028424245,1.4241003605061173,-1.325832600172655,0.8410787041798299,-0.32422868947774236,1.1229386340816947,0.581848445422227,-0.6069482102882644,-0.6400004870721313,-0.6442956575432237,-0.07519012903900958,0.10730773883673918,0.8020275109147637,0.8651738403472429,-0.16920807921506623,-0.5152609431001844,-0.9133262154695695,-1.2305556543973784,0.3948150049692291,-0.21472280312371783,-0.43685593381834154,-1.6201909018178422,1.537925150015497,0.041887098811818055,-1.698280843812351
-0.7581216941035056,0.05894071757217249,0.19981104921139975,-0.3627277696234348,0.3036824790444607,-0.44415531047938683,-0.779125634252825,-1.3890157031539985,-1.262319412814085,0.7557024201219991,-0.9713830308725405,0.04383690343292039,-0.7591890195368505,0.6890595593481988,-0.23783317872367282,1.0669654174045202,1.7118970375752174,1.5679013643938946,-2.1867773917515945,-2.2362557111960513,-1.792187496721265,-2.041599965205375,-2.3296102631125106,-1.6425201949580386,1.972919883244082,2.147167155629447,1.6638884664474243,1.760127386551363,0.9500392363159231,1.6163387022046676,1.1429697803400702,-0.6692439230643766,1.1174678810862093,-1.3639422128144603,1.0025001718548412,2.531910661190208,-1.3131469128276279
0.4292498727637017,-0.13274369372055683,-0.15849440160140327,-0.32290337290264415,-0.08094656852617578,-0.9705627718174403,0.01926403984908619,0.4050056373115978,0.8681486649642969,-0.7991664656240272,-0.492240484782472,1.604430668784108,0.5796744635913176,-0.10289915041183145,0.16726455012060637,-1.5979706820282789,0.004739365006426296,-1.2136936677066286,-0.11147436796027653,0.7813671103670881,0.3272974154915769,0.43316623988688185,0.5560438647458569,0.3437286620185399,-0.0197959510289237,-0.31743289314151135,-0.22525213627362134,0.2375739986643165,1.4450239155346352,0.7758218048294104,1.543039800465602,0.5449331308092227,0.8467964208126324,-0.0004869565454086992,-0.37086602542078007,0.38820335574402925,-1.5779461330410656
1.800642324843315,-2.162483987539419,1.330000063058484,2.021085604356197,2.1439052144033606,1.192822780139025,2.314343699591384,2.380898090847678,-0.7149233527475103,0.14260361760559953,1.473575989892992,-0.46987013263947514,0.6439447358609856,-0.6626967047936301,0.2983008902359415,-1.4751223523003527,-0.9554893700471992,-0.5936962037088185,0.8954405586470473,0.3824009087627676,0.8048492149664879,0.8403341587407168,1.3275709648147567,0.7847234328729743,-0.7473307668669633,-0.5558127742214054,-0.21426703725020435,-0.592937542223889,-0.9212526392286144,-0.9016762576034584,-0.7228611027429609,0.15768821480176531,0.42852252171769634,1.2071912742410067,-0.7838489429349218,0.5552720736563105,-1.1301684229210294
0.5007735917424923,-0.3485537591142858,1.2852863202585163,-0.35209185325805914,-0.3257769669802429,-0.5758063107569025,-1.5954603064882669,-0.3304684944638642,-1.5547440334603122,1.0561373055481906,-0.4860002404857056,-0.32341610699443707,-0.2589813229374221,-0.3438800571413845,0.10090118059210311,-0.3287537761931434,-0.7429174396863641,-0.3553131356254917,0.3928725196224222,0.0016731518842619123,0.33675820231459047,0.1500967076818424,0.08814335615259207,-0.1568913548974709,-0.1404037030869003,-0.8602334224472291,-0.41188901723924015,-0.8377904332623155,0.09448482404738398,-0.1915073732152529,-1.1160907886123905,-0.8081397452167834,-0.33080423774272144,0.669705087243618,1.0004203658855129,1.1395851644207067,1.266914623956197
-0.5595648627073855,-0.4993483075834104,-0.4307381819228061,0.3753378110040215,0.9360483913761455,1.50694520634131,1.3404060847370012,1.2511143925577641,-0.006216017994922043,0.693310304875097,1.2580735831126502,0.10890163524989423,-0.759265437140977,0.4862646922294852,-0.7120391053208627,-1.3651119445973448,-1.4383745794346805,-0.9355990042450518,1.4733566636639084,0.2161319334774876,0.19343233315403907,0.16294423444662828,0.45001507616253056,1.107747830828103,-0.4634630077844066,-0.6475206985549029,-0.9310402683492567,-0.42475897747802566,-0.3811967530455821,-0.035770333202140306,-0.563184883140158,0.12385148660903852,-0.07556281360059916,0.493383734304851,-0.2936818691169354,-0.492203030711651,-0.8538545300480147
-0.8705746662812208,0.09037895647860777,-0.0031518466621046617,-0.15835389233464292,0.04663473024005366,0.9525377370183943,1.5021773968805083,1.1907348520180148,0.4687232709212594,-0.09705268827497236,1.25493574513804,-0.2378448240437322,0.1340144180585514,0.16314684070651475,-0.7625128733944093,-1.816046103865099,-1.5355064589894458,-1.6776357742470898,1.953411616241872,1.7400720167961374,2.1405909048189353,2.3112503338677333,1.7319159121488343,1.432343377352506,-2.0514286767538006,-1.7410822432220958,-1.351799012800409,-1.2375246049370703,-1.2505101790599906,-0.8702985294661258,-0.5917347803945028,-0.455106354492713,-0.14800320482121207,1.3385503968750094,-1.6037639586445986,-1.113780603128879,-1.0161790799529125
-2.194495365173232,2.2912874074660894,-1.8621358516230273,-2.3111709491720456,-1.0457999775165367,-2.800762010594889,-0.1418292701726679,-0.539241283700418,2.231521632853863,-1.1297750836284897,1.7695187870719868,-1.5738770567895624,-0.48584238993551965,0.4764398264711306,-0.6300499876247843,-0.3725998337993166,0.017730414605077977,0.8176287832168316,-0.29552284518475025,-0.12611046972270104,-0.15013430316202753,-0.6261499839174723,0.11502012997320657,0.2466353327748092,0.1715155740337437,-0.15951096567178438,0.9692121155041202,0.9674920112580607,0.6577046120162636,0.17318506191571784,-0.5357758075915612,2.019157344061835,-0.31385267782248044,-0.6819255068552382,0.5128353927162896,0.15046976627277275,0.7881587511812093
-0.34307486527941816,1.040257809934333,-0.9902821565883184,-0.8297303218548119,-2.002310770762696,-1.1326273196660401,-2.0909696926036796,-1.5534032806324558,0.8177527181362333,-0.6487704506149822,-0.9555457142765833,-0.2891496221445411,0.5355877089076923,-0.8648231862059479,1.0214137065733355,0.25784960989648414,-0.0037064380671525633,0.6233290408361555,0.3371812612406815,-0.5498895422426266,-0.6210738970471874,-0.9811512609143281,-1.50553298408746,-1.1899925479825826,1.1815353146831507,0.834277666492055,0.9183893714129264,0.634748785677498,0.5076242283458121,0.13041351382214872,-1.3315685921405946,0.34594649933447097,-0.6099892068409096,0.05415681454947512,0.36718819506298556,0.23980888776144443,-0.47035479495759064
-1.4073758447331681,1.7365217722905733,-1.8088504955194131,-1.790331352495774,-1.6276164005435143,-1.5282522294277272,-0.9359479633398504,-0.9239259367667376,1.2182763839060495,-1.1069162239091364,0.0666121238471837,-1.779666178992929,-0.008146516780379663,-0.4242359235373157,0.4981312087733615,2.867837789215677,1.6587875969072192,1.9527074361060095,-1.4572273563171043,-1.481003540275071,-0.4148994585273563,-0.21799613917697516,-0.30187766647726855,-0.6471703904949713,0.5215996150424598,0.35641761957849616,0.5159803918567859,0.6518164283893433,1.2129209333275361,1.122059666746771,-0.9945379663472114,-1.5926209050905418,0.27231871319433437,-0.48295474716854314,1.0905813226606431,-1.6532684455997126,0.34961714566755425
0.004526400601037173,0.43792320747645974,-0.18796517694973827,-0.26350989443364686,-0.2810308869905532,-0.19128994721125445,-0.08821973218558671,-0.18275958211852444,-0.9074455931153754,0.10212286488563622,0.8114299692824932,-1.3368147283321243,-0.43238907421329686,0.023438517052682625,0.02664116875477118,0.5779649233185952,1.6394351406163479,1.3921371079117295,-1.962858840401246,-1.26553840994544,-0.9971910318433156,-0.9341048545371325,-0.729440348930289,-1.8603902985136087,0.6463792775399342,0.6658215421102173,0.0826804296928852,0.3772294349258445,0.6942916400503951,0.7058581579705367,1.3002849016470912,1.7741179153602118,-0.6559885035741495,-0.23511975349870967,0.29924262927224776,0.35002791340002626,-0.7338160331898232
-0.39988798185827956,1.2048559816106361,0.021866312221651127,-1.361150774241474,0.33377264884450975,-1.1570878213882143,1.328683241245425,1.0008469526886599,-0.23637609146191244,0.7619929890735532,0.055858085803369054,-2.2522261220163946,0.2986353880222766,-0.20210979275761015,0.08948887953025746,1.8027233196245458,0.6166697922223088,1.2090809846092379,-0.7138596753075481,-1.269807914493483,-1.5833693314309807,-1.5322763817451184,-0.8595083227428916,-0.2530337498350883,1.2282919318551888,0.8760385173578971,1.5360850733688411,-0.018960431235832194,-0.11729885211199517,-0.20232994436746027,0.18819451498042175,-0.6691083209900408,0.1828813054631833,-0.9667116607393258,-0.6031798947006135,1.0482968549374632,-1.7481800581989728
0.13396145586972183,0.44777078381647145,-1.1098209205150813,-0.7915090592749875,-0.17792901520323187,0.43584065144079337,0.5306552551364025,1.3974553207162608,0.11948910442930256,-0.17280030519963027,-0.8961456998849517,-0.7507804623022635,1.670222060314341,-2.157607587555072,1.9905848901821204,-0.025285346491869698,-0.4683161366305356,-0.02426334668716903,0.5202929253721954,0.4429435338032466,-0.00016976819222202954,0.2876774068754647,0.39325593384149315,0.6947372577440413,-0.2522528443722293,-0.2538048396513616,-0.33422719794652106,-0.5389610325705073,-1.3720442652253635,-1.330928094113066,-0.6239100446356901,-1.009243195200058,-2.136326077630389,-0.30732213183233514,1.223094416742987,-0.9444626972539166,0.3959821973879443
-1.1381010674017362,0.0868599859225983,0.5245790696130097,0.03270266326931141,-1.409020391565388,-0.2417190491848933,-1.673358040381183,-1.6863136195847945,-1.161912802442475,1.103987048488985,-0.41708438537118014,-0.42645306060907395,-1.9720951012420365,1.620849109524615,-1.35072837785563,0.589047262475762,-0.2015271082902946,0.7317592170691394,0.6408325377704405,-1.2576677377788614,-1.1159928243479034,-0.8513633277725968,-1.0706616736777514,-0.8814434501297513,1.3258076609283018,1.1540362565178823,-0.3673269765476218,-0.054436381821054904,-0.032615009240638024,-0.5781808936196342,-0.2354113158791452,2.095914698438953,-0.6086917678850211,0.007551763034220807,1.32080452235892,0.4108157000858176,-1.5115688170442405
-0.5033708443763266,0.9865460515308364,0.3811237129569986,-0.4851952634301445,0.08844157597201587,0.6604483558023044,0.4211181208415844,0.676204951467232,0.47294894144058375,-0.6817774607217064,-0.14322759111340574,0.3073244269797475,0.8248224848346984,-0.7253098399368451,0.9464190957409346,-0.1290652490967693,1.309077971591123,0.1447787675089959,-1.03334842198237,-0.9081847194388203,-1.9039961330869315,-1.2995621058219953,-1.601491131019832,-1.9429415954456355,1.266874980216452,1.5265309702391647,1.4757371220272364,1.7012209027106917,1.5031143924671109,2.1445382477050723,0.8916951215609339,0.3057127434472327,1.1207984663304067,-0.3346970094981832,0.1823769550039015,0.8698178740294367,-0.5281616752415199
0.5609576044891711,0.06570306139183363,0.7481649712562454,1.3647832537583866,0.12156343513787399,1.6443343649236197,-0.38723286090639675,-0.15629911861397153,-0.6677685518033855,2.0690661876297747,0.5731387977811088,-0.15216069407611063,-1.074803011787933,0.5667422206029465,-0.44079271813854126,2.749944302625733,2.8839451676041983,2.6245118843557425,-2.9685339426787203,-2.9941445195791943,-2.955047631691476,-2.552364666558351,-3.2707995911966044,-1.5791661293158112,1.9817412232468397,1.7701468843330368,1.8484441122086357,1.2622562262753378,1.688459613915007,1.761034765609772,1.786169791288259,0.6591322261925981,-0.9147841035194885,-0.12520953275225324,0.008784907055699079,0.5626972532821726,-0.7383241731323321
0.32767205267408184,-1.367502078867086,0.7916032196237212,1.0189041909947492,-0.018494910175820174,0.7798314670845342,0.6021528868971233,-0.37170515966866846,-0.5376544695223286,0.5351619648211772,0.997416246675974,-0.6196871395431129,-1.0339426988794418,0.9041390459276125,-1.2038500372866525,-0.6780039548357661,-2.042138854518963,-1.14879372291674,2.070864271319995,1.4428086825027153,1.2289609224700349,1.3369539011835851,1.8048952450274036,1.2432310385373093,-1.3009642704948043,-1.244751205258054,-1.1707653656196582,-2.082457494356427,-2.4782440481626877,-2.1538887202482084,-2.8583512013997914,0.6912889559746533,0.6052447446147274,0.43841049989066666,-1.380474150285048,0.6574991589945512,0.13866572218578427
-1.838623771234685,1.1851621222703446,-1.7332475953457032,-0.6785438841816932,-0.44862492579779606,-0.907760416178567,-0.5127812593505241,0.4558028223298798,1.5818109133442109,-1.7070508253000354,0.7082824295428566,-0.5492271198431968,1.6200755776747324,-1.9351980059020975,1.667511578847911,-0.5400027617686955,-1.0441331541315018,-0.24421973901031482,0.20430953983482644,0.2862601996597523,0.17108041728151566,0.150267324035329,0.44942979037787445,0.496585063845726,-0.5050377717149577,-0.44301025084881496,-1.7468849345836974,-0.5531847047659894,-0.7068575273345441,-0.17410571098854805,-1.889703865083644,-0.24376616552538077,-0.8301067966798867,1.268410653443601,-0.6617983364399415,-0.272958293366504,-0.5711012047394933
0.8145640051679288,0.22121899317060195,-0.4389863633322516,-0.4398617763900823,-0.019316928683985032,-0.7261263919758832,-0.037933946637474444,-0.799184568290735,0.21067924016237066,-0.7720980471486512,-0.7194048337487542,-0.6245948713911365,1.3566267788456197,-1.6359077869164391,1.6665749207698444,0.8301888294694227,0.04852339116325964,1.2482212790030829,0.20645206990372256,-0.9537552960064591,-1.4261052485390884,-1.4042499395488826,-2.0650592341093437,-2.089346638903784,1.40701523719201,1.2353949060248903,0.2823384579316921,0.7911843081989208,0.4111310101349025,0.2692449343743417,-0.009559558585747087,-0.608622990585454,0.7923125385717401,1.3405530589460881,0.7121011231546492,-1.160096827766983,-0.166558630474277
-1.0708017181095106,0.8433976084079426,-0.46863752967664973,-0.38413484204862064,-0.8732074430533088,0.8138658133750929,-0.6054845336461591,-0.9197041815942378,0.3897153876786841,-0.04244622401132132,-0.7905215126745032,1.5489314687836422,-0.15371576994779237,0.21300364315061684,-0.4204937835347589,0.23076310331817368,0.1463221899648267,0.7113171224332667,-0.3611616925738504,0.09629514319594448,-0.12554921350644538,-0.11805525212489591,-0.005456533274472325,-0.8085923905980781,0.2868559303994176,0.4804390133429356,0.31137809105165987,0.33328324554194216,0.2565587865584556,-0.1399509788508535,0.010970393876534765,-0.44616920486147793,-0.30034854872586386,0.7932292085330491,-0.6113465257790351,-0.4763210401709106,-1.5201877031732685
-1.5650542773526104,0.679205133219589,-0.3803738042878299,0.036782681231382494,-1.4299881629841529,0.4473926111390418,-1.4839462143109832,-1.554071202841799,0.2908078492474342,-0.6281360401830709,-0.5709780904397187,-1.7034864254644555,0.2074974844171414,-0.5121576876069892,0.27391234380236945,-0.4119782299099591,-1.2701959038734745,-0.9983869311716729,0.9174241036855344,0.4379747203613981,0.9180753648172242,0.9482222045613272,0.9686673418396003,1.1156824503326943,-1.1655035713815334,-0.858471655092995,-0.9220838495595128,-1.002422475941695,-0.7971961499430781,-0.5362368699657845,-1.1019546797728232,1.5633694468066734,-0.3406146282720583,-1.21931141120986,-1.5145879824090482,-0.6159295247066476,1.8439035314952998
-0.2354589337322322,0.7049316822063003,-0.5022608382774508,-0.5785174522251616,-0.4871892854755136,-0.2881429833525676,-0.3302506214975229,-0.5969653435432671,0.10192272089998672,-0.309407799210916,-0.2918295001517785,-0.9059429156683322,0.45339973833400016,-0.7396529286691469,0.9118215672566387,0.9969061280872782,0.825473564016284,0.5435663730299614,-0.885493541928727,0.04636269753568669,0.47622954387530403,0.09382253015625201,0.10899883737956884,-0.8050486183010546,-0.024547668711033848,-0.15832825307937567,0.15409907426154412,0.5266600425011149,0.6635228383388232,0.6434154633028376,-0.9523414247526094,0.16426791463365698,0.057587011308110315,-0.32368399323150204,3.4584101447972055,-0.10759049255497606,-1.1796833498601533
2.4486965018641773,-2.256082705634014,1.0729583709107635,2.3364213163966956,1.271273431107574,0.6044234599467663,1.3028737281466947,1.0911550263653198,-0.670483287967906,-0.2146419837051918,1.06961953822577,0.5170504982544047,-0.3150260456454767,0.39314178690568474,-0.11968800813079028,-0.02222860504260677,-0.21736111337382136,-0.5338098439621253,-0.1478644301824618,0.3430799353441109,0.34100888416937125,0.40868600509041175,0.35299714297235407,0.40755700600108574,-0.723411992393869,-0.6185493715306302,-0.11659030133836809,-0.362563309926857,-1.2376325520168014,-0.3192448763881688,0.28798105369242294,1.2686771815271447,-1.365943418021235,-0.23793664401711068,-1.5211829692225838,1.0718349187380554,1.0890954338294951
-0.35070743185552766,0.07740766296665777,-0.6162357837065794,0.13656417766150972,1.3107772957782027,-0.1716920420270212,0.8957475191692731,0.49645798888524695,0.40458705990655025,-0.29618252294600855,1.7183483127863866,-0.47790602362938456,-0.09216144829067881,0.36997827610603073,-0.6629122650363058,-0.029402124567696763,0.10002567724851003,0.1299966976964536,-0.15508381819475822,-0.3291706976774996,-0.33101889304811316,-0.3870571936381113,-0.6619256720372175,-0.408975645776349,0.3799802815457758,0.11187911585341707,-0.18161889065588094,0.43920669051688166,0.4588036060653771,0.0710557323293021,-0.3138704954820432,-0.11477265818019822,0.9922343304372662,-0.6191228143718611,2.2142092544439214,-1.345358665462245,0.09566849050537725
0.08858847023635373,0.4332310720407111,0.394162210844274,-0.3974306724797271,-0.19028574356736594,-0.5256225801695504,-0.02282970606024675,0.5453296535984119,-0.26382182641795626,0.2671710128363633,-0.07376509452680383,-0.02851517576653754,0.8421326386627915,-0.5616750357226842,0.0828154190221839,0.25427885410828654,0.39682653284700264,-0.5380355033379935,-0.08538465724775737,0.5522989711378756,0.4099705649830883,0.5028608471865927,-0.21591271205577106,-0.843217174420799,-0.3957600966728008,-0.23078897378894098,-1.0566604633584646,0.34080682035675797,0.41169445248526015,-0.07150680112928402,0.5335915231280598,-0.7908229094614548,1.3296814469622091,0.3759959902889548,-0.3604664508185563,0.11804644214575948,0.08723550827063246
0.6860556469984651,-0.3515604344826812,0.8964599697700008,0.0759379396046077,1.0587688437929117,0.1892559772553227,0.4170048169954956,0.6270434697519052,-0.7053881298777259,1.5847257995111743,-1.0348676484147719,-1.0793974295827244,-0.9990493667002691,1.2207190301716377,-1.5400153724809285,-1.744970727395276,-0.41890646711677626,-2.0746886994710825,-0.16104126083465198,2.024457698261527,1.8987490392456325,1.6440997290743218,1.4605450160277405,0.4046118963483695,-1.6396225592755902,-1.5148573990874477,-0.28699818148007306,-0.5175753669408067,-0.39621979938025553,0.6025055846919852,1.4820974414911627,-1.4747340242387588,-0.3644303526796638,-1.5521925173661677,-0.13669334245105813,-1.0956721030018648,0.2889467432746166
-0.8962931427086601,0.7005978009289489,0.6145730409318688,-0.8167194146929035,1.2978482578078157,-0.7260922322501716,0.32189025755389716,0.038309777288088036,0.7512973933750906,-0.90647321124937,-1.636206908953863,0.6424773663881267,1.3587991295049866,-1.2280492250873793,1.3593896686062652,-1.601627083651452,-1.4189684196002557,-1.7281298830623244,1.339560711805028,1.5148529771128758,1.3852133645592108,1.1283487919947,1.3269598344656273,0.6058090891509252,-0.9470302812452266,-1.0106504255446018,-0.4467788503289945,0.16934491645437055,0.05825512454186445,0.5862299595535944,-0.9974782136491799,0.606593856771728,0.5360960389308735,1.7212870220259624,-0.7268154397836732,-0.7706929389307452,-1.8222700894948765
0.300540978259821,-0.06366737593685516,0.5190702071996678,-0.6311721956791555,-1.3032175223804587,-0.7201103570476535,-1.0744732143049214,-1.3186854854611465,0.2119198200833721,-1.3156127583786363,-1.679655349416434,-0.9290636657619638,1.0026310345997287,-1.1209153957963842,0.7710065767483376,1.1256492441118433,-0.22256015324694217,0.10353981803660596,0.16598618713781232,0.19327531330310913,0.3117806040417635,0.3708046844175011,0.6761310753035554,0.16501268224344479,0.13290743370183458,0.21389455185841358,0.5929964829350977,0.06742030642382837,-1.6275759883446164,-1.1290150606833136,-0.54818319096381,1.6482386705704162,0.7954951358874066,1.225126167811056,0.7342590173294294,0.5346194480331198,0.8670949808707542
-0.852786715296592,0.6303287087963536,-1.1683961298933527,-0.053510785050139585,1.2247402103879002,0.14601656316546996,1.5966237992529906,1.2185029577653546,1.3798690364079302,-1.2776507546829312,-0.44965519826353384,-0.1888744444215979,1.7605399303280045,-1.6500215455693268,1.3658164354086908,-0.6692230298087557,0.23988765701925563,-0.6061558400936276,-0.08627924511083615,0.6163064253888487,0.768359032371392,0.8818774142442718,0.7273752182805492,-0.32349624515773856,-0.21781837358524772,-0.05203241743911909,0.2022830069252828,0.838234842510614,0.9902588006267681,0.5581777527855231,0.5575010167035566,-0.9208568139508806,-0.09070464884962173,0.5112514486343203,-1.4974544466717914,-1.2228512266665827,-0.5285879821480163
0.5497678770384724,0.06157487380856784,0.18372516833846012,0.8708676200956913,1.341517649123463,1.214815975729352,1.6718438866731165,1.145681201894253,0.14106267426254177,0.5740970424581519,1.4397935820761565,0.27651784827414233,-0.4858804871180786,0.04464062644079788,-0.44633153283512866,-0.11564703809646625,0.1360516902916021,-1.129344737786001,-0.18664128067130803,0.9722469516270221,0.3060826848711813,0.11322048696605147,0.6750904286200099,-0.12804196546417645,0.33520823049598175,0.6512011923640924,1.2064613511207987,0.8119310782604037,0.20748829025482826,0.37141276073190477,0.8584946842489648,0.47253595784089575,-1.1264307662091553,-0.026691204866397585,-1.8996496305649773,0.7110046618258976,1.0976151806125485
0.3907875342156523,-1.1567380525770934,-0.4423624604460948,0.2922722728285978,-1.669441267302157,-0.1063309261180465,-0.8036766328890719,-1.2231137606137794,0.596881951277264,-0.1758543012141659,-0.3941010402015352,-1.1657582919961356,-0.8804550724546543,0.9554354059903812,-0.8969739400520743,1.6604332147420124,1.5516406187318796,1.6747464723403773,-1.2225887196692289,-1.6846297442781064,-1.6449531660181356,-1.1714537875301128,-1.2076600868338987,-0.940587874799304,0.6102137011361234,0.6905843691551691,0.3112412900463574,1.1934146555404719,1.3122281180102626,0.5657346705743463,-0.10224626212742167,-1.4084165851536607,1.6256849061388765,1.258597394106604,1.564981499541912,-1.385885561105492,-0.18876084184896258
0.2997894937965019,-0.3671746745566751,0.9717463314458046,0.8295518889653484,0.37214903992932485,0.09592533969865001,0.9017109896254494,1.2098627370598996,-0.9453304187708487,1.3856629403426783,0.5249512551399411,-0.2162433352854472,-0.345979005749266,0.17691853493647758,-0.24831858397974918,-0.06977040793440047,0.5711992994481775,-0.2618759265372726,-0.1635157605195339,0.36739386174211663,0.40910333917278396,0.7906140396368083,-0.061498040771924285,1.1073316668130884,-1.365494416230917,-1.0746384080251823,-0.32971414515925296,-0.4166301993690453,0.2687063140263032,0.0060083942661240675,0.041266230568506396,-0.5919854756849366,-0.39751914424915585,0.7215281279990601,-0.8590488830367708,0.6434028621357176,-0.3997052714742782
0.1563638433559303,-0.37272916117834737,-0.6535659375621674,0.28784295550157635,0.7907959052679063,-0.09024804548605304,0.7507611593577548,0.5231948886850939,1.2010316639090501,-0.7729523699971901,1.0557163091718749,1.031300475195332,0.04070055592821109,0.09047954473205082,0.05153605719597399,-0.19414085962877878,-0.6703553680336896,-0.48024083776665555,0.934956962932418,-0.11886101430937196,-0.551820964190177,-1.002686818856713,-0.22413899114296645,0.3995217739267349,0.48091518206586764,0.9731643006196291,1.1928296521315507,0.3838979185869909,-0.5002761504929857,-0.9563548003534695,0.003454449318066403,0.22814425647162181,-0.6181229812560045,1.1369316626919264,0.697359476647046,-1.5842438952980804,-1.2657334228101007
2.027455203392585,-1.557585538072499,1.037062344104046,1.0358098960315814,0.9423569362010095,0.27753762433291773,0.43889266623328,0.565725514620306,-0.60759244906514,0.30104943613604224,1.5053100659570537,2.044829944662945,-0.8850518068163726,1.2572897261871583,-1.073830086214756,0.9314759500396249,1.3499175909473309,0.5808217053832787,-1.5062429133909252,-0.9675650516221472,-1.173120662034244,-1.3535191666175874,-0.7733362493144116,-0.540740768272704,1.3288312092846402,0.9945446336499674,1.1890422099354998,0.7419464006789669,0.9165277108487964,0.4626910810617804,0.6563627213959138,-1.7595946641275293,1.6712184169086424,-0.023647361381069265,-1.1416852991684021,-0.6478446325111841,-0.7690828858077134
0.22032169761579792,-0.841892700584275,0.4868304946130331,0.7978360767462762,1.9073128057467226,0.4867685320515546,1.3908173115378477,1.2929121259575114,-0.020964291324070176,-0.556612348883542,0.5049666969718317,-1.7215176760632338,0.05665765022284799,-0.544120311483918,-0.12478704597757544,-0.5891425018785063,-0.9715195767994268,-0.5520622939305926,1.482088508922033,0.3721835237413719,0.22437517347441333,0.25263454206592406,0.9391861913473222,1.4082836814242268,-0.5515011271817982,-0.21643796794054196,-0.9172406411128553,-0.843880583766341,-1.3181433955500563,-1.6815198069496684,0.24189891853757076,-0.05659930987632018,0.6235323785127389,1.8166138475744504,0.6595381449755447,1.879093548281034,0.35308835722848814
0.5197924659080151,0.4277028867261788,1.4613209378766248,-0.8036974422974217,0.020447867060780795,0.5144078907403901,-0.05418646108371721,0.555407582026605,-1.3309536996335483,0.6325336096021587,0.6954445256680359,-0.20034277140882434,-1.0775055327489562,0.7673874050921748,-0.6116882972594744,1.2437231514493086,0.658228047194376,1.363229191776903,-0.9606782612935115,-0.9865098622270952,-0.9604376018788641,-0.8034124401512442,-0.6898487094274446,0.11087102157804014,0.07883469400054806,-0.16432083463278466,-0.04022403338534788,0.14052963764245208,0.10068314423464003,0.40345547882967625,-0.48999234989473084,-0.8717938840976727,0.264407029171619,1.1969175940888275,1.638656955702341,1.6902013409308867,-1.2815086879190503
0.3542400691312115,-0.7329672598872355,2.2102527294173453,0.74740313004467,-0.7246647059835402,0.4041009972218397,-0.9761668713399689,-0.5112841835150724,-2.2758830200535,1.635833755197898,-0.10313832133249291,-1.4697165330243047,-0.720574986778652,0.5707041806916732,-0.5690886350809167,0.9105954699673461,0.5846722541572567,1.423142377130485,-0.3595410585148904,-0.3541162995578905,-0.22341711475211404,0.4334901601482234,-0.7162107464018482,-0.7680611284420575,0.36711810025837327,0.15729507676962,0.36997816078403284,0.1010476446422637,0.026164966471192874,0.8294021221665807,0.6941664495867272,0.563533856819652,-0.986411293331691,0.5424481014535117,-0.5810641033911141,-0.44152530080030433,-1.9264614066984471
-1.03907558654662,1.5066887736553471,-1.647255405965513,-1.501418110880669,-0.23943908425935215,-1.8257823647606575,0.15904301323596842,0.2978721810579689,1.9781688208653185,-1.3393815484627198,-1.3443990775939645,-0.4056188902437668,1.766337544348271,-1.6208631334391992,1.9089402649937763,1.8821591483408164,2.367648865045259,2.124034205381499,-1.9481184647864362,-1.9848833046335803,-2.1561196187905716,-2.0161957309866736,-2.1746692279495408,-1.6133198269841997,1.9246429147652526,1.8426697974115887,2.577653269772699,2.2060338081733386,2.2364797398456444,2.390490111388747,1.4397831525993956,-0.20334975704344993,0.8198287137512805,1.2856120549901162,-1.9931430156805992,0.3649913809299661,-0.85603531164793
-0.8028478124258486,1.0407889910050454,-0.12426563554801358,-1.1143030982537638,-1.631416268367283,-1.1388394979304546,-1.68318965036912,-0.572515675000744,0.16262484875849462,-0.16731077350610848,-2.14589647518281,-0.27979853120524,1.1058767022564489,-0.4346495304565787,0.1348036336235614,-0.6828396950911679,0.12178155061527651,0.47563310127949804,0.47328350530639846,-1.172315505613041,-0.6088181070638787,-0.6143552111952364,-1.323827586875019,-0.5045270511731699,0.8249077226748088,0.6152037039406456,0.552866495462286,0.6243091396483236,0.8295066309662286,1.0624296743502744,0.4916415917755818,0.896789925335218,2.9521168296940514,-0.3821783578341652,1.6439258595592006,1.1831886433580598,0.747693840084698
-1.1231609772285716,1.0882942256208221,-0.8023891906561726,-0.38863534214631035,-0.6863867138421706,0.5910790379604608,-1.6523300159292844,-1.7886686615214338,0.3003677338496785,-1.1829326943923255,-1.0662450518906872,1.9316037609000716,-0.08547843767271418,0.42742788675579907,-0.22969110848380475,1.4106530801049595,1.755730995100628,1.5487676796334449,-1.4006575569683648,-1.7302695615264223,-1.6249656340076524,-1.8946400835595278,-1.2477231198889422,-0.36296445975044744,1.1839086721388,0.9149102485277221,1.405744265858081,0.8527837411826467,0.8515141809700437,0.5935106973112377,0.8673457548567762,-0.3170616057516224,0.8989638924886166,-1.127235765682938,0.8782534582044508,0.6577905512226454,1.636953966483372
-0.8169792189112786,0.8444449192769288,-0.7427185539104417,-1.6506626869246683,-0.07395410564625335,-1.4722591536267586,0.5693825442186696,0.4425007792338144,0.7760588842438668,-0.4801154618478505,0.48179384459862223,-0.32162475266754137,-0.4938794067859801,0.567218789261965,-0.5086925549963622,0.5834771259014219,-0.5993269343277977,0.5681432676739228,0.36074833776670634,-0.2105891723308288,-0.12835584446405943,-0.5986855831593461,0.5838716378304865,1.1193191450492952,-0.5221319997021419,-0.520617171442999,-1.3411402464641535,-0.8239880951443994,-1.5025964042633524,-1.2200258256623773,-0.6890640263083596,-1.395236695975605,0.507462374939968,0.35528652259961974,-0.5272946520088815,-0.3017662973069683,-0.6858581931696351
-0.5363539760306298,-0.6178931149678637,-0.5687648118646338,0.24058048296780626,0.9975249128505318,-0.26921530693421275,1.111710718025244,1.2834226331212124,0.3573785944508042,0.34801966858908334,1.0017367838944635,0.5270819623747192,-0.25652134033106816,0.9897345561138512,-1.2096339458268812,-1.3290290425127718,-2.301381318843424,-1.3895709892569352,2.471635721831066,0.8786260052834775,0.6052624461144027,0.5413631289909915,-0.4543406337791874,-0.9809685792678546,0.3012226565946756,0.19660093667856207,-0.29036748943835283,-0.5834202752706469,-1.7297778305970568,-1.9866030137518595,-2.1803009308425603,-1.5192872924535201,0.7366120438649394,-0.021694325519657526,-0.2706286543133687,-0.7793244806499273,-1.5091075477080664
-0.2265438345868959,-0.0974193492717416,-1.0043423309700548,-0.9330817159078844,-0.5243385528733826,-1.735092421113285,-1.4472487644753578,-0.9600240021523259,1.7445564610934932,-2.2967091968765385,-0.8371795678281645,-1.0487308897923526,0.6035397731517533,-0.6377994322878155,0.9343082930379459,-2.622184519959168,-0.9231286871257637,-2.5017067557992476,0.8490018366258294,1.7511156470881035,1.6556026368892884,2.207612365046735,2.211927573860035,2.461808888957084,-2.2798702688306696,-2.3721911373013667,-1.6017896435879542,0.042047537084293776,0.4887383138093912,-0.1556526901079705,0.69948110508399,-1.939541320046853,-0.3319261811243309,-0.16170465841370177,-1.1669846022144277,0.8455359814834033,-0.3700478634762912
-0.23847049886746272,2.0946304128732827,0.9780919279290724,-1.8073654022988916,-1.7062347663150128,-1.6290426222693175,-1.7650818708356,-1.9629792179505106,-0.9971555045992202,1.1493441078189919,-2.381733342745647,-1.5728786240268515,-1.1541400385151883,0.9798373941152501,-0.7950539641487193,-0.7924170052576707,-0.18710176744752816,-0.43926871532382583,0.4931755460647864,0.70817021295876,1.3814736487937112,1.2600035513229015,1.4604739251991028,2.257103489254814,-2.0881872830068167,-2.265609414283299,-1.5227906361765815,-0.9856680224828233,-0.4596445340181344,-1.0511116004174703,-0.17862945210142164,0.5916125070392242,-0.3416372530100124,1.2461250627948333,1.3742891602431486,1.109455370967277,0.1278098780129322
0.5646618323207137,-0.3583887575825716,-1.0295837026474244,0.04764975345996061,-0.12036481604001435,-0.7908393388963706,-0.15348478844689756,-0.14985942471277436,1.0634394625802097,-1.9954641268773594,-0.3849248284409104,-0.9782028401597719,2.027988315814379,-2.9315420470138753,2.6286360303865157,0.31713041480025,0.35580647367662416,-0.21591489165156258,-0.2865008533149524,0.42278987197053586,0.19606087054535729,-0.04297648072304967,-0.27111286747208574,0.6469363577598399,-0.43009840172983743,-0.031331851018013133,-0.4711096889335501,0.04246657017910986,-0.45329612464031505,-0.940908191858307,0.6422251698166992,2.508197624105935,-0.35466773192936407,0.20155222257353214,-0.5886894258103356,1.6973927524490096,0.5000725197062177
1.3518930682082277,-0.9178422613597687,0.8495712069660627,0.42838915674156713,0.18855255919322772,0.469404256390941,0.15195959661543687,0.15066055625762115,0.01828268882472392,-0.46012480240064196,-1.6085198751019871,-0.5805128996067469,1.101521117124273,-1.2553746438157178,0.8895435314952068,0.46468016668880147,1.0300286071352303,0.5074130779362538,-0.5834650658138045,-1.0716354504281373,-1.2068028247865739,-1.0144339260038673,-0.976949121904713,-1.436661659866755,1.4350232942671834,1.051684646428455,1.4350392648702528,1.0245669517099298,1.038417400786727,1.2165856707547191,1.3822590752179487,0.3947339096456916,-0.583308363206635,0.29755929650088614,-1.476302502499311,-1.7226539035345327,1.9707742057314042
1.140903395723144,-2.0903004077858194,1.8301449403360777,1.9732657644018397,0.7585283773084087,1.3346224276849024,1.8642866620057963,2.6620872546745895,-1.0129621279853815,0.20450400752002584,0.7192143183538114,-0.12694901577132703,1.7022123726389224,-1.586639164780041,1.851923476647436,-0.040477848430127174,0.4990627425131742,-0.05327870347629911,-0.47074547800095967,-0.3106753366387468,-0.6605698294592979,-1.234529802099477,-1.030792285389704,-1.6277427103043254,1.5145576239488987,1.4067105192051979,1.0125285905189556,0.3555492573213078,0.19964023761889607,0.5350374349045217,0.14969784808197067,1.626281279779098,-0.35670394909279624,-0.29047281848191775,0.162736769658659,-1.28634835738548,0.16842691289265113
0.26169317832522054,-0.364077941664414,0.3413581336075512,0.6114921876218755,1.3525785774216754,-0.7117859702646171,0.5272311112621897,0.7567194698462415,0.06506531792098856,0.3156397831693018,0.8002551449081151,1.8617652213388878,0.11267596824820514,-0.0644167251390554,0.3307984788554607,-0.031368745817549,0.30954512606316,-0.3886239363279702,-0.030120160858724057,0.9160141289091243,0.7794687690294749,0.7722765208900384,0.8931901540613496,0.9817711357023885,-0.7485767106945609,-0.42014279631147533,-0.4496700094902199,0.202674505908542,0.7101425526305701,0.21608881863000107,-0.04700421305454784,1.0900983509913036,-0.3614521719790544,0.9124057625674231,-0.9153193459703232,1.1408325058141815,1.51807920398707
-0.865825784980702,0.5358567344219108,-1.0658695780233483,0.10332573105122266,-0.2673923519796963,1.0419443134235307,-0.821325825167093,-0.29385499832708956,0.4863395188664038,0.4692043727148117,0.041286726898131676,-0.42152890554290273,-0.024351416802119306,0.012664302785592732,-0.014959991486256949,-0.10856684585262978,-0.16315002893537703,-0.6123640356845652,-0.017955281665580306,0.952069224510208,0.8062374987876811,1.0229541720424697,0.7588517725773316,1.4663821243858233,-1.4043370010740992,-1.133229056630345,-0.9443038996864788,-0.5108224156558085,-0.38636407916193904,-0.2018396917887295,0.7405796280411046,-0.5547837404818946,-0.2469582682536711,0.7339442954441795,-1.0860167529019715,-1.5862532162337148,-0.4832229859449473
1.0455985977928517,-1.3244260887371917,0.303747055841796,2.6325457813068223,1.4220482533794603,3.3307989266969424,1.9071473234578726,1.5735170048777953,-0.17584589533300293,0.7180014168005502,0.4625205399440265,1.0903309547253326,0.0758552810085427,0.288448957273441,-0.2818915923764565,1.0689917362319465,1.0855000795800722,2.145865522041943,-0.7064094172844371,-2.4512269750076388,-2.1616288359234987,-2.3502704760568234,-1.8082840392270885,-1.3365701887124395,2.4610882528931706,2.4241885910725927,2.762524439466301,0.5194815673118314,0.8854381817587604,1.2878163979435922,0.15943792537150384,1.22128060882358,-0.2754675299156256,0.9049750229338788,-0.48364459440263646,1.2178438062050714,0.03589745356870767
-0.581175578221936,0.8330800508778861,0.1971916928026042,-1.0444831908936103,-0.8227641702225603,-0.6814885394189979,-0.7739121429526185,-1.0101299984462417,0.12515988463807257,0.44406765955302674,0.04100881567676026,-0.05441281281371078,-1.5206615865348492,1.6955832351204012,-1.956548162538217,-1.4419027901698473,-0.7243901595045236,-1.942817448405831,0.08733785610964004,0.9463942716634914,1.0463777396325344,1.4170655436592485,0.5626925756490144,0.3041108808264383,-1.0610571997244158,-1.1902572086584322,-0.25802418995674153,1.0517433683220372,0.587162876435067,0.4460522181584862,-0.49377726985108367,-0.5151915664563239,0.24972317593607307,-0.459937952671293,0.03492492056941534,-0.24294051107222736,-0.605997457309182
0.4204494999340574,-0.6067372168284244,0.08719311182881125,0.176708881911506,0.7151869646447048,1.0274391812973787,1.276504520379976,0.986474079150557,0.024834872777449092,-0.4947902207599574,-0.4098225774032244,1.17211004120866,0.6449846700805106,-0.481622624814292,0.8867416265802596,0.2926494392202984,-0.1282083048990104,0.2136940860668306,0.3242068640268818,-0.054411642853793046,0.09992000683962225,0.29780370915019466,-0.2304149874548911,-0.25026795536569557,-0.7736210067095227,-0.7509371369160754,0.5877261481990366,0.9559440788267272,0.9498018136510017,0.4960367186842217,0.4931138411040757,-0.4954092577867998,0.08247884989287614,1.3335166371744156,-1.4385497455233964,-0.5504589820192626,-0.6883037820189218
0.2647330053169589,-0.646358487604154,0.16569540631817942,0.5547902324507921,0.5752675875289918,0.5776359468800923,0.30918430204464814,0.5113286526960013,0.797336342752365,-0.3609130206889799,-0.4215561286677465,-1.5176403976510944,1.2978790979406922,-1.9221165355787055,1.4336158902515361,-0.8175761432889495,-1.2240264192181005,-0.1303595190249129,1.2811600432096555,0.01734658228945547,-0.002077310441436941,0.417241302883735,0.21353844925720702,0.7599237171053417,-0.5455361889151785,-0.830133683851725,-0.31006617479256715,-0.4674319524550079,-0.5946624923433411,-0.7027075490223172,-1.7257128658567984,-0.24635770374267246,0.17268004497800912,1.8658523538429863,1.3390373779434943,0.1795323582537132,-0.29473100698412846
-1.1004865535222,0.08981151095560416,-0.3437683160218697,-0.05512710563761407,0.16873689399639838,-1.1592243512256648,0.8608339446872599,1.3965847129275628,0.14493016721735424,0.014980011721623216,-1.1056929689901385,0.39000675651170696,1.3694265386907527,-1.2283891144521144,1.4358029357443478,-0.9028392600213185,-0.20189142338610125,-0.5404385260633204,0.23775783079098517,0.5977225700881388,1.4117796465570382,0.9371903391482524,1.067482797287445,0.6602013219618562,-0.692500830986496,-0.7449041175297776,0.6224397507051057,0.8985411872914886,0.45557021046403195,1.043202571815672,0.950625993314152,-0.19916501512878182,1.5525778138915265,0.873492383478759,0.6281487920690695,-1.379055425695425,-0.311026670471398
-0.5559622559228165,-0.1648383953510477,0.24980385480621867,1.0016359829756643,-0.15746317992871742,0.6555212531482945,-0.2910923135832748,-0.8505301442376182,-0.18719426090003605,-0.441857417967248,-0.6020386403940317,0.15402345796640926,-0.5070507540037266,0.37142145133813737,0.29705429081901097,1.2165550269752976,-0.054184510979833185,0.823351421584906,-0.5620540027372608,-0.45432734621140325,-0.09698195258817122,-0.14434673515830632,-0.020432482270359868,0.254438761743762,0.07499860806186437,-0.01179110414765724,0.14266460829963143,0.40316519853084504,-0.8066366389162276,-0.7313324208243625,-0.0772361366470261,0.619903274762074,0.08038214045922076,-0.770594236055273,-0.4186432722748047,0.8012261827739409,-0.616477515492158
0.5004457369365277,-0.998521187115409,-0.02978420002526969,1.1275578768809622,0.9120824046393525,0.5392070612113367,0.6655668845772862,1.4290306553322103,1.6475376464451472,-0.8269008374272874,-0.3775750696467151,0.28075896597395633,1.866623489668944,-1.9659688215806685,1.5869536447895318,-0.9809103223341594,-0.6426356746899599,-1.4416734847666424,0.47817728117445957,0.9322854207646909,0.3259586374645506,0.5932281168020453,0.48911052933874155,0.306225870884864,-0.6271491954284067,-0.6601579408716688,-0.5995215271799073,-0.13356749460723263,0.3461870509183424,1.2648771712103704,0.5867735169349648,-0.7066855169083663,2.2538575505370124,-0.7635393008686483,-0.9588269171520493,1.6711969738912165,-0.5647790857106139
-0.1766309457163071,-0.046190549269453526,-1.059171618138802,-0.4555659390539942,0.3664097950376588,-1.2198710887545063,-0.31761225891773626,0.08275324280786117,1.3300050579193026,-0.8923073662229744,-0.5005670613508115,1.1461167880486935,0.21062045408990898,-0.12339773290517367,-0.05151323424979022,-0.1223293933876316,0.6321386315823788,-0.05273828498757113,-0.2644463958610777,-0.11213364185153389,-0.8091639181891421,-1.2232480259254588,-0.8193949855458167,-1.1938394430580945,0.7037450199655664,0.46051091278845285,0.09318963146885213,-0.4638358970188529,0.47540926775912473,0.11678021390055848,1.2595022561071665,0.8466678144239632,0.36142150651650845,-0.338585342177237,-0.1413748900053774,0.8480214783099381,0.9902916914802239
2.939810049442158,-2.80416751175717,1.3774460418083831,1.9569278262120322,0.9357011515235393,1.5646378684806395,1.7841791534019862,2.0380788813155704,-1.6942658390845413,1.3410621181477254,0.6189999906758226,0.27087416853409485,0.14580245893202637,-0.2100516453549601,-0.06438799142605103,2.012577962780243,0.9223213228231293,0.46943866485113733,-1.1239245748987254,-0.7903069057639491,-1.025558883706565,-0.691590677123251,-0.43569324370337315,-0.9305108293160369,0.6344737635559949,0.148980298308081,0.0104542794440557,0.07454051674085352,-0.6189542315246168,-0.7641492105321871,0.46056576871022487,0.832370200650551,-0.4532654941332788,-0.5267569492065459,0.8513343874892297,-0.2746753268543,1.9504350438600944
-0.47390729076271065,0.04321454657907602,0.6167162771676572,0.28620425356476425,0.3183039266634333,-0.19660903371105234,-0.18841128502186769,0.21985818103161592,-0.1757546918227364,0.5920249117134649,0.17296093894686496,0.9446569929097782,-0.4775291815138138,0.5192274025814779,-0.09257282682583641,0.8724554679297366,0.8990381022225209,0.8345683883987636,-1.2790302334371388,-1.1087141669341367,-0.9228910141151101,-0.933843598293662,-0.9065791741881885,-0.4339312060464319,0.6135553280110756,0.9243510803858561,0.6555843876386461,0.7300853354028539,0.9609728268572689,0.2080675528344057,-0.5378818838089288,0.3028518403488301,1.3766814856999008,-0.03563511433506083,0.6958492247155811,-1.572690583258485,-0.5167431137391447
-1.0462789422810144,-0.08066639858770669,-0.6856472954973785,-0.05309043122086096,0.7618082992289068,0.06926029081077735,-0.1397948923216162,-0.2917917543742369,1.0178141688720195,-0.7759259141835635,-1.8634718529568315,0.46925737854613475,1.5446006518424655,-1.5416885905630384,1.4791359158009145,-0.44332826089886784,0.46764918272064565,-0.37875956491923857,-0.7532194926185407,0.614617659305185,0.18451609028242671,0.46326446212541095,0.08040055963269868,-1.5355308501770932,0.1414901430064034,0.41099354510015657,-0.10115088220708988,0.7305902191739517,0.9408330281501215,1.3047965110409456,1.377893930355045,1.8927080868606527,-0.0787582512228091,0.6648154034389858,1.0110550710550534,-1.5340491793060973,-0.3523496681226595
0.05279757882128384,-0.6280570046721353,-0.8182100830244639,1.251216741986965,0.11543706746939116,1.4225133527005336,1.0559373168432384,0.9089886682550893,0.10808791406554516,0.5489948460581995,-0.2720721006127135,0.28027603072803536,0.14094654568139686,0.31676465057502456,-0.7806036051870888,-0.35927864787842384,-0.03831608273927415,0.19568826073415804,0.3757262088792982,-0.09146641785103525,-0.3737686181698568,-0.28873528815858635,-0.5984603065160434,-0.21256532277832785,0.44947384248435757,0.6649585727324467,0.1596365031853783,0.21206608374005664,-0.07200941562042931,-0.01759363504568776,0.8144558525163829,1.2432633625204081,-2.4355500252416715,0.3238269886666616,-0.5341287823495255,-1.3632512773006191,0.4497296608138353
-0.3488987782605774,0.374580439396033,-0.8834947824792073,-0.0908232682570035,-0.7004399637777536,0.9072944157240134,-0.17515331953288454,0.12668822415277964,0.4760882722860208,0.5947153869795172,0.8576756574952953,0.015235370359843355,-0.39688374419954797,0.446542378245066,-0.7732166141087853,-1.229139488399923,-0.4493199494512782,-1.6346181364064312,0.5630824174977656,0.8477972508676044,0.7578077157460417,1.1538022951003581,1.1256710277410222,0.795784063394439,-1.158370267574073,-1.013316072772719,-0.41946129608651866,-0.0329745596164932,-0.38861066969065006,-0.7406749300099548,-0.4115763731436021,1.0265259422797819,-0.001842705943169437,0.23654795502540787,-2.9886874350941928,-0.03926820863181695,2.9649997874342398
-1.7652157951160108,2.361261603679376,-0.43830131483340573,-2.6369392605644557,-1.7090732584437067,-2.117531862337185,-0.4427253220290127,-0.501947894862843,-0.43309171439817623,0.2359442914235958,0.7474129891344473,-0.8665707728895273,-1.467243463201008,1.3341420628325684,-1.042312138984443,1.3431573653527265,0.33876812367052467,1.0064425891211886,0.07952340707946072,-0.5828225062658159,-0.680477957501019,-1.0379810951134287,-0.9070501383787709,-0.18720182739087332,1.1408684835561003,1.1389981280653567,0.5995134683205661,-0.09094819857389115,0.5089539313303719,0.2849440875668376,-0.1949035001815334,0.027219230685071094,-0.2515323434054108,-0.20499940882307588,1.2011372222182288,0.08704150173262147,0.03362793663718173
0.8281636868184804,0.2221329527639048,0.6427716986908215,-0.8099809930404585,0.1764398006485395,-1.2869748289561567,-0.27922762489813463,-0.15286288136250392,-0.32558413317632,0.13866301512327361,-0.050113947071093574,1.5195563851510654,-0.0001834777887396868,0.3357029949887032,-0.558101220325308,1.0487771061395315,0.8404914479273532,1.1176551438058644,-0.60852325450251,-1.1468469760541329,-1.9568233892738733,-1.7687784014226964,-1.2345198487238704,-0.6535957902575954,1.3323802152635684,1.0897801543318135,-0.19909014317068133,-0.09280348553671794,0.45538217483500953,0.6178664919989478,-0.5573721782336353,0.3116169995045688,1.6383798141998132,-0.038376344256824235,-0.21966488741661966,0.8458780591712908,0.8729909084630709
0.9866204559914292,0.3182973739657647,-0.4546689108951162,-0.12705945870948146,-2.5717802877989637,-0.4063848360911028,-1.722428548856289,-1.8351149880308677,-0.6936469071807111,0.3471321166172122,-0.7111974993087844,-0.03769118105741665,-1.15238466477732,0.6776680334793707,-1.2109471282251842,0.7183173007525258,-0.018971324864238755,0.717369932201925,-0.22676406968513343,-0.29873618963107124,0.21691162993749294,-0.24622986337458103,0.268828546175444,0.23139623015049418,0.4158969511490538,0.23831830677703064,-0.9056640347814608,-0.13617273915105713,0.11108284676943726,-0.27227803196691913,-0.6571985583815835,0.4829263627570014,-0.9118688250155939,0.8282288208554878,0.6171101240557992,-1.8319799421964698,1.4132267411254789
0.8468098643752648,-0.5708779686660556,-0.1599329157078442,0.31321196689442865,0.047278648909196426,0.011817989693168253,0.8701862148910113,1.1138291307956543,-0.3923128127649649,0.356224865316366,-0.6085130963052592,-0.030304884053303654,0.8322562244204073,-0.509426677344804,0.6519212842868956,0.8304862255601172,0.09871653300602218,0.06584397261245624,0.4246855865588934,-0.47107387552433605,-0.04174210169094799,0.08979866087532519,1.0942392350293881,0.2438096485157527,-0.09417306244993444,0.29948169588644724,-1.0740786152935895,-1.262778665460785,-1.3182356777192639,-0.9918954278554992,-1.5640292378521559,-0.02546768309385801,-0.336549299274783,-1.967990999608851,1.62428057722894,1.2908691049385608,0.27916742224869606
0.30452221046043193,-0.2916011322638042,1.006637457596524,0.8138852695507477,-0.07280495654157249,1.9736329898092733,-0.73584145516812,-0.7228016888246755,-1.6712271827133292,2.141951914045552,-0.6649605388951019,0.13401712514112607,-1.7500070677611552,2.620621285634601,-2.3421986711366163,-0.768501477604671,0.30366123772747405,-0.9927291264010599,-0.4635009154023892,0.5349981526377714,-0.11602337640247755,-0.008937773853007005,-0.3778939286721917,-0.9112469503892884,0.4554784783130284,0.8888379292639924,-0.18106189675951842,-0.3704415232824783,0.22835871262798932,0.6062482967521593,1.1507276980282337,-0.4126245186967553,1.2932279292227664,0.023805344894654062,2.39259403700346,0.6709665571493971,0.8291551655215745
-0.15852773339245738,0.5057229133120367,-0.49905300027633537,-0.2958238665340781,0.13753748003592478,-0.29375404414265816,0.30627361909118195,0.11367544786370905,0.5787313701566812,-1.0340057262307438,0.9394350852218369,0.5047292551672088,-0.02136499374195592,-0.19632325597429004,-0.0675113122251557,-1.5554882661779619,-2.239878693128745,-0.6883229042942417,1.9184202066119502,0.7630117419091297,0.6964906746416328,0.5828591558719363,1.1691973454495639,0.5523052783944239,-0.7954319094333293,-0.816682783806887,-1.3962040436571077,-1.6954798587914792,-1.8393219298421746,-1.7948193498825624,-1.3699570407859993,-2.4341315876865486,0.40390910965589255,0.3218707575002637,-0.704266680188542,-0.35540646893781136,0.5283590407840015
0.1542283444022039,-0.33873062702872997,1.5474272608506465,0.44154452129852434,0.2083170251421262,0.6481497584207979,-0.09910477943409866,-0.4287738483835957,-1.4259956467109027,0.5107825620346873,-1.1750968856123079,0.8368383883893463,-0.11020658793742599,0.021134598301365548,-0.13945611748283615,0.5900388289587576,-0.09673597138481929,0.6314735818263296,0.16560788431150025,-1.0233313957212142,-1.4238844319604806,-1.5953508708876234,-1.0663161694459038,-0.3611104471533674,0.775808449528418,0.7433939565492318,-0.018435891511170276,-0.8623922562782719,-0.023025468513570686,-0.85446150926722,-0.11157487322034505,0.6760593127896951,-0.17238147350593924,0.8152933458313469,0.08272446358738447,-1.2226667931260264,0.9295612255066583
-0.14576090900899583,0.5927551028383352,1.2137847845465812,-1.1649527955053798,0.26306696773412225,-0.2997331569792665,-0.019196804948141098,-0.28967085872871856,-0.7010139205457917,0.7332470224960012,0.15540457225157037,1.599396352337974,-0.18263736224715169,0.23935748308317506,-0.3375211314680035,0.9238240103639841,1.3164831516902171,-0.008325154158667162,-1.1457142754872174,-0.085109941586833,-0.35956284287337337,-0.43913462036912354,-0.5360553527910263,0.5950006454890671,0.01665954444565311,0.2108234566419957,0.34909445839200814,-0.25622996761504147,0.5924861280989201,0.39738706994617984,1.3128831599285122,0.9983641806804178,-0.7681885990851139,-0.9704716876652879,1.3206499197357595,1.2284876973922276,-1.0231139571134082
-0.6654583863451239,0.4780497507670428,0.5567394535940364,-0.6836635220006353,0.1445369014456825,0.24952703044279578,-0.3690736486339305,-0.8789632016908552,-1.610709886914614,1.3647291747409322,0.3738949680352969,0.9003798127273708,-1.8912134867801849,2.006450312064757,-1.9485995938927678,1.6549464517112127,1.2273886640165363,1.8625505565296525,-0.9409984325343678,-2.1976743253402145,-1.7387898802116366,-1.6301974383148958,-1.3449169067425955,-0.9020862376487517,1.8999386350817813,1.8473476070230006,0.6696334909015513,0.9079165112236197,1.3516690996507774,0.9538995952193152,0.7778574887421419,-1.1948321935853703,0.36046030522266964,-1.023103655412969,-0.8995205672930219,-0.32852979172431096,0.1471082662009841
1.5450940711149594,-1.1611320083633305,1.4283101575844341,0.9842697508674678,0.4341722180206606,0.9065387116435427,0.6056175389126056,0.7286836215403092,-1.6149370678082737,1.4888063041194484,0.3597259382165776,0.019494043534329163,-0.7003177349151837,0.6181133693233032,-0.14527901051211672,-0.18478050700057,-0.19373702656272243,-0.9441438185547911,0.09097404865916758,0.7203498400909604,1.0008945304290187,1.0459056944990903,1.1075770226066144,0.5353646856904865,-1.0192916104319072,-0.9362322448496855,-1.315169388484546,-1.1717260527595763,-0.8157163415303766,-1.26803980651654,0.181216159690112,0.5639415391154652,-0.02760678528036978,0.6165405200762893,-0.6362795088563019,-0.04704771740941555,0.40873665710971974
1.2648944298917364,-1.5056684419515058,1.598590033825861,0.3664546360973155,-0.6130456234737208,0.09481055312948965,-0.636300044522572,-0.8220517965184243,-0.7490448106167447,-0.3717756808222931,-0.4089774677797402,-0.9955462980554071,-0.3111525535220862,-0.012257482005440188,0.2432710891475581,-0.3332063444968071,-2.4403409242457337,-0.4481486428097849,2.7448987166149723,0.42149696713946366,0.7247459670222745,1.2797225968971195,0.5191244504644867,0.12214049502144818,-1.045695422765214,-1.0233457142469917,-1.9558996187547737,-2.0675860756566564,-2.997290229855065,-2.344911419673983,-1.8014011007725719,-0.6276630563966589,-0.7797411867117304,-1.8609565599790847,-0.6422307658404667,0.35861087216471343,0.39535876605541315
0.6500023104167842,0.0051410403024291,0.4198422037759577,0.2904977184560259,0.49253306086046,-0.04710244796656199,-0.14918715465502322,-0.14947564971295638,-1.0698882596340709,1.7295241174113796,-0.18865091989220906,1.119296847830584,-2.096399378281976,2.3174558041934263,-1.9892045556080795,-0.2238251887418172,0.1815323699866196,0.06853505318935077,-0.35894510184746925,-0.030610946380724056,0.07682981616319291,0.34029035565642435,0.25385032292986653,-0.06470193744142039,-0.24006475917855286,-0.4864665136395835,-0.7964718185379418,0.7905293872048885,0.5784969151879468,0.7881896140161714,0.8201994342612247,-0.4036226980665422,-0.7268007586553707,1.3614940835939902,-0.07998938855206777,-0.944714790119446,1.0282898014461765
-0.45492727705778324,-0.18121339449392385,-0.33800460862074533,0.5718111329682959,0.11934447718909856,-0.2777772424134735,0.9403195480746444,1.360899064528019,0.8949518786804894,-0.6413579795134953,0.9394559987549428,0.32030492479223827,0.8443555294759519,-0.6519485698920143,0.5745829374778517,0.7021800034365949,0.42546014204704935,1.1912640400126444,-0.7194556117328315,-1.2204539227890145,-0.5119715791845733,-0.6638764420428398,0.031402369231546615,0.6246078670636783,0.6820368062950084,0.5516492821931681,0.8935245808956603,0.27398202923150505,1.1050246161580253,1.0637167283422522,0.8420734977813694,1.266531834452988,-0.8272433608985591,0.26074433651515816,-0.2728091746286071,-0.31052641809658504,0.3763063850190357
0.5732969958299252,-0.8592047095601519,-0.41914094162984383,0.4735130030793275,0.1387124997745312,0.8914673389005591,0.14396054549383436,0.0844903167425058,0.21176769970331177,1.1118279043310513,0.27885642294972485,-0.8450653402955094,0.9031841482958376,-0.6364865647968815,0.3436851763454201,-0.2674073568395957,-0.11086846227357906,-1.3737684985985605,-0.44901491977602614,1.4247723865014954,0.9810677898545831,1.1161193391945414,1.1049816536999906,0.6099894875754215,-0.7334982491833295,-0.743408239825275,-0.6009144617931831,-0.05180888325761873,0.4218244232527008,0.1753622577218217,-0.4936237077310164,-1.0250729672215788,-1.0086077831553921,1.5870329799306726,-0.6480110847795395,0.842735743313886,-1.12755015046144
-0.2635119962478427,0.03188434473197969,-0.2137381325938565,0.5927458610165522,-0.5948121405187622,2.0506811987674927,-1.4105237139381712,-1.3421840619211645,-0.38151953678751943,0.5540753377903828,-0.17572304115151466,0.5533660140303138,-1.6638543118696834,1.6940551578570249,-1.1286978231183198,-0.03351556318049154,0.20661641533274905,0.3063606912651789,-0.2643589780486695,-0.191042187714658,-0.3536116458368505,-0.0689211160688548,-0.49093026707822734,-0.4329879035333994,0.5738172998581089,-0.1317017716986264,-0.050177048446557425,0.19462054397813194,0.38202267473035983,0.3963952246686858,-0.019951722702293062,-1.0265799277155419,0.953476127091199,-1.047160410784197,-1.021496445333609,0.741006416979517,0.5127498242402267
-0.3034588850958416,-0.22462620337181427,-1.0815865927782788,0.7976055062352516,0.639397790741325,1.4163772477760999,0.112376198233878,0.08449501808722633,0.3294301463183378,-0.47707793958176864,-0.25852622896805794,1.6621093708058003,0.9445737766240317,-0.6738591008754552,0.6196148367648797,0.8653078824120239,1.1144740087159921,1.163215070028986,-0.8336527461392177,-1.0763904130984359,-2.1428033396796042,-2.2441830804978355,-2.1296179052270414,-0.9386905610925029,1.2438469423749223,1.215553391504036,0.9647972631451093,0.9388253912280452,0.4587519120507278,0.11012616214346214,1.2613293773980139,1.7585038865063465,0.8163551771041302,-0.39930048400321094,0.7634813648916635,0.7500628143617689,-0.8801540345752056
-0.037642058505833,0.36284297763676737,-0.020295228765451295,-0.07626101595830102,-0.45558184331304535,-0.0450852030913698,-1.2462029390583704,-1.0062914185918126,0.13632091399702148,0.030385902370642506,-0.8568606754456308,-0.17132460109348213,-1.2634264884661233,1.0377880763306309,-1.2871453470573075,-0.6171985426527545,-1.3949208445634835,-0.816925498742043,1.5429813706887974,0.5032107291269686,0.39752371172417444,0.5952103588916601,0.32654786841819294,-0.08153896095485413,-0.5852615018444265,0.06180434616259462,-0.7532744116480939,-1.745229264630652,-0.9629492420087411,-0.5283098844293815,-0.639231291966028,-0.18359022940658445,0.9551470508896629,-2.3621654727196333,1.2915256963931072,-1.1879112740752567,-0.7066066964271114
0.4271281781017402,-0.2889107640999008,-0.5292730879039775,0.20539686427676,-0.1973010730562535,-0.5711868372589729,-0.5303104691459228,-0.6717715149605554,1.7868972353373211,-0.7346204636972368,0.29035959895257046,1.3714848723329622,-0.006133538462623775,0.26681114889976953,0.7165259104764684,1.4352575795576077,0.38799312315215256,1.2873702715797484,-0.2853536231033203,-0.6920962277200258,-0.35866727439975654,-0.7891114253979115,0.14835263111332336,0.4352095585528767,0.09777798861453585,-0.024749836038155285,-0.27292474854248244,0.6199523452955411,-0.25034408845255285,-0.41214739014569807,-1.6836555856982862,1.2025900701461167,0.0068166340567121925,-0.7570553330797849,1.4370028007589024,-0.2646971080421003,-0.4412613809653191
-0.4287122355639557,-0.1984681974813205,-0.8950410233542644,0.6588776513742186,-2.622642933159295,0.21024367455916146,-1.9138143121270852,-1.380317364734371,2.4015283163130405,-2.4077261271474253,-1.7034053074057394,-0.34362320450185213,1.0698623038659072,-1.3816528290506378,1.361239935396682,0.6638630774411609,0.11291521032064127,-0.9068990791875292,-0.2451939514162767,1.020710915309515,1.0292322514188699,0.777991194312239,0.6166390884589512,1.0144119168326688,-0.581638061201667,-0.5525339316776671,-0.296558198142687,-0.007869414264610483,-0.08782464125656926,-0.18712546620275736,-0.4230247804546759,-1.630554720334394,-0.24486467362489173,-0.14789501041148256,-0.5348276992998706,-0.42531344698162954,-0.15114437914447307
-0.16267149585051602,-0.16211533486823465,-1.8653598573996046,-0.6286028432050541,-0.34071143918971014,-0.2660941838621601,0.09261910390498987,0.14152334611591244,0.5780543657548752,-0.17340296621201626,-0.976832359656488,-1.200528435846133,0.8488033961422687,-0.6767832218345036,0.26026324751803503,-1.8706422428297367,-0.7029546711993123,-2.971001937095527,1.0259710430542854,2.2961091452076485,1.7490772888770605,1.245247280802728,1.7481086660490461,1.4350562983311161,-1.1901694373864335,-1.3727884247525388,-0.477475871030151,0.23396475495433908,1.0589457208318496,0.8495228581277687,-0.1077580689385693,-1.5507958711325418,-0.2262818278828756,-1.918956485431075,0.8054368249017438,0.4003865630448549,-1.5042863325704345
1.318073216156742,-1.0461437387146526,0.39009526966890923,0.9440989728579975,-0.20036392336829972,0.5605762947096294,0.34033391294216553,0.08733036093545037,0.11026884930736133,0.14811584298905306,2.305553339359236,0.3147520060647056,-1.3325317618074204,1.4845579608569541,-1.1130412243827843,-0.5047739115313863,0.43887466158999033,0.08734213732429211,-0.40183517552631387,0.2246695551391694,0.5761849568819088,0.4901816458193642,-0.13224183202551815,1.0294460495321176,-0.42719261393091473,-0.7083207448886067,-0.3306339007325169,0.4902955262534275,0.0196009764421462,1.4891747189583826,1.3257499798967987,-0.9477135847024618,1.0421480346531187,-0.3577507998474145,0.1855096705870413,0.3104159847247464,1.0092780905530774
-1.7231874982065394,1.5984682579951397,-1.701638036589624,-1.86067020756322,-0.6940728399395236,-1.552513353966946,-0.9310709571071768,-0.9838381582321195,2.357372695919054,-1.6830674482374015,-0.016226465155987406,-1.9079807441847034,0.3848390580392154,-0.5927602080024627,0.8598057871572947,-2.040296702719593,-0.9729392411328908,-2.0497455979087564,1.0429102093922975,2.27590509328754,1.9811861219569658,1.7543540659952623,2.0427367711986735,2.613405580717336,-2.732297524181018,-2.710899761131967,-1.5935360702007269,-0.1348310098936826,0.19003222866476588,-0.2902148808387519,0.3269545623231211,-0.5180653740934911,-1.851447143817039,-1.9434810832994873,-0.6247924133398848,0.12927990148653223,-1.1375334728248327
1.0127778875345015,-1.4208587155346635,0.500791749499567,0.9032582758770028,0.6358671520023226,0.9449918944932858,0.30471895890765976,0.7540494701230847,-1.1928819287676946,0.5535306941256457,-0.054959203388571,0.5882731175960322,-0.4396071744177901,0.3766416589624606,-0.4889209634865877,-0.1804956577802367,-1.106848964419806,-0.3338853810382075,0.7270739359036696,0.29565743529814426,0.6037574863574859,0.4603897390846794,0.8654645541083136,0.8407138885072077,-0.3152082241637282,-0.13560927933451802,-0.7852752472146196,-1.2368912136178758,-1.9068914743353422,-1.8702832015992914,-0.8975334423974285,-1.4359697544157097,-0.5217305548600358,-0.2211855649508526,0.685440965941121,2.451192808056104,1.437445615284011
-0.15510863965233837,0.14384017597384946,0.7098994966802842,0.080321608297803,-1.169674354395564,0.189969589860745,-0.6851541159820431,-0.8909885458884703,-0.9604595287790247,1.1640111490841651,-0.9399732533116433,-1.4107536079931065,-1.861381958166139,2.0273355703401506,-2.1938937754422008,-0.48743113991898873,-1.7447662425016732,-0.3205032788032511,1.1442150416626695,0.3120100323955592,0.49090099849538704,0.7187323973988035,1.2999138193291264,0.5644005358629719,-0.49801768325331786,-0.5442340968742935,-1.3704259486823716,-1.5180980230580627,-1.5987701248252062,-2.1107700839011763,-1.7022362897368986,0.3290727641974656,-0.9014594597757056,1.1772283510362815,-0.6709142274753359,-0.3191952511248182,-1.108658605531581
-0.48926003983965277,0.7826618119117367,-0.37780001630167037,-1.1184771127423847,-0.7582591746832013,0.44761502788615715,-0.10099476107482179,0.08599766778399755,0.46100715749556104,-0.08535266593899692,-0.8729741176726469,-0.12232711016087301,0.38053171847048234,-0.549898081613985,0.424522960596355,0.8691766009622971,0.18551192097620656,0.5723626205267672,0.06288643259823763,-1.3831502736511199,-0.5886590946736358,-0.532549853064912,-0.13792823228390955,-0.5670452618819879,0.3047929728026929,0.18901254011962093,-0.9454698986200507,-1.0961265816905,-0.8325756227218276,-0.6083466778116795,-0.3472883529849494,0.39409268055440366,1.3871756347432034,0.00031942820186707294,-0.4295011684213824,-0.43680011510352373,1.165183866621568
-0.32912144055494413,0.1071450312211953,0.4076048536044916,-0.8871954699837097,-0.3472618090705448,0.6048484182969315,-0.3633034197433744,-0.12805817148112433,-0.3043782029802908,1.0911783346621966,-0.18645752874644228,0.49085604172843866,-1.0687531835902697,0.8293002581734698,-0.5633904380591233,-0.8768677622617069,-0.339408974836818,-0.99588369400216,1.0371398453426552,0.5732503253390414,0.6562823583871239,0.8722966621505919,0.42821052585587055,0.4585649583854274,-0.8010961093706079,-0.6385271704635305,0.008807092489512086,-0.5275047500589684,-0.2671794901508211,0.5485031005991594,0.07191886716426593,-0.9329749130132625,-0.48401977857749456,1.6860829532838777,-1.4341517548228813,-1.189489080070208,-0.0727343848807997
-0.0097463949768329,-0.5861628054608938,0.6596569799857085,1.6204130805425903,2.7761581111453197,1.1176650028897857,2.6302344072402386,1.9451776383900787,-1.4040171539540784,2.135032224662483,1.1824053263820102,0.5807742619495092,-1.117401483459771,1.0466910889376064,-0.7302104772767943,0.414194861258327,0.2790528443958812,0.543480749655573,-0.14568475473189374,-0.1085724048128944,0.17350406836299007,0.6601835100825365,-0.4839985982793772,-1.0418888875557044,-0.2540940585819066,-0.19286403980466332,-1.0521209523834034,0.03993037507642267,1.0569774137092602,0.820704636931407,-0.7150533412936468,-0.8537691148758545,-1.6638953025296457,0.8179909611886211,-0.5179062247903772,-1.5725012550485304,-1.6674401688237281
0.9225988788304111,-0.014719216420644644,1.6169980099109007,-0.31178991977858234,0.33148881780475037,0.3480676758056665,-0.06286952596118661,-0.6534120444756045,-0.7899707362152915,0.8805756422051139,0.4084727747835221,1.6987102356620265,-1.319202357682218,1.7351634394962796,-1.8284356048507289,0.5984920834657291,-0.06981895971333436,-0.21056462376873591,0.3098210927318056,-0.11855808458836256,-0.1474514964585458,0.4947495496839419,0.0875184404953401,0.2169603064168644,-0.4320580841557468,-0.3424353355613968,0.3967207528399064,-0.31004765186868827,-0.5070461980744971,-0.7278473498058868,-0.568796913845806,-0.7225125989488439,0.22977407752376908,1.3773828520628493,0.20311678783915788,-1.2533761318877077,-1.0311999297627286
0.15712961184246443,0.23218803191495532,-0.5094727124148213,-0.6512624383759861,-1.4706717804073335,-1.3153494034186681,-2.465091976261398,-2.3679061804340025,0.6540949116539786,-0.42386173679797984,-2.3426610295511967,-1.4367847918235375,-0.35286257101879065,0.5305610573321732,-0.04838661549488913,0.2813593435932581,1.2135969924571632,0.7980810821118486,-0.9292536992888383,-0.7728803518657436,-0.9224683843649701,-0.921343102908729,-0.9657511453112065,0.20123677848390698,0.6372260858374491,0.9304752572459303,0.46067292003009586,0.1401160159481343,0.41458512478550674,0.3366608542790226,2.442355493006248,-1.1985831117767636,-0.37469880925328986,-0.7264456070280869,1.523575591049107,-0.7492206152898788,1.207272771175639
-0.5212490054907453,0.20661247012578202,-1.1750330160975346,0.4006422061000247,1.902971984143283,0.8637234089720451,2.079832895079058,2.2253585761155232,1.4900643631687767,-1.7573354038810411,-0.15971641566053568,-1.2012809320600386,2.6368150135368937,-2.383312385421188,1.734385252220416,1.1798131535063396,0.8443882704531983,0.9090542285425582,-0.7936391020167662,-1.1748267717423142,-0.8279746779292695,-0.6272138639672804,-0.6024605820605411,-0.46055161969090724,0.9967845019884465,1.2419273382333145,2.0325541881814027,0.5743261088261423,0.7668638768159017,1.1362741159221907,-0.15959382715634562,-2.921892748188188,-0.5649552027293023,-0.7505359080721439,-0.40672712747873224,1.2897262563568248,0.37796771905109766
0.6811417820555663,-0.5265461272104094,0.40006572844738036,0.1424222439388272,-0.12486364701336602,0.39524802280607263,0.23433956848934642,-0.3936099251612104,0.014084202463006762,-0.10164253386308583,0.3824000613125433,-0.07134544402242492,-0.41082887012087393,-0.0128045163697247,-0.18810279563558274,2.124298924916853,0.5093831092786398,1.357752644046934,-0.9335587109629266,-1.1165562158939029,-0.316256056388888,-0.34618559740913196,-0.5837401831108836,-0.4932833923014978,0.1511459505845609,0.5460129579154666,0.15437272702545454,0.6112880949850595,0.22797137565744938,0.8226680390611336,-1.0600976208865245,-0.12333127327296695,-0.6699578735561046,0.37924392471432994,-1.0942047189021231,0.012432402807014638,-0.1202639266276198
-0.11889772227130556,-0.10324942053253727,-0.7968118975782559,-0.5693955072667135,-0.5675289947046231,-0.9685941581089791,-0.5162423923303533,-0.8268412380165309,0.9351187139898063,-1.021076594103604,0.1458526498520288,1.0365833545235095,0.5708908632508082,-0.4165441609140349,0.344695563042517,0.13355236257615347,-0.039887312296107126,-0.4442140323203187,0.2434822347318461,0.6009167476848517,0.24670785719781435,0.5452604968166306,0.15435259793659964,0.613957376702236,-0.734678207887266,-1.0357606803448882,-1.0646817724065154,-0.8987302602481628,-0.28297049631919907,-0.7146810921553685,0.7432815137748974,-0.46725934205963227,-0.7101375554170963,-1.5356390123953483,1.451716989622017,0.1673736525962481,-2.140122793833632
0.5146413957219534,-1.0144114773316573,0.2054737877509496,0.4159205789749325,1.911309676831798,0.9980266990834453,1.6526628330105555,1.7824741192459457,-0.1557960054584413,0.6557571657742669,1.6507703745306788,0.7558643555124865,0.8856261868177882,-0.8803470224254377,0.7179802509601544,0.431946113879,0.8991709910589402,0.38866676266673494,-0.43314095783188816,-0.14903168305068107,-0.25243463299551805,0.009209581748732291,-0.9380026076175917,-0.45954324234029564,-0.13707353621646398,0.09687424748630033,0.12153735306488164,0.6823973136937465,0.9082174694679493,1.0900978798608791,1.0653318260183813,-0.3654026429026236,0.7238486699484101,0.5042238837853488,-0.558402730215214,-0.12368520535939989,1.2668801512286363
0.2547588030469433,0.180061232326909,-0.47082970726235157,-0.39668681369239833,-0.7552395875513337,-0.9017289557328273,0.07576280851245291,-0.3708162850556826,1.1157225666432224,-0.775969711655073,1.6119031572871028,-0.8456538221481038,-0.27441697658937947,0.24119799112087464,-0.39870304352183233,-0.8761133307308009,-0.010088883850959827,-0.9214904349470692,0.161265387628666,0.37798513124196725,0.3406751604500914,0.12919912407798942,-0.1278080361122927,-0.7889517318895117,0.4630036111656347,0.8860585077674599,0.4451313210990709,0.8201576894814223,0.5597121890900183,0.4447486800995831,0.5262702460704828,-1.0461520447002115,0.23014450291291183,-0.2873538114475244,-1.8073257055733962,0.3402079055831406,1.721160348719091
-1.1009880342031522,1.91251887598677,-1.6075312752088189,-2.2530360281667567,-1.503120323494835,-1.868833877636664,-1.2211322956716224,-0.6807287145614264,0.3840641915448312,-0.8270031852421523,-0.797152504405453,-2.1207663303456084,1.0684322731251086,-1.4240367887334462,1.7364671267172334,-1.017808247307106,-1.7423035523765262,-1.6465168443432694,1.6123655465145799,1.5766626617984505,1.7047926247902534,1.4780594006930545,1.04421468862599,0.5629671117312354,-1.6304517703817134,-2.009459102711011,-1.3275369067167293,-2.075639622818788,-1.650972163138208,-0.7870112321558376,-0.8156806376116148,0.7683969212325457,-0.19937879168373557,1.3593114221670344,0.08185474439211023,1.3821874845593372,1.5488352489609378
0.5600478902192463,0.048041201730437036,0.6388443823997625,-0.482759088699998,-1.6531813713266528,-0.2974253101760231,-3.0541395149544526,-1.6694657089897202,-1.2061768474559615,0.6000186423296389,-0.7872690284502719,-1.18735753529252,-0.9461147512342891,0.9390109451841812,-0.9314543407671323,1.0716501903167792,0.059625862802050816,0.6348269357427117,0.06628077376807626,0.12307038196543175,0.25909655062004516,0.6694366732938062,0.6052281056327027,1.5886675860374027,-1.0251668800382394,-0.9929130961156035,-1.4385932213199781,-0.9926072797242368,-1.3073550678539831,-0.10414153342757511,0.11573338546100001,2.3764212647237373,-1.1162381027778427,0.71167881870626,-0.3778875317119226,-2.0308759910332497,-0.6271239492186379
-1.6930352939818536,1.5945595490354474,0.0930798943884453,-1.656811648163995,-1.0359290943764625,-2.288240381607194,-2.042565071895894,-2.1886144692699343,0.6088958951118136,0.82866700835833,-1.9025932248221522,-1.4653064282753467,-0.7453334814620641,0.3481111722409146,-0.21145979730564907,0.9370196607252349,-0.6863524523979888,0.4169964956341579,0.6462068464083948,-0.033877560550933085,0.37763257752913526,0.1981816963915321,-0.002413570149098901,0.17763924494687036,-0.5539330318385632,-0.6814659164461339,-0.4204303902478789,-1.0090363389779637,-1.2846994512803045,-0.29784981907898644,-0.15576779118425044,-0.8691893935175405,-0.16977074322640684,1.1270438517716528,2.2580322335555327,1.197529624690434,0.3157580477184711
-0.12312289176046919,-0.07710575387548103,-0.2562920543396842,0.5392534869254316,0.22421129721493252,0.5251705950456053,0.9770511755586554,1.5009831699566207,0.0029919903694059164,-0.21342217746006273,-1.915202708838164,0.32066993929259524,1.7269937626813627,-1.8498163633554696,1.8319721172300265,-1.0280822397405658,-0.6840854335764094,-0.2950075442975446,1.0358975990174177,0.3353236942676982,1.1877941612351013,1.1050030225255616,1.6558588630944169,0.7323750029391307,-0.9913178321869925,-0.9615449099869546,-1.2295968964742947,-0.8562436507758261,-0.7295033421370685,-1.0763847399510718,0.41678647283620196,1.3550891146687527,0.26766372507039227,-0.715753532239724,0.42552872452000884,-2.5546014943919872,0.41905622324468045
-1.0479795996669312,-0.6475883909000657,-0.5435900464968496,1.5999641051326756,0.6705238796248983,0.7608609493211602,0.8961451987215467,0.9529088624269306,-0.17159189555834495,0.5131502774079825,-0.45849712831491934,0.5785879647506272,0.34801875710378416,0.1261980316190659,-0.007218028937701158,-1.3115817154478804,-0.2223479868934149,-1.0899865766809693,0.28247746010660074,0.19161630392752005,-0.12739192869943927,0.08508198053302125,-0.4541458737404955,-0.4903417891713623,0.4819768820551975,0.7696665313119836,0.4839068746796321,0.025853276506614994,0.39375757225375385,-0.03258277704054852,0.7475410966191944,0.32643735880382996,0.30639089896203225,1.0787603164210346,-0.19872569710995522,0.001416144248697752,-1.4889129644220236
-2.026990099988251,2.6497496010852375,-1.3764900519878236,-1.8047968860521109,-0.9609150009781633,-1.6724776037730738,-0.10300171377260622,-0.4183388470865128,1.5841907343510964,-1.3238022482443383,-0.46469604686190485,-1.2568619853017906,0.5599000445990127,-0.7373051716095625,0.6298617832776967,-0.6405018683420477,0.2835464802730515,0.19197157515095803,-0.05833736184295315,-0.2572508104489778,0.04131578995780119,-0.007534131983968495,0.9228133914127462,-0.31442609051684267,-0.01416661626221122,-0.39305422796260076,-1.1703175712964655,0.2750025526329313,0.07041773709804812,0.8261405838274759,1.0275197701184053,-0.0033835120814817076,0.16608262566807286,1.4735241204703642,-0.9800672692941234,2.1759905853383987,0.12463274515400033
0.2292210479940483,-0.582102496284635,0.1390923983360066,0.3805863584388025,-0.4363562135921195,0.25105665929548837,0.5297546308771703,1.1447563607779057,0.30592917587382973,-0.37757988736774545,2.2812092538819386,-0.4711313849042535,0.5367067351622984,-0.3317356125039672,-0.27753025300705064,-0.12422182979870956,0.8566652896042957,-0.4608621234851974,-0.49208254809902113,1.1547951268103598,1.1644375427802522,1.5798302705294018,0.23633050596797742,-0.9118810175130512,-0.5715725405325887,-0.4856937510791579,0.16451953253176615,1.856982212162762,1.2647060751375758,1.057964464449864,0.08462821662696063,-0.38131156906692765,-0.937355873242156,-0.0033982734199360137,0.2797349084916783,0.6571491100346256,0.9659604446192949
0.8258631718321925,-0.22162364315507432,1.562049112767402,-0.5357537206422146,0.9222111647818383,-1.3979405191724301,1.5955265844604072,1.620425232023949,-2.4851249990523265,2.7414682715849943,-0.7647704815344206,1.7112097454391655,-0.2272059702076289,0.12230176948336044,0.16981169066085675,-0.396678254776606,-0.8268134418673988,-0.4958344809309419,1.0098230860889834,1.0458236840860409,0.9305477439124785,1.2048764717653708,1.0227862209388712,1.3898993375930646,-1.5962045565392673,-1.688347074758073,-1.558008658435944,-1.3619313693552173,-1.2591086220035812,-1.4403271328757248,-0.733242076977745,-0.12151559424413608,-2.4452173501683707,-0.7009632023938012,1.4108914610486212,0.3480048214382538,0.6763411411249372
-0.05317389387953061,0.5939942286685005,-0.22528474241863738,-0.19110412704196464,-0.08352440799540088,-0.44058939015715815,-0.9027818338941008,-0.3224364455875279,0.5916884405279376,-0.7281652846009532,0.2933913032421736,-0.4210292858603653,0.32561380628242065,-0.6600580532527878,0.5848502501883508,0.18297937591648653,0.8424971136554239,0.33791413451393865,-0.7806617665795555,-0.08502538626473158,0.19267087837315625,-0.07988187726973577,0.19460638321213727,0.1427270007920048,-0.03923514476858193,0.2773078351133343,0.7965575892201487,0.71083415130461,1.0113678422532326,0.2711597045932633,-0.35951491123750395,1.106047612011759,1.8350082401399586,-0.6834767891879437,0.2613070925754267,1.985074888824404,-1.0956327495115183
1.2848042724899498,-0.5684811419862486,-1.3184988296904212,-0.03316623177911777,-0.6501659987646354,-0.12334627104309746,-0.6451314076228497,0.3905830312732945,0.6026865170135317,-0.6577048587324418,-0.8251360792129833,-0.6726233403529721,0.6057837603183555,-1.0551893116995703,0.8308835288089657,0.9528298637576474,-0.1626715325736773,1.1148908539770472,-0.2613170686355259,-1.303110661473421,-1.28624315447093,-1.4038340451554903,-1.6658046756139075,-1.0498022189670646,0.8749677910698479,0.9512140836221005,0.29478400510200686,-1.2117260081884496,-1.6856793317056606,-1.403150990598476,0.13875651452272086,-1.171892301410275,-1.3315307929280673,1.2687264855651017,-0.9026841435945755,-0.7335231225767502,-0.8608215328545425
-0.02073153547204214,-0.7935864927281497,-0.6146789163315517,0.49623778659307627,-0.8481516396898924,0.18854381645295717,-1.210930456112737,-1.1402124297858942,0.7709563507049353,0.07548351207749028,-0.07855820267837804,-0.16387524546506801,-0.7317893738641434,0.4346571199369491,-0.5639349681299051,0.4898719206962538,-0.2015856582749567,0.767543770384464,0.32963166258605453,-0.6537451305418572,-0.4412401029997154,-0.2414536834628689,-0.6254092879494715,0.16424463962440877,0.2929656223839805,0.23603024865483163,0.184165282908808,-0.8881155815549515,-0.3207003663565223,-0.4619438183750995,-0.9110757524065197,-0.31248958259968806,-1.9989251913326775,2.7077223292852985,0.4892287035104305,0.4092192944045888,0.7010134577027884
0.1590337306211516,0.4364056950173731,0.18670644068655076,0.41012857894559596,0.3116847431392011,-0.21737212687769003,0.3504108568635896,0.5507348497491664,-0.20944206008689345,-0.009611253244406223,0.23457134410596295,-1.169679569380723,0.6599990272111063,-1.0078295542095854,1.0356159011816688,0.5651900194833639,1.016896861349297,0.05454120992018763,-0.7019524441245765,0.30823682495341204,-0.3266540547399743,-0.3250935698844544,-0.4002202914740284,-0.13483692611509474,0.1430274040366671,-0.05920727445110593,0.5360820315494884,0.689978161882654,0.8375328473410998,0.9080567085543769,0.4544049461818861,1.20503424282636,0.13515435637567103,-0.9421953391263084,-0.1005899899647133,0.5540931337927449,0.5519904007855392
-0.8777398558788367,0.4773482759515198,-0.6876879460640173,0.41857834094563895,1.0507647002306468,-0.44118959422307724,0.04811454017966097,-0.41529941911133367,0.9056929022329141,-1.4927201892170823,-0.7987249767629053,1.3050065690886026,2.29356295329119,-2.219172614657252,1.910486014534594,-2.4750011950733333,-2.722483985397077,-2.5842765970732953,2.1713753235212914,2.792560066033383,2.228867192112606,1.5480585865922836,2.121363064593398,2.129250100585837,-1.9193066846367604,-1.129071885372474,-1.62842375260268,-1.2812074097909276,-1.7466044603566224,-1.4335310152092382,-1.8456055262473279,0.9408772510259475,-1.7377612213020346,-1.0187332688757007,0.3986662343095809,-0.5519547737535765,-2.1754534237912546
0.5706466513890261,-0.5392991935754127,0.24490743224517836,0.547719170239067,0.6567430686478566,-0.14541945659782052,0.5584250434715307,0.317508779365105,-0.21159055692955048,-0.3962030358231265,1.2467540046391925,-0.11108915955973858,-0.05670019210365108,0.01559903138929867,-0.09171938081054996,-1.6226391965808211,-1.7922091670525833,-1.5965495583702651,1.8518955842029836,1.6195309213421833,1.9076895938958252,1.5338663572098905,1.3328089577361366,1.2140914067883093,-1.455443179262792,-1.3252489457238992,-1.6001832771341042,-0.9682691219313453,-0.9294211831053736,-1.3537221700359998,-1.29517509291038,-1.1564631951059132,-0.8173917776859756,0.9525201522054875,-0.40804440399881026,-0.46321926693965626,-2.3666991836841444
0.5251214208879469,-0.5178821924490317,0.02042229893505359,1.0582907559208055,2.3442533024419836,-0.2662690630146174,0.8773741078927807,0.7661202600230004,-0.8230515825242877,0.9827109743396524,0.8615051136136126,-0.11886782064538137,-0.08517028752516143,-0.23876263332728467,0.44076216913679234,-0.790819323221066,-0.817577263826557,0.018021795525031126,0.79949180552213,0.376696215949221,0.7860414460890278,0.8253259376215534,0.892775776311328,1.463689388249733,-1.695199970877144,-2.0142521453494155,-1.085395075827283,-1.3446382949193934,-0.816801168418235,-1.0765610796913505,-1.1281841786184659,-0.2204678612896365,0.5611963643352607,-0.7154622628743653,-0.43162851633014104,-0.5734394658359868,-0.1181858791037407
-0.44621905207928975,0.02575581927056348,-0.25240232725770656,0.5593031279857347,2.054759543885074,-0.03704996444348771,1.459069090333931,1.4156384484367457,-0.8423070894832458,0.36371255203047975,0.7048494136620568,1.3287034941246654,0.31553841762453777,-0.3347029166819111,0.37255689255699953,-0.6228537564040383,-0.811742603132381,-1.036609713648432,0.14821655238651682,0.9479440801546914,0.9528456707824192,1.1831337425036104,0.9148804326103452,1.7675411761251945,-1.6784660669382248,-1.8337794194949881,-0.6059925377626092,-0.26209695525656296,-1.1606135907787316,-0.5836640665064331,-0.5114121116057069,0.6862581802450807,1.8075805759867827,1.0490363274321426,-0.4712747373734005,0.06082536886771931,-0.602946099217706
-1.324867877001003,0.9628446092306865,0.4819056169832043,-0.5398156670454823,-1.3917149309844927,0.27926416879167504,-0.2605107480526812,-1.1156591953112995,-1.2426071553895968,1.661529801773981,0.18023654632073852,-1.0048047605346497,-1.2996056284416866,1.138995196238322,-1.3565822954384348,0.874237121359041,-0.5749464397322586,0.4988517059177661,0.6582072386884503,-0.4748326010290333,-0.6350199718287778,-0.3309032241676258,-0.24119426423295579,-0.08879026778502447,0.287581101380717,0.3847738061665152,0.31786496620120236,-1.3502017912572157,-1.6462548490483735,-0.9671897017669095,-1.3896788321231774,0.6219531733899953,0.3968853233396391,0.4984517264021412,0.8943127864551088,0.5225097699222816,-0.32769769127700604
-1.539949781513556,1.4023649760553853,-1.3030660020152331,-1.3978299463202326,-2.0990897213919966,-1.9984638527369312,-2.10352440707672,-1.2636631000660747,0.2845546348370197,-0.21811484416785917,-1.3580109859570861,-1.6477216719900207,-0.8810745768377585,1.1552143090600755,-0.9112663212836709,-0.8747136217087885,-1.5751076413254508,-0.4187055881167897,1.9167093843346055,0.21093279612060523,0.5552272478826032,1.1268445832248213,0.14313849451103364,0.19643462065142336,-0.8457862011560162,-1.012194037957451,-1.4067828038084154,-1.4764984503772915,-1.9933524179087627,-1.9010936108454066,-0.1893752916461371,0.9323335787267433,-0.44501593780944465,0.011273636764524747,-0.42151727843238407,0.09692109537546496,-0.4344420508037427
1.0031464616807109,-1.4041087920034858,2.190421466979489,0.9424959817331252,-0.04827836648641924,1.2776575491887925,-0.44899301345347203,-0.14109471815483984,-1.429424019020069,1.628434056686577,-1.9808231171520123,0.053168921786880596,-0.7147751682061037,0.8155707349497612,-0.8677931499352044,0.6982967373946429,0.6564352177497899,0.9277795729533506,-0.6112453598991875,-0.6401574861222713,-0.014013024202491908,-0.2193036039361469,-0.18025006743921848,0.031162256111928587,0.7593316517254284,0.5627472393871243,0.24952122691329234,0.5160205564763731,0.15300572134427956,0.21525719549113712,-0.03157633782654016,0.34399841109496937,-0.050132695214750764,0.4744826400741416,-0.5133974696872404,0.6860976899057905,0.883752014740553
-1.2067548989493386,0.08622132135218136,-0.5216410816729148,-0.07345881538102458,0.5677669670033125,-0.8264170311584056,0.5355789200108235,0.7039025553644179,0.9972078593887713,-0.6507808559972553,0.38691934295822084,1.2045783232539997,0.8357800483191761,-0.5143244776462611,0.7468113476402732,-0.779268661537502,0.7761478385200352,-0.4198687172284273,-1.3240514738972515,0.8395112469819566,0.5511797949132908,0.3355955394688155,1.1082011833808427,0.8199280550992912,-0.18397360774846674,0.08654835255991154,1.3055836758849853,2.1351268972153297,2.3155082496501573,1.552248881814424,0.5260782759795617,0.5109524157171071,-1.8396722688764635,0.41367724346008006,-0.9977079092893442,-2.005967935676124,0.051959995145035916
1.52680189921655,-0.7870686613111442,0.6137029001339517,0.029015232248806432,0.36531367210076426,0.3161563042225579,0.40496565895348086,1.220588640420897,-0.6871828282830377,1.1520615597044512,2.2930776188893245,-0.22621912936069974,-1.694533815852187,1.487763352285896,-1.5239522476586507,-1.2023581007614346,-0.7355396984164407,-1.0187061149713388,0.8194551503570857,1.2614633239295492,0.4521756873163645,0.42770704478379246,0.03175906560276952,-0.22100955648613252,-0.14167389337228564,0.10329136893291825,-0.7509372793334068,-0.6450558524189934,-0.1468841410336819,-0.14935331335634855,0.5481588112099343,0.3026854407183321,-0.4568223568573156,-0.14367321898072738,0.4040890497649969,-0.24627584076275064,0.2069597660529066
-0.8184086587412521,0.8703397038121063,0.022157836511304325,-1.030860030473338,0.23458309869731828,0.6933694112867522,0.377300707845426,1.018179606442279,-0.6015134259214701,1.509798878735924,0.9945216737502236,-0.7904260821540436,-0.7361124256591571,-0.006024467561165927,0.0472065987164972,-1.1551069837051342,0.2146363459187178,-1.5321735865217967,0.11622422100776386,0.9024570787466384,0.9986519909887952,0.4516240720141505,0.3205557681772243,0.8625538657259362,-0.9369283411677428,-1.0568793861019785,-0.5038333125502118,0.0023038976043021435,-0.244343577644072,0.28695972047872664,2.008169187899029,1.5343601775018008,-0.45583397150719773,-1.7135146414081888,0.26119425100286753,-1.0554889086726242,-1.3140059821126087
-0.324591494942115,-0.8030597801221003,-1.8965046170042954,0.9932903522034529,-0.24095436518150262,1.13467286257453,-0.6657885702135071,-0.6635689550191032,1.469186683668005,-0.942317184243099,-0.011590992078678442,-2.1634299612710133,0.32401258993443766,-0.6962557663372851,0.838517668157213,2.317617061413756,1.5947564825753826,1.6788281558738198,-1.7629523380606484,-2.0101012184955316,-1.3777939542148545,-1.3154327355228013,-1.5044285750897846,-1.4587025323932024,1.2938822553909293,1.5559593363544924,1.3144119166345816,0.6258899850101516,1.0385951995864644,1.657971775443001,0.7032452346623027,-0.45866952590956533,0.15838770192292964,0.2130132669453396,-0.502390068906507,0.27631002618386885,-3.2240432200517417
2.8577263802479447,-2.2102342410284863,1.997442090309655,1.6184745902612705,-0.4772748579228055,1.183477971624336,-0.7422428212292849,-0.906416997166906,-2.811607790052246,2.6762597713048137,0.03820286296625597,-1.524420226788778,-3.1336976992635033,2.442658409894623,-2.574172953810909,-0.8019192890047193,-1.171379894124461,-0.1632121898720335,1.068183140503583,0.649289705915456,0.8366079903894782,0.743902668954761,0.013089248396979499,-0.2691390423738738,-0.17362753413156887,-0.3613356367877733,-1.0080960560683805,-0.48814819961703537,-0.08113025535748969,-0.12441339139195892,-0.29727979761863477,0.009333430194088537,1.9802057481570394,1.6013092646694487,-0.7640678096587384,0.2614305659079813,1.015558973170393
-0.5000390471141527,0.3241198801738464,0.006599954116449165,0.4735043350138824,-0.1872858897318648,0.2880685033074891,-0.11001940702727092,0.1619690156227371,0.372644139047028,0.277247024548006,-0.023205756302568183,-0.514870973731728,-0.8912301571343996,1.0586011864891864,-0.7674900890518028,0.7227793387592876,-0.21841024067881532,0.996227891223752,0.11587298648065712,-0.8093654601761526,-0.014999794952048656,0.22780059702789104,0.6941482301705089,1.0756760941308507,-0.5624204428020397,-0.08600240433432421,-0.2619508189278484,-0.5018945766382502,0.20914089648677409,0.04369545407653423,-0.6087220447331365,-1.049303890799703,-1.970243666197252,-1.566569375910367,1.8320727200550206,-0.14313121466921133,1.9788648103781021
-1.0016095574818378,0.10278410599166468,-0.33688114328372093,0.013750972430953934,0.5215057481686108,0.524911263870802,1.0070394941374157,1.5609540889260665,0.19946366711253738,-0.45137464284115963,-1.5798800512986544,-0.990657075342085,2.0751354787252203,-1.669361582220603,2.1053198467247625,-1.5659551180455262,-1.3030633389741035,-2.0212378325485614,1.288270323153062,1.9660929395275264,2.4527342679506052,2.638803789521715,2.099564646706298,2.2538005205609863,-2.2364313738047663,-2.005871618749241,-2.7173801219234583,-0.864567102965004,-0.7695778003651433,-1.3137652742939219,-0.28505136530392194,-1.2455185636508748,-0.41295427587610706,-0.9264048257812222,-1.9399279252528134,0.48591424881498696,-0.3695375246381469
-0.36611552698744515,-0.0018743124752652275,0.18194332128400348,0.3772950046281712,0.38776753464798347,0.5306470543765125,-0.11823412343250615,-0.16543022608330693,-0.10918175130510906,0.3891571102745973,-1.0045776533099522,-0.4829737765902735,-0.4222868999454542,0.05391464818407106,0.09574929620535472,1.463520983598704,1.7812160631971754,1.688872871227703,-1.81396110138976,-1.4354882938279432,-1.4213930598703792,-1.248266905188519,-1.3933568423192997,0.23550963980599166,0.7216770548744322,0.7686912385986505,0.7925227905511426,0.4334916352217818,0.6346393623024104,0.2865923513431331,0.9834927844055916,0.2849216098820059,-1.8650550356174234,0.4601014109440821,0.44340761276302226,0.975897178474298,0.18965093518383191
-1.5637985586694747,1.555513228065318,-0.5986539241766963,-1.5039001872710847,0.1406364337381513,-1.0424219581550154,-0.0019667326836146927,0.3704973868213392,0.10642163577349535,-0.559292291959745,-0.03022773539894974,1.8410032364275186,0.4229052324753636,-0.14612848498861825,0.19574621590964694,0.37482062643903935,1.2052732672205158,0.9516756562739039,-0.772703126028477,-0.09131772341419876,0.002059493426042118,0.0058144353311259805,0.3184560134433377,0.9614771818058864,-0.3625595738392374,-0.45488588583742323,-0.0863161690669844,-0.1560397416040997,1.5353919680498895,1.3097688553356734,0.7851333845142635,-0.7597583111772233,-0.5104036383007189,0.0735684741893243,1.2449080928531264,-0.08775280827818767,0.2606981403134283
-0.3082638775537339,-0.3112159006012642,-0.010597664439203923,0.5748809859517031,-0.22632748387026055,0.19240615480752365,-1.3305979309349347,-0.4967038526582955,-0.403293270484292,-0.040181217788255036,0.26112406460959364,1.0503019982773245,-0.07483579060462515,-0.18102682374282852,0.45102462821504047,0.29843848387237626,0.011779445792716899,0.27759816332320697,0.36666714459163685,-0.42021708260205043,-0.6062614001449057,-0.4667812909676397,-0.8477716306008946,-0.20932912985215382,0.8553702053889706,0.6545504336258477,-0.33455138548282076,0.25361239454650214,0.06419335762201747,-0.019721282451258853,-0.3945672947414464,-0.09609293671821179,-0.8782969585649911,0.4445251887793777,-3.452467553491102,-1.0839065343743308,1.5368147193727018
0.05214191689712018,-0.6343312051211852,0.5344462878105818,-0.02842249932184206,0.8400263675425984,0.17068544831395727,0.42248085360995935,0.7967712607209629,-1.475461990811814,1.0205097699820673,1.9329148545663473,-0.41092521249266895,-1.1671451225940779,1.2792403452668164,-0.936848836599816,0.4407459798425438,0.7964051320216448,0.5820339080504278,-0.9344431882127269,-0.026448141896493676,-0.4952737672241573,-0.7101184954325321,-0.5333609855576882,0.12890439254927338,0.08365662385071619,-0.5502650624581973,-0.0844412663876973,0.27626768491600107,0.20399168282327723,-0.07470235826989696,0.3956497505640594,1.5722146897415559,-1.5196432222144822,-0.6611063086769516,0.7456082005290025,-1.6161295799835973,0.7939656558424636
0.9890469566170544,-1.174964802529914,0.31204586613288515,1.2339946173186462,0.2685103936551131,-0.04254989963633606,0.3381526606773709,-0.3508952982668578,0.29447248652784386,0.42555344004341406,-0.8121108180556897,0.24111523709703692,-0.3130287899513466,0.686899664307451,-0.6048037753708005,0.5528556104218406,0.9409096289806145,0.9631033321245982,-0.5189568956254247,-0.7545559328560939,-1.1155059492804789,-1.0886730375715357,-1.3185332618490047,-1.1613997320754574,1.6736853267611136,1.5254278697171615,0.7947989999595266,0.41184957661163085,0.2719675112059513,0.7735898979962403,1.1106821115391265,1.5146490117171556,0.9321485775094771,1.1925074260503834,-0.2729406319860782,0.009363332764014276,0.42276258433602143
0.4969301893716311,-0.973024343934052,1.1578238316037164,1.1026299450790322,1.3546511526571932,0.5389451562699421,1.6145828259122947,0.9736382526299762,-1.7100801759016446,1.3955617228353905,1.4027557512405786,-0.4458325920557174,-1.740345647814694,1.743111722699721,-1.9429728362692396,0.8429356630846561,1.4240003682837237,0.389841769570321,-1.833751382281348,-1.0191794937355942,-0.5868446783594097,-0.553113776039862,-1.2629969455282408,-0.6996042140878462,0.8632036296384771,0.8234905182534569,0.18183041482771073,0.4264055714275124,0.3179928168314577,0.46602770559018053,1.605920468170485,2.1759309817462946,0.2625918194137717,0.08184074852877862,0.20531942661230143,0.21615351751837805,0.006616838932721378
0.1268957380168555,-0.7476747465475503,-0.2247465237612456,1.290092198996058,1.4563300032747486,2.060198160213158,0.7139291391085612,1.4738121095114447,-0.299402757431403,-0.13999679092191045,-1.7086529536785389,2.0332319541024346,2.390316255704222,-1.8871485732427191,1.5507914011433304,-0.5899896419247128,-0.4070603112985345,0.6040322369158259,0.16307722036116162,-0.8814457895880071,-0.6526992442845002,-0.643832517550135,-0.5633554828981943,-0.10769537018263502,1.3940741579936498,0.8434491794604282,0.060017708194758865,-0.6080071829054863,-0.23415474942771283,-0.2756967938358687,-0.6800054638266435,1.5920332195690403,0.8127522707565723,0.7290754772961305,-0.37634573470618754,-1.0013227335445845,0.011019999489323739
2.164695895431379,-2.5030903518581287,2.3152586259402126,1.1823749942272463,2.0756287937172915,1.4473512830301154,1.7838260257148895,1.6682042196001026,-2.4059357026749963,2.4580939836358637,0.5632963655714771,0.9070348039006783,-0.6719305521230821,0.7491525032464437,-0.8257465248598542,-0.6495089986251388,0.16294961711052128,0.016510910426297827,0.022604936574868246,-0.2506480794768836,0.17454607622280158,0.1182174772417221,0.5931977734004448,0.1483562963966649,-0.3388507148236574,-0.10607672644985101,0.3333254423671557,0.4280003809990356,0.392671437961939,0.6523645472442762,1.129073354428512,2.3541430433499366,-0.5392145658367837,0.35401900230297845,1.0280133810423902,0.7024846070574687,-1.4057852660883845
0.5888566910916211,-0.2513540742087646,0.40142673770254633,-0.13624160629614665,-1.1932522059264195,-0.1792146663875345,-0.8040133463641762,-0.5894023255319681,0.20318338207786166,-1.0207712192141105,-0.3757877495095871,0.49401473697053744,0.2770738619719632,-0.0562872987627156,-0.36434709860439785,0.06973148751511063,-0.8559248214998584,0.3056528497070011,0.8496112418316658,0.21611067086212843,1.335358790107631,1.0922029785201743,1.2431611543661683,0.9619622644697958,-0.6178713461099473,-0.6395531183735517,-1.5527916820647287,-0.8489647758561282,-1.3862243739478606,-1.2167530564246984,-0.6953496622444398,0.39601994611197666,-0.06978513359102169,0.20987134241187214,0.31282235676225023,-0.48819079560770473,-0.40817568278194755
1.437917476106666,-1.7571555414550013,1.1609213070813176,0.6367216241121909,1.5769312753378228,-0.11643949914397501,0.21474019667574137,0.43399422003356364,-1.283304924933062,0.12762516110561628,1.6995118969227987,-0.08518055829831775,-1.0070386574925547,0.8537687349827949,-0.3587966960688951,0.7161045514899773,-0.7472461831350637,0.5992346350017552,0.7614142561717153,0.005414508674435061,0.2247454247660957,-0.0919364152271767,0.5939787001305636,1.0266443987982257,-0.32153455454300894,0.016157939544959945,-0.9802612198857271,-1.02138177178761,-0.8492024785702158,-0.03901477287361739,-1.5067410492944668,-0.9378318681013761,1.6262537051037618,0.6592311853232626,0.08047527258743696,-1.691682532182105,0.791337109079973
0.8847873856400676,-0.12765352631013502,1.2282179009002847,-0.330571276345883,0.19068488740617343,0.8976519808123995,-0.5903964281422367,0.06139071067249668,-0.3527047879252184,0.18120456647819608,-1.0083421233223142,1.5596846525154944,0.11861015657207111,-0.0012293380530357875,-0.3068530553562092,-0.048185444906330796,0.23808223476401566,0.18861714619672193,-0.11886177657679423,0.005210942820174121,-0.3607296679350227,-0.40391673231336644,-0.7817751470972144,-0.6526831839155617,0.47176268765905227,0.2658470845078257,-0.15757406846434982,-0.34031689081936795,-0.5435526855660908,-0.8283144530611906,0.7542840809789966,-1.0347896352750712,-0.0005361228366477881,0.22081613084774585,-0.9543256794292864,1.2358200494403122,-0.26667003026585706
1.3984852773497445,0.05666052763712014,2.0172369611068,-0.12384629645091443,-0.006687893302492315,-0.452973642613978,0.293819989144896,-0.0544009328091565,-1.2038529819526262,0.8976883312244011,-0.15544324709892224,-0.40300444337926306,-1.0255843705261913,1.2703050064951915,-1.2126959304200897,0.8071518640150135,-0.6462451032776247,-0.059857476272502326,0.48615604765399395,-0.14459719645392002,0.3347427512128315,0.502610846588918,-0.010347067514656869,0.3392774668540122,-0.3706790131983824,-0.025187966247367355,-0.3665255542977682,-0.6710681369082085,-1.4156790446120604,-1.0831173192934695,-0.44751098153219165,1.3517379000826213,0.8250761316604043,-1.1498349145487243,1.8382165985878947,1.1228067194215348,-0.0039845342066819976
1.1454790971683524,-1.0743061600136015,0.833782734039283,1.2291771851054512,0.6646576401563671,0.4329668320366503,0.5752501098669381,0.35451672531473427,-1.2591113131574532,1.630382765842448,1.2248103176650942,-1.3558862715211637,-1.6258912042797469,1.5617930190645108,-1.7585657115660622,0.6483426635446233,0.7476112175473517,1.5646197313838526,-0.3599280537567545,-1.7966803409958765,-1.9700434803982865,-2.4056732828876193,-2.317866421291723,-1.3535568589822182,2.127109957252038,1.9191535769842614,1.9161900751842071,0.608134903269103,1.0809104474257996,-0.011336553279137716,0.4978444477536182,0.012754156150487965,-0.626597826605635,1.1177352394878688,-0.04181234962551563,-2.052653447924552,-1.1570058237463392
0.8270432292902529,0.4650494060018993,0.7307114371360838,0.7033509453658956,0.3913493511345255,0.6642784864271769,0.37436521377991727,-0.07355167519806949,-0.644178090807937,1.1889322374038842,-0.47604753764397884,0.0030954425833756905,-0.1523862887105523,-0.031618539244490616,0.21269522140189004,-0.20115653625659743,-0.299744562616317,0.3620893985944575,0.48816998347326157,0.18363920182138116,0.95051051166198,0.7616564821152053,1.0165321210664902,1.3072621321963331,-1.2461744962385999,-1.2133419788153397,-1.015754854816634,-0.5123587610663096,-0.6913580960034414,-0.7757760581006665,0.298982227147223,0.08694222544583866,0.7314430830872451,0.8496861081085026,2.247399020567771,-0.5923548645178114,0.37499959444247016
0.5986891072420701,-0.19622547070360077,-1.350120123142394,0.8360092169970708,0.5677013498095483,0.35951858378881957,-0.09076248881874992,-0.9347143731466503,-0.04940155577737371,0.0021740772112781087,-0.5054975154395345,-0.3995227484938275,0.16464710866820273,0.30085243152414676,0.03087633037935969,-1.7582596370426258,-0.7752562639953139,-0.8342044887242961,0.7189581900745001,0.2357499404593806,-0.6938193598742999,-0.03542517246329304,-0.7553198625753438,0.3958793497835441,-0.1767093840334638,-0.11434703427955381,-0.14383242840660018,-0.39697081248171584,-0.1424358220257212,-0.05302441961990933,0.46216341527645566,-0.5853880717808833,-0.5567981927151944,-2.06246731805798,1.8836791699006883,-0.6315341050910042,-1.4268480606611407
1.4893662972960056,-1.1800188352351935,0.45088150335879923,0.7785353747454509,-0.8562632364556334,-0.5328515766619873,-1.5515412264860478,-1.234769213917644,-0.11013749797880408,-0.0017921706305555202,-2.0438724287371683,0.5880753343912806,0.6894868817377572,-0.7815271010970972,0.3030023403074686,-0.49273971208908446,-1.5560830159483996,-0.4238386347706442,1.7613730143051698,0.36829480415109656,0.07154925452435631,0.013098345948715527,-0.0802023640038603,-0.41757072153576974,0.2521032497334013,0.22810738774285397,-0.8313991592577521,-0.2768099289728821,-1.7866543012462377,-1.6983501935769065,-1.9126689166687398,-0.46600096500349386,-1.9291269428079745,-0.6161862004272105,-1.8374177476685745,1.6207967055263566,0.22797696607653425
-0.6169983570341763,0.4938928519600018,-1.4680597835107556,-0.09276694999559572,0.16723450592453953,-0.8985261962342791,0.4206212734650254,0.026291566907429953,0.7027214377196899,-0.9907936196634476,0.8083830768312704,-0.49947181806066904,-0.22409647777027988,0.6928580436656605,-0.442327252303418,1.793083988046225,0.8641552622089271,1.3811628243998595,-0.6970909909806878,-0.22043494010172593,0.07966428317525447,0.12487440118078016,0.35759223449944866,1.2413602565330015,-0.7099021790926254,-0.6025407332112318,-0.6189913013319471,-0.5831847300306753,-0.24242792011551195,-0.7054974327762937,0.11320772490023479,0.34347405285001353,-0.005488403512968048,1.0729361580013395,-0.7094121487425671,-0.12671977576079577,-0.2227606939070078
-0.7676091002874306,-0.47718965754998366,-0.8151418774308676,1.0214089545306715,0.7764123801220124,0.7041029350510731,0.7290884614130148,1.0644272265921018,-0.05614835962130575,0.00354015625142643,-0.959626306084978,0.8144269608234841,0.5759083832549643,-0.8163237932294407,0.37278802989893595,0.3656812049266906,-0.6713933746524829,-0.01617909606455444,0.5799043716327111,-0.18324515226954763,0.3651240846139043,0.9075719047390536,0.1352220343705778,0.37600660023701976,-0.576082574870734,-1.0754877062079409,-2.358162563884207,-1.4406119587278492,-1.366256529348395,-1.4998827952575484,-0.5440037024095715,-1.089387305607907,-0.47673358893506407,-1.7837727605346343,-1.0929815892323207,-1.5303212869672531,-1.6928163532492555
-1.644411961611719,1.1483383062843653,-1.610769770941602,-1.0863738112303285,-1.2054449174056407,-1.5111105086573864,-2.126562246762346,-2.1782915875853286,1.055269558869716,-2.2215812100302705,0.005508805261738809,-1.1092666663901662,0.7791285566996587,-0.95682489787365,0.7612258829570467,-0.6311536599873977,-1.7372296989649822,-0.165688440453671,1.5917146521733856,-0.3698992956744415,-0.643570274008537,-0.515924006259627,-0.12259888144446648,0.3794336197422286,0.08933478683437834,0.045393473171779386,0.1875702676293941,-0.9298404308520716,-1.5481743293873556,-1.7987872470561241,-2.573185838827135,0.2173918728717891,-1.6524813454523044,0.9745757272851966,-0.10018753515931988,0.859607960768298,0.9644832923562688
0.511754927640696,-1.090385609761795,-0.18189297596165482,0.9134364825942891,0.6099174834909369,-0.16039754113331792,0.43636541104656607,-0.1587938538541638,-0.16949267969428605,-0.0784820891206901,-0.9258113919837583,-0.5291778325556867,0.5970860638032228,-0.522984011515459,1.3382347362795035,0.2747010145401502,0.7621480166256205,-0.01725792318854099,-1.0544919732336673,-0.7179274571770591,-1.035159446624834,-0.8834736171132815,-0.8308583919158726,-0.27208359151123657,0.8091715794050425,0.7527217301855261,1.023657939506344,0.09166485017019227,-0.19194687877186029,-0.2181628300170651,1.265081892066866,1.4659993439314964,0.19725500974522808,-0.10545754722085997,0.1361464595427056,-1.2638868391144722,-0.20069210894987174
1.160102303364933,-0.48367656487653893,0.10710411689044662,0.29255316391909214,1.1287749315881983,-0.6053435333686582,1.9719926460659367,2.230611945341753,0.0812873334232051,-0.09825599192538856,0.2557401086876676,0.4608739436463655,1.031087786387982,-0.8201975300007678,0.85223410546302,0.7081839939411092,-1.0690256437773464,0.5183401288630408,0.857161804066831,0.5853829388402819,0.5802544561526913,0.28288772012700014,0.3743189210207999,0.6698247426895978,-0.35596473589014654,-0.8807734526926932,-1.1835671009009114,-1.4499942749345252,-1.558184264734007,-1.0018150305559064,-0.9684422192454929,-2.1632120994697774,-0.907754190306947,1.369552058260293,0.17908402864884757,-0.2885766117934597,1.712047638113843
-1.078206975908528,1.9204274361160212,-0.3945744088452127,-1.475325592338744,-1.4090162176686192,-1.279296808596695,-0.7840406953460659,-0.4913259089190659,1.4956273516765688,-1.6703216101917333,-1.4312684873652282,-0.07120662055775677,1.8786466486884617,-1.7520247346383422,1.9250414388961654,-0.630660618522992,0.7955485602718395,-0.2945803183292667,-0.813021312170849,0.4447165101906065,1.2554787337087152,1.2979961071358557,0.48548965400134375,0.005554666304612335,-0.6998419163652112,-0.5016357419790164,-0.15950351520065242,0.6623438719342927,0.9320204086937631,0.6589021434416434,1.2548038767146996,-1.573407877376669,3.15185277045118,0.0340040522454698,1.0066615274711064,-0.8005642131288655,1.35066419737552
-0.7578609898006159,0.7752924408108148,-1.7585387337594325,-0.4969277872532274,-1.2472844178412288,-0.46663440649243904,-1.5402625268069408,-1.4631983335020051,2.1828675249012375,-2.181457983561616,-0.9604025325801016,-1.936335149143607,1.3842853233346655,-1.2401245578327016,1.2563170561496104,1.276748486676382,0.9091145217743481,0.7859375574013469,-0.8456867080422353,-1.0667660335260456,-1.6541914657958225,-1.5832718599266304,-1.2098738590733529,-0.5187253602690253,0.8330942060124831,0.5514681232045289,0.16469391631283184,0.40862290695577663,0.3922801921564803,1.158072108913186,0.44267707339695256,0.6340831941109981,-1.4891882101510783,-0.6837563498477502,1.4479152826620323,-0.5901989043914492,-0.8767427890025768
1.443866197338171,-1.0889368658819722,0.26682991699125386,1.0159104677879554,0.03662361182902953,1.296527196762559,0.1297603720054829,0.07592291904647164,-0.979408860048184,0.6907108689602345,1.0929586867383854,0.8718300267265404,-1.6179776176011986,1.7845585303853362,-1.7287283956910018,0.524056260837202,0.8116021334016774,0.9536896688026442,-1.0342896015074092,-0.9277396829749329,-0.9742557081306326,-0.6492269990484617,-0.7560097323872923,-1.466027659690089,1.332909607366545,1.5317767315255788,1.9886338941887096,1.4164298552105943,0.44614758480009187,0.49433190247993386,-0.14756564885052648,1.3195128371172709,-1.2330370881341886,0.3418807055144124,0.9196657868947914,0.91503834163011,-0.7938448182203818
0.6845810044574185,-0.025652393522059898,0.5051558125779891,0.8803866238756282,-1.1958768103463222,0.014469604156112835,-1.0894286852553479,-0.736227565875148,0.5689813125862976,-0.4745717673709409,-1.1343905997711365,0.38856784915676446,-0.5778511721137979,0.7462149915194618,-0.9038496883429519,-1.0996070718011237,-1.4465578102232959,-0.9767786687210305,1.4050596332922403,0.6333969830459023,0.6737325575741737,1.0330779549273443,0.7517802216434784,1.8250439578445843,-1.656519082201772,-1.5707209128404,-1.0989646299468032,-1.1499688691983019,-0.7501490662335398,-1.5721184483148312,-1.0785140360322534,-0.5264614582360696,0.8878054770280052,0.0048935457623088124,-0.6150164073223208,1.5020446148753688,-1.1530846083162016
0.6403521651819724,-0.478174561113398,1.1167029794306838,0.9103805872883339,2.088916468823022,0.6231435228989026,2.6696270513113434,3.1322872115768536,-0.8484698658204872,1.186417959266147,0.37729559808270363,0.5657716421610721,0.7693196912506518,-0.8344576949897825,1.2526244701711078,0.8910663787562602,0.4144652080098524,0.03860302452946101,-0.5481289025918511,-0.8111816827412615,-1.089690804359917,-1.0298556110531167,-0.8265665088243767,-0.4536920366697369,0.7901540371847441,0.6011840481923371,-0.17161257640067848,0.2677032315910788,-0.7929883696932662,-0.5383369597651907,1.4478578667387314,-2.0283928430860345,-0.13323842263317126,-0.7721502308167852,-0.8370104652276389,-1.3076990387859526,-1.5446623747325017
0.4006146930117628,0.35733170545584864,-0.3551592934602413,-1.1536191548378676,-1.3930443621894069,-1.301585860147935,-1.7948515039299253,-1.4590702238251847,-1.355569450656846,1.3899911548466162,-0.8337054278587381,-0.7309161904531105,-2.3948133903532867,2.39559841115742,-1.6308134408254369,-0.39717379389592067,0.15135295368909213,-0.6796531861570037,-0.34389174950969514,0.9857528200302464,0.5052073383867192,0.6014943859111919,0.23808458578166825,0.8616249290445108,-0.9230739139979877,-0.6183063925170178,0.24658520761759525,-0.1628238722368873,-0.6893570902019731,-0.620536463606175,1.3031632195122753,1.3871800518295399,0.8670817833923076,2.243763206883216,-0.04901089287150199,0.6022933949887849,-0.4447269253308629
-0.2368209037897573,1.5784314196567826,0.556295148325231,-2.3248335255280455,-0.35123299109797035,-1.5328478464729138,0.48778434832929646,0.6410872820421006,-0.5894358233453961,0.9754953782506723,0.19830973583731518,-2.5794751257962,0.08949243746726743,-0.6056480203657183,0.5780099599346624,-0.16263811140195034,1.268611937086196,0.4824793839386638,-1.0678451187353089,-0.40107186057079586,-0.46965463285215653,-1.01702337018901,-0.48309885651748186,-0.0006051884996209594,0.6712736668999321,1.090435181756134,1.385080830546659,1.5818472701500803,1.3441408162438677,1.7933678050722386,0.6789176713645341,-0.846267615051368,0.3896333796834346,-0.9316946922391344,0.37608054121373646,-0.7633630115237329,1.3180664044949204
-1.6020210341343766,2.2128540765453972,-2.997174390003503,-1.7673618433605653,-2.1162019981073756,-1.39546980004382,-2.42088776803729,-2.38339158010225,1.311058780221123,-0.8035320957418828,-0.48145141914315526,0.8165509537176721,-0.32286270122950744,0.7496276844269987,-0.3178744841722784,-1.0141910254697404,-1.1955229799759934,-1.3472107539650362,1.2013236163848455,1.5603039104697352,1.5120118468223487,0.7734403864715081,1.1765269042612858,0.9584703298439708,-0.9174712642769578,-0.873655694142922,-0.947724851469288,-0.8622828759201601,-1.0320229809072479,-0.904072575520052,0.472734708348234,-0.39836233174473246,-0.5908010806849292,-2.197975564032176,-0.235725593960975,-0.7321251466966917,-1.8549527908799883
0.5807691606282966,-0.8577887721377863,0.4109969299386265,0.688375910894609,-0.07775597936378568,0.7495872436131321,0.13623296635514362,0.029214819307871974,-0.6110709423549904,0.5933086177910337,-1.129744438696065,-0.3225223640334651,-0.04844442705582727,0.40873861723890004,-0.1075704161184073,0.6621916000499013,1.8306413631401652,1.0016648761683165,-1.7929481865673125,-0.8874498246111032,-0.8843492145618129,-0.5124215343912522,-0.26831135477105067,-0.545422322535842,0.7398293147504854,1.0788406080394732,1.1681744705890167,1.7684120995427401,2.0822800981771175,1.7032263104789946,1.094996919757621,0.27903493001642043,-1.402265926272409,1.6099099917010231,-1.4027789339198862,0.4661727802727255,0.7589730484226549
2.1460872357056324,-1.3490189981473242,1.7183859841755238,0.29067550901687206,0.25213678057092836,0.9434432505270262,0.5880791228922102,-0.8371069389366391,-0.13135023788369443,1.2913520804465213,0.52883330432012,1.107165539970846,-2.16913371348236,2.236769655848701,-2.16267579008658,-0.13184074012196323,0.7765643315881162,-0.06496349063541823,-0.5973149610512924,0.14131465679875338,0.7843895692771107,-0.0006443146057837382,0.5968460234783236,0.0407344826927762,-0.002826378614249037,-0.05304315222948054,0.26124793332647817,-0.3791000635194433,-0.23298903970565601,0.7320029158109042,2.1694137759353094,-0.70225109750371,1.0930503772301874,-0.5458590874087886,0.6330686543326569,-1.0599948875597112,0.6799889476050583
0.2830203132456666,-0.6289681077176714,-0.4775963291292331,-0.42239184320677287,0.30083400530160653,-0.21916963581018942,0.9293899191315259,0.456011606590002,-0.47839288033381183,0.04611583319852163,1.622293135844868,-0.43151099357117295,-0.9173880261219908,0.9501096140330533,-0.8779274058330628,0.7052461142109614,0.8286762373528056,0.5233553002572906,-1.1564202299691235,-1.4140098433926214,-0.9941731852798201,-0.8487923715543205,-1.1532287294388472,-0.48358105116896327,0.6270385081798874,0.8591701770803404,0.41694036892217995,0.2667381482034667,0.5369068549069919,-0.47639221211419536,0.665025624522243,-0.9110554061020134,-1.3099537712639362,-0.26032627703255634,-0.44570542373960903,0.4460385167726817,0.4781507003363615
-1.1839524192623447,0.8872282042174519,-1.7280375232763456,-0.9307036171014994,-0.6139147885512447,-0.10833526064039689,-0.040124462652492685,-0.47454072176756795,0.4690263080529376,-0.8633197408695936,-0.9336068558485267,-0.23895997568710245,-0.5927488055742121,0.6002520372272917,-0.7096745606257299,-0.5410285765504776,-0.05956281867664557,0.7353250908854557,-0.28011687836489574,-0.2563746031341573,-0.06087856238445389,-0.10769561168033656,0.5038731944325607,0.821629158652837,-0.7875929734544311,-0.8584624307160575,-0.6363050121731539,-1.0687966165851857,-0.5690806698967588,-0.647898486614636,-0.18587448083236235,-0.8928038452050949,0.5714371579358983,-0.3211910504639437,-0.4760270567895224,0.7068529760734016,0.6467665144646925
-0.22490137409195884,1.149175274998934,-0.0691054102650985,-0.9069664739279344,-1.8374835378346381,-1.4722299396309324,-2.3913765317180973,-2.619874477905889,-0.02450063690411877,-0.04573717394604312,-0.921461221854479,-0.25176755947932133,-0.394891478394884,0.3069500616645767,0.3647340342973634,-0.6574614085839575,-0.514598943561368,-1.2040430364309833,0.38329605315533893,0.6582562042046153,1.044629574975885,1.3738518945768365,1.4560278145514458,1.4902824012303397,-1.2298244109064915,-0.6913401387363588,-0.3917944470507338,0.7558826458877058,0.42179707183612747,0.4897767988460032,0.3711573015998146,1.8113722195003295,0.938164126869085,-0.5320080450928778,-0.10662036414671673,-0.46163342216081255,-1.0890744162528634
0.9446664567294153,-1.3870206959313562,0.6404905695249125,1.3563986766514535,0.808703839201489,0.24604970130685838,0.6566761266357733,0.4412198019821621,-1.0293597725851646,0.8579516850966639,-0.6067415884075565,-0.09216193193455464,0.015512050004079743,-0.10299164482509665,0.3508161090171866,-0.7399200593058094,-0.4944153063695245,-1.012630071722174,0.4282862920393742,0.5934443513417132,0.702147449323793,0.6637615289851442,0.737623083965374,0.5139764172125633,-0.48339699039351763,-0.1763932822623311,-0.5603118517229596,-0.4067494593982195,-0.865596699374335,-0.9310419356718913,-0.08674649007274797,1.1160278734059568,-0.12702188751317378,-0.727687369065171,-0.29266539539591563,1.3068166919487307,0.673595385697338
1.0655533154583485,-1.1415246510632506,0.19302301622881923,0.6847906983626224,1.5020933826319822,1.3105393074555387,1.520841902025942,1.2696233327852926,-0.32680321550330044,0.3634652927459666,1.7668530537147986,-0.8335979138793645,-0.4050688134333702,-0.07948256578640694,0.07791283009163157,0.4226379332576634,0.5848300979953587,0.34855986453819415,-0.3622923694387866,-0.5201769300717436,-0.6708227285924602,-0.09404461112208926,-0.6556430514787425,-0.29744225382019834,0.4506120438431169,0.5569465410878072,1.2878739964160009,0.388419247612531,0.30597642747229725,-0.6754001009515963,-0.029871256626320168,0.5334206204403266,-0.30751681271293513,-0.9573010504199819,-0.4197859976414934,-1.306147147204183,-0.5647840683796356
1.5623890242836875,-0.6730264018902826,0.9004769648217226,0.29474817519821084,0.4750744011121482,0.39958773457017077,1.0304209353972098,0.49716592488186423,-0.6421147418807931,0.06097917302806293,2.0909237970644465,0.08075630040476743,0.13459908779197868,-0.319273095498079,0.13601278936607178,-0.672670759388008,-0.6768169384913655,0.5735968807578663,0.45469636175413797,-1.3841982097875505,-1.3566250335751693,-1.3558563935345616,-1.3796390601042967,-1.3721460120454323,1.3740604410370059,0.6332298733115155,-0.7343233744405847,-1.1351265692734824,-0.5260791773617611,-0.2738820653754819,-1.1202767394054378,-2.2157848838883676,-0.9996156035128254,0.0996216428104571,-1.3371517428437298,1.325236855321811,-2.369155684063565
1.0568803876101232,-1.401768238084896,0.33078282739102427,0.9672410345285936,2.482021941792138,1.1172788645175658,1.3402006426797357,1.7418590117637183,-1.2109898210596617,2.0670537001721363,-0.445764161586478,-0.29988177624916756,-0.6903098093085256,0.6292038327151301,-0.4291708215294836,-0.18704202802982273,0.6983108666609159,-0.18223197706767402,-0.8603623333564825,-0.05842709786119498,-0.5724853540815377,-0.19815171829407105,-0.530772129077971,-0.8392813590344205,0.5739172976379121,0.6695739361869456,0.9575514400841358,1.1035047626938481,0.8187156214617881,0.510155926839633,0.49144695172446945,0.5370795433530129,0.473502249084048,-0.3650792729242469,-0.16449118428983714,-1.9806816836765413,0.008355887841898718
-2.0522859771440487,0.6453071591110763,-0.5806486527351017,-0.34175875278165824,-0.04751841951240619,0.4032887370457441,-0.5946297310914969,-0.28784416471313634,0.5781839673039563,-0.6594988243277907,0.020549767357914715,-0.8095665439837005,0.2135336142287278,0.08514663887402668,-0.506090016540259,-0.5079007330846443,-1.440975882089949,-0.31920571260939345,1.6760236210562423,0.03685672665084944,0.9367006960470388,0.44607664472729674,0.48228424523637115,0.2144158604056728,-0.5613592548227865,-0.8752489379976421,-1.4541600892583568,-2.2887319071680774,-1.6351162330832756,-1.4831890656695486,-1.5079768053418918,0.4833175369178038,-3.0998113402565157,0.7623058088599749,0.6540485043834184,2.686348438754267,-0.8433370611220771
0.21199304048912343,-1.0467835500785094,0.6172188628751334,0.13459020329121033,0.9554559611554078,-0.3242896927959994,-0.09360197493750365,0.0041058534860618865,-0.9755122943330465,0.3399017410307927,0.3180141639402457,-0.1909128899829244,-0.6838491448059358,0.7110655112043295,-0.916797483346977,0.4674642676184355,0.08385593622124471,0.23645401016045,-0.40534963454309386,-0.3531661629069728,0.10199205276532845,-0.5949095337582117,0.2997191079788959,0.0930671898530608,0.1267060118393064,0.21423117735114594,0.019973277674082954,-0.07778017206511746,-0.07591618913494441,0.5027534994715366,-0.1392148059977678,-1.311348699768546,0.7311467174593416,0.5157235445776661,0.21394374188553344,-0.43517112500935107,1.237830005460706
-1.4873815247201183,0.9218044095871111,-0.9093176433531647,-0.8256564696674853,-0.04791449616134101,-1.0085022549645861,-0.03790940643240171,0.23678398316490146,1.367807636578675,-1.0130710033817107,0.136170945483324,0.05914150687429978,1.7376709533265433,-1.3202217218295422,1.165218140842194,-1.7461732640510066,-1.743039384884432,-1.3587036617924044,1.9454646117126724,0.5361026251446693,-0.6942791662103486,-0.6694325654991667,0.07242525630747756,0.9067363060519673,-0.02466023651180274,0.3182544403320381,-0.7464276667604922,-1.1128147274503455,-1.7016206398623106,-1.3429429468591751,0.0804310243908069,0.21895685467562112,0.12391170222061468,-0.8882998022779586,0.9002201674249442,-1.1950744852512218,-0.3164037299947408
0.623840467064456,-0.5554881096059953,1.7346472429979325,0.9867359475961064,0.09393881240479837,1.262066221526298,0.23767485023809254,-0.49363165069197024,-1.9101934863126095,2.211895276441317,-0.06865937044853883,-0.5498176234707456,-1.9301509433851818,1.2332922511254887,-1.2978084791330804,0.27101867719192896,-0.4927158147273144,0.09508269283048665,0.45845234793226053,0.3374944136173483,0.8984904534166416,0.43903477615127523,1.0519933774358208,0.034939857907301176,-0.026768501266422294,0.15741865728234367,-0.6989418372858505,-0.631491317377584,-1.2537952621142034,-1.3685119478625727,-0.7088864695523571,1.0083667275161914,-0.224686558939453,0.14319128950420587,-0.7833126147273517,-0.2607690310011327,-0.002796742732687341
0.7231978221137743,-0.7943242796455247,1.2195412413456257,0.5058700404662327,0.27892330420930606,0.20839413391173262,0.4373460014603788,-0.32412652499372524,-1.4091812653694453,2.0547340276391894,-0.2954273782503034,-1.0070400274776126,-1.407102066237168,1.57509421233021,-1.5497576958211026,1.7814285398002516,2.010261590485516,1.8819460275055677,-2.1694517509616196,-1.5238714023534745,-2.0273741051145833,-1.9537512681220128,-2.2893012086380953,-1.8765904137913632,1.9363187092561556,2.0887973670085236,1.6034202808597586,1.347109167198126,1.9099967018588933,1.8439681126835668,0.77906413646356,0.5282911125257433,0.24900052059354227,-0.38086054338168285,-1.3350764509104007,-1.078663380542488,0.32178552325303783
-0.8556047618920685,0.43692639391133115,0.2547404545244075,-0.3253322757671391,0.7556077719941229,-0.5755033444751773,0.45523396359997065,0.9218617804766673,-0.8034199757258236,-0.5564041770629432,-1.2122934466354929,0.4830967127225842,2.203003577884025,-1.839917835814843,1.9358009649392098,1.2774019937437673,0.11176736446108126,1.4803781193663774,-0.43580607415692457,-1.6994784737818047,-1.2804876749661427,-1.346277742956056,-0.9600583499389431,-0.414186554225616,1.0143270146965757,0.8708169212155703,0.7384287459399876,0.5385945483312077,-0.1188754115315485,-0.29169571124785865,-1.2243358298806641,-0.7159286943303453,-1.396627932558389,-0.9521668002565901,-0.2986408282110593,0.3619810463375519,-0.2985050047628206
-0.32678709950437324,0.3260762004521274,0.8572919739712391,-0.09829405280272346,-0.3340410151434667,-0.8046041967533684,-0.33651496140271275,0.6856971716304164,-0.9407834181666138,1.2150614087258085,-0.280015706434109,0.47283824137280156,0.1560132178813097,0.21458127806644822,0.41812119929258845,-0.6078540384553447,-0.8447266400161955,-0.652473239399289,0.7411423475081808,0.37191552714031384,-0.6785501064582785,-0.463064159091102,-0.5262498217993039,0.7302439688245085,0.06820144564130978,-0.34871327407377833,0.39055232126007866,0.15742779988574904,-0.17877222369818996,-0.2895137281250629,-0.8530486773268163,-0.025444512526000024,-2.4552142925749316,0.7215546449611667,-0.6685360927102991,1.347599779183666,-0.14398554295684257
-0.675010658956965,0.29095696096453355,-0.5790472506450841,-0.6094006180835247,-0.020434702506258787,0.03147914180610298,-0.07793008270856426,-0.044616370233067665,-0.4830236350472029,1.342638040563469,0.7972260471877135,-1.281716740259041,-2.055121663231479,1.1853352813487823,-0.8865349605861895,0.5229407398866515,0.43792816252580385,-0.0973600505186738,-0.2528578640872735,0.47491796960990723,0.22009825384359105,-0.10809244411037419,0.3907439592866391,-0.053248971616730714,0.09886039251868267,-0.11602193341331948,-0.3391833870037701,-0.14002870114521454,0.3378309185738615,0.6377073067877224,0.34588020417746684,0.6885972706300594,0.47944205474582186,-0.08564752826495141,-0.5642089571466111,-1.0253752989033909,0.7510652444650024
0.8132610009606219,-1.0997287754584555,-0.2628412255886185,0.9024356246414011,0.052037886234294846,0.410572486463735,-0.0947763718327221,0.8506456642245039,0.5191386179208246,-0.7398745742025641,1.012119025315264,0.04413637310214313,0.4165281667308939,-0.5145705423951797,0.42556536062881745,0.32549257657475855,1.3003824013751708,0.32043673410062795,-1.270523623956611,-0.3781885749927029,0.2661997425488704,0.3858056175400297,-0.09976353390261783,-0.74731845986113,0.3539068086514163,0.2481528744493027,0.5856840363356773,1.6029170684895737,0.7662058176480195,0.3817743220131964,1.664120400579432,0.020546397808577532,1.343035760141594,-0.3706173473978752,0.16083284101784773,0.5553817165850631,-1.0532688848187464
-0.1013540330513957,0.2218421300880327,-1.2932761868030207,-0.8724783810193399,0.2634836241495442,-0.18582906234163063,-0.874481520110648,-0.7897501122026922,0.6490456754721295,-0.6604067826528873,-0.21571835477732768,0.8058923557327521,0.09602710812389345,-0.28845093505766534,0.5880452376308546,1.5148713656696282,0.9863614112527982,1.9915014132565803,-0.7046170969411782,-2.328664509515817,-1.4413564906761362,-1.1142967074792351,-1.2951623935130043,-0.6311123758498649,0.7536281913855639,0.7172793010023062,0.5647569856506126,1.2814015682640532,0.7462926612897673,0.9055663325690967,-0.323402339872339,1.2102964431180778,-1.7692136718692073,-0.8166702801368407,-0.5569248044872328,-1.567363617089037,-0.7089074844789636
-0.6743290798090636,0.6459593258512754,0.03564628949415954,-0.3458652238495764,-0.12478851194094381,0.01211156605478076,-0.6675749719707691,-0.8962663162075248,0.4724828398193538,-0.8848533497422141,-1.2051644597943734,0.04894956378316152,0.7442660000397363,-0.502856885163659,0.4800068961435246,-2.5346097453698957,-1.5204493272726924,-2.6203003507832316,1.6955068720429827,2.3850928938737974,2.251176296530426,2.0934664286014315,2.407712576907013,2.026392921403201,-2.136175372208641,-1.7121522411841674,-0.9917814393046853,-0.9760021798384213,-0.9242840056875197,-0.906047368581442,-0.33700638975642705,0.3553456026827548,-1.0696362652707594,-0.9882840690623015,-1.3069718357873432,1.0112157362958332,-0.9595418964798977
0.7772266707043359,-0.07398173632102292,-0.1157145801766515,0.1281167467995604,0.8263247047290093,0.9065289796899806,0.9893032352764842,1.3079640973474724,0.11117951685269753,-0.37379784004216177,-0.6949186876719067,-0.7784070513163592,1.4702872329966252,-1.3733584350602248,0.6779649555367382,1.1520776778692914,0.6194882148020487,1.1579322448736582,-0.3839335167301919,-1.5009296977101765,-0.982832358294475,-0.7923647649259264,-1.3324733649597762,-1.2154590490431543,1.1413015921164866,1.2905915036361337,0.34127908752562547,0.7538403827278954,0.469832468060484,0.18370638224709357,0.45262590132347374,0.7110670102611321,0.7684195452154702,2.0151942968053103,-0.6130679742589645,0.3913991634056277,1.3114603501854545
0.5985686631173811,0.6619123092886368,2.704657814776711,-0.016553090779000967,1.0577702813535335,-0.9810834074997549,0.593903248065736,-0.3492085266320553,-1.018016853185238,0.32300171290374163,-0.2651648570576161,0.6524264595096999,-0.7040724868545728,1.0275776356210893,-0.5829313286976452,-0.25257952532459205,0.4789457061772462,-0.812816332060374,-0.23684673111800603,0.46418228883801355,-0.23731838470221717,-0.5195649901373772,-0.3985429712422934,-0.07584144888394302,-0.11257139771787292,0.4880794054647925,0.44521386274758423,0.8042082949750785,0.20229966893362053,-0.04783388205886638,0.9972711297628413,0.7792536871687608,0.36773595645150814,0.3677995555330105,0.2896679462444407,1.054661491752717,-0.7088002902844596
0.8109491418159128,-1.9184897606826616,-0.006770203237282353,2.121667159550754,1.8932116427388241,0.046549153960937194,1.2370382341877133,0.8828032553600256,-0.1740628198006555,0.6499198925866714,-1.1639018652317974,0.7676261050650134,1.2652235172403707,-1.209376581283117,0.743658451328819,-0.7366555165924211,-1.1732083077787279,-1.1548341947449434,0.9583293444707238,1.0594979863783751,1.1787129570758537,1.014496283657752,0.9474294414230137,1.2584225898107306,-1.0847373960797715,-1.3149122671029687,-0.8052758677108364,-0.8557671179315918,-0.8139569139875946,-0.9825576138386406,-0.529938594275702,-1.1007977713868655,3.0199334991909055,-1.0511992854233154,0.622446423791845,-0.14988978565274488,-0.18124768720415493
-1.5886145856718716,1.663910165477252,-1.8096877423240563,-0.8956648544878771,-0.6857380429929087,0.29768853740682005,0.19719319021161796,-0.16065369402825677,1.1556250436626851,-1.0260806951102879,-2.2249942040025537,-0.13031569416140257,1.8485587551609273,-1.546212749297829,1.4844328172645582,-0.7657310241880726,0.09320308023237987,-0.04747776894238474,0.11483234287734413,0.522656535359434,0.8438564186060318,0.40447224046755387,1.1858495681888024,1.3773445733485679,-0.43173015470023185,-0.10338052159389635,-0.3902936031611615,-0.3067105228300411,0.07959555079703194,0.11226528469920515,0.4078397923665035,0.011120667232410135,1.097709041607974,0.32174959446148355,0.6123474178790234,-0.46427094218784637,-0.61329260813683
-0.6115961233038992,0.6177303848896848,0.10614043377115163,0.054086219239357115,-0.08453925003761349,0.6281208147509606,0.5707215707928852,0.02406359523569391,0.27623891973166453,-1.791911520010358,-0.9525913006975852,0.0063858955148133854,2.0128280655952064,-1.9205742586922356,1.5349570506948764,-1.3031212949811635,-0.6852076449302438,-0.8110229276148898,1.2457220539963856,1.6370238948061964,2.615075752608057,3.2100874206153294,2.8473303216414387,2.461195373972556,-3.15776066223533,-2.7996646328199226,-1.9769654439068576,-1.190224256296784,-1.061122520686756,-1.0453498073938219,0.3273540298922355,-0.3695933681216146,0.8530501099134816,1.0925056939293185,0.3744273665524308,0.7932891141107598,-0.3370285270298653
0.6698709202203739,0.17038395914033916,1.019920390712714,-0.5359923482228496,-2.085590151888092,-1.012476860522741,-2.1212245146209088,-2.128564936751523,-2.1216401018204554,1.5041226440444997,-0.681046280117184,-2.6965780254763843,-1.3296258286029623,1.1963586560073167,-1.4947930079029146,-0.6052747545075619,-1.4409763370547881,-0.3679970422807373,1.6443489330612187,0.9478758164932531,0.5516231816009467,0.9016540564983608,-0.30265937615925453,0.517777837289456,-1.1015577487014259,-1.092320264803566,-0.5645212944115813,-0.8914590240914919,-1.0734855361551445,-0.3166734256914497,-0.8712155132156848,1.000752754221696,-0.7756261801101885,0.20192896284164472,-0.2205658850456174,-1.3415480109714122,-0.7425549837932276
-1.7113669947057364,1.172601962189347,0.033418965731203905,-0.8152745205282673,-0.12312883266900063,-1.1186342226856225,0.7861952433643086,0.8375751559575989,-0.3457863167861376,-0.05346270408905312,-1.1239118730531135,-0.20408806589864079,1.1538832115729978,-0.9356523419894801,0.7258384188026751,-1.0790776080296776,-1.1951062571912878,-2.0740976769111246,1.0207341850294254,1.890785104740124,1.679997223547429,2.110930548784721,1.9402313183950524,1.6686141778218173,-1.8945528066477004,-2.0818733659989124,-1.9713453330288495,-1.6844474586505338,-0.950340402666982,-1.224226362075246,-0.11837016344615542,0.4226097290393806,0.5367087484725743,1.4031429060270055,0.3547882728434034,-1.7785080033495146,0.3912653873730386
-1.6834363188336237,1.2243792957900257,-1.3511955744303732,-0.7626585817689294,0.43256223277929473,-0.5774270404220013,0.23530998257100075,0.7609096044727668,0.9733537081832764,-0.3682806692668101,0.44696053303604055,1.056508719313861,0.4058190716367394,-0.45148251897680813,-0.4017500305901206,0.20302811582143737,-0.2367031784220549,-0.09931813069112656,0.0454334601152471,1.086999075468188,0.9939787057099357,1.320308884952468,1.3972697902306508,1.1402732801620854,-1.2568710806376848,-1.3761371357815875,-0.6017697032750042,-0.5794148629082081,0.35661944660328876,0.557744049975537,-0.8377185142253959,-0.22606453569261245,1.525198617234973,-1.5009030296961285,-0.09429307118616106,-0.03191516071544097,-1.0292053792924056
-0.7675816190797135,-0.09138796168782733,0.25899193153975736,-0.25363762802134804,-1.1806031773572077,-0.31472183306311485,-0.4802864115986646,-0.000554472990064543,0.2443990454602277,-0.23027865080759186,-0.9664037336013698,0.856031671798224,0.4450187481080563,-0.22232071114687074,-0.022330326468620914,0.6199529452041936,0.4566071766037468,0.8257681846526572,-0.423689995116265,-0.4893874875632541,-0.12453853823017845,-0.31644123710711863,0.360624431745347,0.6984473898384065,0.3586643299154824,0.16263935000728175,-1.311314817674383,-1.1837982332239398,-0.5237349872127705,0.06058787753409756,0.08313643074265462,-1.3150511455633513,-0.16518523198811644,-1.9474454957345122,0.06177525248281245,-0.4184820715735392,-1.323583390581168
0.7649851302669932,-0.058141827343793744,0.4273987740098012,0.6545785339578141,0.2906549022720494,0.14377999316608125,0.21596202326871147,-0.46128523128541404,0.24504365051617213,-0.24478520161689168,1.2510694988213216,1.040042966635198,-0.7425802737957731,0.44476106319864095,-0.28825402243553555,-0.24144282247103585,-0.9231667380570194,-0.9208776726708048,1.0882563144752422,0.4460879302563218,0.789255940244537,0.29412516924510196,0.4942535900777224,-0.3533439639444086,0.084185196333548,0.5396954657496724,-0.7696885069413743,-0.78288672804922,-1.2112977620743066,-0.27457490753745767,-0.3863214991347473,-1.6287678245412847,-0.11713988967050153,0.2945210244592021,-0.9949575281105446,0.5296873738044772,-0.5734398552030794
-0.009769604580339512,0.0888617802945845,0.36955080734886114,-0.15316206193146006,-0.22462552009608688,-0.6053443173687375,-0.5604535244738381,0.44430996255309213,0.4095516638689112,0.0005675539993588968,-0.79382484092618,-0.061032429355769705,0.5467952032502768,-0.19044845631949048,0.2899392393307931,1.5457358399584038,0.3198250065349503,1.1684620421304095,-0.2739108310528349,-1.0020987959077705,-0.41537133533574866,-0.5223181232669907,-0.4670681347686808,-0.026477562636782616,0.07159228135130237,0.28947429672719555,-0.41584311843464045,-0.023084937859722227,-0.5575425584717439,-0.8480906427531063,-1.1631279575943771,0.2703696969548471,0.14619194237643393,0.3104296889857266,-0.007729397624838364,1.0701067994387816,-0.7999999553785173
0.4941290352682726,0.23267462665370267,0.20215063202736483,0.09746233856575856,0.4697301928442293,-0.19423706102718669,0.8573007389433457,1.298482067896426,-0.35891733187472963,0.8715843287578728,0.004587767268899203,0.832948797668793,-0.7345073743605841,1.004516021140669,-1.551525231571889,-0.5384224394776205,0.15402437667082944,-0.10749581887208697,-0.4795581132413589,-0.15872972962084336,0.30075077133843725,0.43414570300174093,-0.3829448689992244,-0.4983454286564712,-0.35954002362730997,-0.11454173259625614,0.08833935962210052,0.10719393072473389,0.30913554763966355,0.7328059418721011,1.282218520617426,-0.7528143880604218,-0.6745068910457163,-3.289712683948041,0.32843291731282304,0.508763531544174,-1.3097849293063428
-1.0215631494921704,0.6261919691531349,0.5979136022233894,-0.016623885389280467,0.1321692015790185,0.2739917646898034,-0.42718929099563013,-0.367444906771292,-0.9450873382277466,0.9575268756342498,-0.870043754419726,0.5597714898768008,-0.7613469595942175,1.001061613359525,-0.63139811766455,-0.2946512651881077,0.9343847702450062,-0.997345258138559,-0.699893144838528,0.40065685811562884,-0.324456932838269,-0.39495825840177007,-1.1690430244325647,-1.7350959407538102,1.2117136596758784,1.1847320865985904,0.4685390052384325,0.7990568470943769,0.7612727416264744,0.758669281346503,1.3463255552779452,0.624640043411632,0.2761529536359831,-0.5856962752516673,0.29074026630126004,0.9900585589183655,-0.35138354211960887
-1.0318445537417658,0.49495115708889476,0.8333994822499947,-0.241600484434823,-0.8983921276805161,-0.179656771760966,-0.819728330396491,-0.18264547626190294,-0.6219290403685316,0.2007533607041503,-1.0358700971031627,-0.5702962560046201,-0.26059367057824845,0.4209135997191068,0.36433536505760744,-0.4616145742613462,0.9501934880552231,-1.224402742920017,-0.6639377329116612,0.639924531371518,-0.6264079587154388,-1.2711100859534405,-0.7129272782376422,-0.33660816791748926,1.0537558528166515,0.9476096316254516,-0.0845234312495914,1.5692125271060509,0.7218814004956676,1.1049617043624564,1.601332350326492,-1.6748030872173105,0.2507011489525222,-0.9690941291201448,-1.3445757408882093,0.2957369540071312,-1.6142452754009797
1.3938643359539855,-0.7699165478586787,0.1639482634165058,1.577815529807129,2.3493550636912777,0.9793492680139874,1.9019158489533214,1.3478424744051085,-0.31103040537638244,-0.5086875198685971,1.0092537076074315,2.0119877233859675,-0.23726311563993568,0.5769463968426161,0.010365425807327454,0.6287868344148826,0.7454424267476849,-0.18330697971848758,-0.9826196597735652,0.1297548356362094,-0.12575579899538117,0.10840697442063538,-0.07690208274506037,-0.3426701560925644,0.05467606992794103,0.14074979173831217,0.05883831034963296,-0.27585863601731175,-0.08814725431283675,-0.36395288391280645,0.08047961709736112,1.547522068401247,1.509487143875282,-1.3506975881044951,0.044870946530009934,0.4701521986369663,1.5863699039275871
0.410465205690203,-0.5468455777148298,1.1661951522643568,1.6855416252603785,-0.3470118864094403,0.9635485118794258,-0.5086051696561208,-0.10791786544870713,-1.9797565098892738,2.4563329606470496,0.05673254910168901,-0.7307819304861624,-1.7398541639777496,1.1085447220641373,-1.2150595049148205,0.7315166108534004,0.41747068703612245,0.7912861919754787,-0.14573706273762943,-0.3736055467083308,-0.35527389922319674,-0.8195419116322471,-0.241913980880667,-1.1547158995489595,1.0463105907846002,1.0298511409213305,0.8817619900695688,0.853956390398584,0.7719472348778678,0.6230888001369369,-0.6591117123326455,0.6223872893850201,-0.1906475280531806,-0.9714631469017593,-1.5015866643546703,-0.14417150954768632,-1.4559879586335973
-1.1141931613235723,1.3226260891282233,-1.4185553003913633,-1.1811249311300027,-1.220207944179827,0.29404311398731564,-1.7938461385907205,-2.4269126409692854,1.1846819203716272,0.776095938268515,-0.8593453915765881,-0.5851257878647919,-1.3230906797343294,1.4415135622448443,-1.569595843357521,0.5237193010551743,0.6907696258109329,0.17848362645976965,-0.6465093317603937,0.32166283018814434,-0.00020365491223273485,-0.12480099109577236,0.3494589774623163,-0.24140047436020912,0.3072498245469357,0.266405146199805,-0.1849570237526136,0.20111757661055163,0.9019824562793368,0.6251196024007342,0.10909983997096838,0.0601104294615403,0.6893936012611641,0.6283214471234276,0.12260385140813043,0.4404534596230317,-0.656461838964946
-2.032317251386449,2.0391115874393937,-0.6275012849371187,-1.340937107757032,-1.9301064377914343,-1.3968652642661878,-1.261277159378356,-1.2687141751094364,-0.11145210623223678,0.17288674497692005,-1.7502489444174536,0.060677240606301155,-0.4288166834450434,0.19114645452426482,-0.4750376669530814,-0.10664885727741387,0.08058392998044654,0.32312668408488465,0.04354230568611279,-0.8051861336007041,-0.9315394006274985,-0.3610110859355011,0.450398078571452,1.3438608049640837,-0.21007922351949143,-0.10563125427409921,-0.8230752795129392,0.07290718176705838,-0.15031351150760758,-0.3309371192504569,0.632938401867524,1.6372464889845735,-0.16027084657668328,-0.9777985045640807,-0.7559933619136456,0.14056179281379713,-0.42713397133405123
-1.4523904081611114,1.3076407764231863,0.10756309356411843,0.019080924370805608,0.3303169301610595,0.31823122169338786,0.8148962138706896,1.3088640053785427,-0.24312244138823996,0.3855034544262324,0.7929404788938094,-0.7072617348635981,-0.0045619600558708924,-0.3498055973647264,0.909839926863149,-1.3445537819315725,-0.15628506714934412,-1.123319654584269,0.2759315042134695,0.9220474922207572,0.6591029677698754,0.6480496748565243,0.4329467450412874,0.010572736697954414,-0.8540789280285601,-1.1107923373984054,-0.8729389331855674,-0.3876634065632458,0.3604669759470702,0.33534779062295916,1.046226505400742,0.9057306438559354,0.6537802433752852,-0.9436659275021918,1.6608438892833526,0.29988213725997837,1.5456873471080956
-1.0954897738444322,0.5868199144999624,-1.4271386149644028,-0.8508452389785587,-0.11468506387782613,0.7411477023284043,0.005664714503439744,-0.18133317107698763,0.9039934331011366,0.02983608762164661,-1.093478097868083,-1.2730159307170617,0.635211605252464,-0.5824853354872728,0.37168969023480664,-0.3054154258851417,0.7644759623958316,0.6349489641331022,-0.6700369236122162,-0.3457585579981633,-0.05199237255936937,0.2785041589608149,-0.48618528150569956,-0.2138357776027692,0.26299178470151446,0.32186276751045934,0.7559600266833943,-0.08486445548063025,0.6374052335464327,1.6801452256830907,2.076132334804414,-0.5116353064934177,-0.25243122217114433,-1.5765620169653163,0.06794761806985916,-0.19448985338309485,-1.680563274697061
-1.3124097921997362,1.3334912921889381,-1.7580618193882165,-2.6073515875935174,-1.6876331134627784,-1.6777705587841905,-1.816938106738192,-1.8174932554151788,2.7024617899412275,-3.18251115733196,-1.8400740046805142,-1.5692141757870819,1.9235841313779463,-2.2223435743559157,1.8461661010843367,1.5237728317457784,0.9234535956221663,0.7216093219961243,-1.0177931228385455,-0.568928876686745,-0.9825178814778204,-0.8317615345198187,-0.6528286897270283,-1.1745349278632469,1.3844047727330202,1.297045697854061,0.269756615811251,-0.19155271023386183,-0.4905026012052433,-0.1238016022048577,0.17775908823581968,0.038593572843381475,0.5862725594463447,1.2984920574019887,0.752660924948518,0.7860647670027171,0.08831507290389491
-0.05552818066289833,-0.3918664464522488,-0.376888329879772,0.8138403491178915,-0.5006848290232064,0.9248175764853681,0.8818882985429979,0.5535208700768115,0.8468109856985683,-0.20897668404991726,-0.08140307617995038,0.21375257050673357,0.446837627911272,-0.35436851205305864,0.595466952334009,1.0506963497527202,1.0098701368378065,1.0684431267677665,-0.8456375870372717,-0.6526455713205063,-0.6224585128000513,-0.8970087986486028,-0.46397310438109346,0.8482197614565835,0.7516858780437371,0.5263646489774333,1.4105237626699627,1.2243177120149142,1.2101466456794803,0.8992731336128078,0.4085650505786459,-1.994571020294437,0.74388667619215,0.46787257974891255,2.0677330891855807,-0.7409498977868904,0.9339501278048334
0.66148978457657,-0.508344662545664,1.2675598720156764,0.2352896622224639,-0.6217072644223597,0.9011677706738683,-0.6394774295066089,-0.6587041763189041,-0.587809524820108,0.7099429923832828,0.44936074407900045,1.8158933737381633,-1.1761608726581587,1.5873726607342105,-1.127058696076684,0.318862941819615,-0.7452751034973043,-0.11554936485215507,0.7116929492833167,-0.05580570132363476,-0.08872607897083507,0.13845119186065527,-0.3171287562770058,-0.22649207102229574,0.46661847646322974,0.6182727358126789,0.13768961064197924,-0.3136841003016472,-0.365729497645782,-0.44719190389245067,-1.963009816074457,1.0210105254040995,-1.0840734940274397,-2.4462829206498546,-0.8725332917379486,-0.045369450004746466,-0.33850717019956406
-0.1129315943721178,1.075973697262561,0.2489579300046181,-1.5791778964171683,-0.2035045970892711,-0.45556291573851243,-0.310970114490357,-0.6982803128923909,0.4093105086709049,-0.7372747049981556,-1.176555691472081,1.0287367777433203,0.9382022632621245,-0.5462874078427684,0.8191941737296008,-0.37157003907467073,-0.4628196869613114,-0.04248751556364893,0.5207783214406281,0.6117121890757455,0.7883225215592735,0.7376906583695031,1.0989339295985594,0.4727026216334009,-0.2513487296150488,0.24021604319387252,-0.20578909789789027,-1.0873441647727609,-1.038283976976151,-0.6489054527556185,0.3087968581076991,-0.3333454298006146,1.124919231876786,-0.9427877394208118,0.38567505713212225,1.2914456566974222,-1.1510441610509496
-0.4839550143005789,1.136538209371336,-0.5082261524171584,-1.3853399094922876,-0.9027685385782414,-1.1163757702954815,-2.465728741517714,-1.5786221589890885,0.15756840377810716,-0.3927819255451879,-0.7918816875846986,0.3642316467282987,-0.25558408744406175,0.6075663188252483,-0.9159778776320495,0.005784136241889707,-0.06861826924154676,0.054267163961463326,-0.02887113506066932,-0.02595227964912289,0.49777116139799793,0.030109072714518775,0.11247336778622166,0.5989287631230482,-0.34648899219622337,0.009286183714919941,0.0943099685229321,-0.42184705422198243,-0.23107643468369707,-0.2822879507770439,-0.27393810870178914,-2.00746647420016,-0.16731029675995931,0.5613464676681431,-1.242551616715132,-0.9804161636532603,-0.14790035632009182
0.3279301885023541,-0.5747596941840248,0.726787979599085,-0.29882716455657476,-0.548528970327122,-0.9980744740327555,-1.179474340551914,-1.5642884015293053,-1.3666445095300073,0.4889677023519272,-2.9171138008738926,1.2294716607322065,-0.05163049700604036,0.05988653891464173,0.0964381054010972,-0.3670440122635491,-1.9166346499605842,-0.809766458839687,1.9360749583292567,1.091636310509312,1.7280152354232643,1.1557989866310743,1.5102153639650044,2.4100337527094964,-1.6356221810489555,-1.6501089156351958,-1.2400219189866695,-1.4681745576529068,-1.6246393638221157,-1.494920537368844,-2.026469386248156,-1.2154637653400964,-0.47621781040841515,1.310920233902185,0.29452539884713413,-2.199634168822307,1.3968134131776788
-0.3653580535344539,0.47283202663831314,-0.4549601303114564,0.4197259995750389,-0.30907182321622484,0.24921346088901208,0.4394478592971323,0.5367108599390469,-1.0357915938913484,1.4829477745787563,0.7076779392375855,0.1481395811570919,-1.2659515129329277,1.1253955933379487,-0.5891619930063886,1.2336719273522772,-0.15423798961623064,0.9914254685424656,0.13067952314706163,-1.044647438155704,-1.2744040774104344,-1.0998594788364535,-1.175685212234482,-1.1991461668892924,1.5319108566720614,1.6479194512325093,-0.091145351256895,-0.6978375704337729,-1.3725093763619567,-1.6919268533000584,-0.44050801063592077,0.8285544675135029,-0.720854764636653,0.8722980052048873,1.721156198116299,0.34136988712426025,-0.6276346972424168
-1.7638913887492507,1.2006409198570083,-1.145976086929866,-0.3481045659249086,-0.2968442745843794,0.05945938901299913,1.7146730581376193,1.9105285682437825,1.2133761705688657,-1.5631861347328042,1.8117580012252097,-0.6839654784158916,1.0016067214591684,-0.9604537403352235,0.8936710353891234,-0.8340769968690835,0.640723490694052,-0.7011460444378798,-0.9173442476957231,0.6916021701086157,-0.3017888096251219,0.36126951894384424,-0.6663253010662267,-0.9622030683345935,-0.3587593564832001,-0.11980143415065056,-0.15989777897541574,1.5141560436575745,1.0173390085557807,0.8680202711014255,1.7478815051310916,1.5682848830397071,0.30592836139276625,-0.3189776432750942,-0.6822385744378451,-0.2851736011832054,1.3109207166177044
0.1848711125947556,0.006820820039352274,0.5055692599339667,-0.141679849440155,0.4111343706648624,-0.3073413733950202,1.097028746074005,0.6941657313478958,-0.05431735604994953,0.27476921416727623,1.1131465403879182,0.11452899799000595,-0.022736669185657594,-0.3469771386774712,0.4134768162661709,0.9595528045921055,1.6196712286787915,0.5382496188471824,-1.4209892257295695,-1.1529286989084373,-1.1415106995305504,-1.4136851879470078,-1.7446129698470598,-0.07017467693729064,0.8690053851603661,0.864054673355751,1.0496624100537568,1.048604558055818,1.470000181064248,0.14805131894871698,0.8204549482643864,-0.018314099001438756,-0.0024726488189382653,-1.887763132399383,-0.9413665316325249,0.9890122574352689,0.19848639297313422
0.37784348463291667,-0.8547820677121715,0.594735919001724,0.6639507932411883,0.22217884789859632,0.39970189136931533,-0.4372775600279078,-0.9971996974703435,-0.9573595470202949,-0.021932665530847335,-0.22337295508997299,-0.15177582093303224,-0.18180516848584424,-0.09423043662919361,0.14712745832909677,-0.5188657911822322,0.12144922948492397,-0.10954630748942479,0.1725697846242128,-0.23419007250922255,-0.9373350433485949,-1.182413855977456,-0.7495804177751628,-0.6879030421600119,0.5428017949701253,0.5120960187519983,1.0526889153764007,0.922993131885653,0.6810446460661017,-0.19911596744918952,0.43602605422181073,-1.0165264312201747,0.37987294284308026,0.9015792937252404,-0.14333165129571737,-0.15809899736127594,1.1185084144228907
1.2023964103146711,-1.4094630927245821,2.00581092640096,1.3265750902757818,1.201687118959914,1.9912989889130983,1.2567319475450112,0.9045637552546673,-1.9695962199677388,2.418665735697242,-0.02443822261530533,-0.3990657729260233,-1.1773143996951847,0.7900399409558041,-0.8337006958213051,1.3637955771201533,1.0339001767164067,0.6819357515505409,-0.8940710990771372,-0.6871754193033881,0.6250898830480842,0.7208719046451038,1.1440603409974948,0.7718599639977356,-0.6941086585192856,-0.5767377382239484,-0.5267353472471601,0.19555599408121185,0.1565322876277802,-0.0183826293695835,0.7705514204548225,-1.453358559581133,0.39964420823008845,-0.2604493255186877,2.0024113241785417,-0.6343033374869744,0.16071250925709776
0.9155720488975954,0.3059640882128057,-0.18036065711451726,0.5541538213503754,-0.9558649315817646,0.8969061048731748,-1.003710755000651,-1.0716527246112257,-0.3846515399301843,0.23353187683475732,-1.3198044750626825,-0.571552647649482,0.2575049799170891,-0.9521987235415189,1.0314376780250312,0.4539222637383385,1.212167468565515,1.3993144009228589,-1.2302822158085034,-1.2107805862412746,-1.4796734881352527,-1.8088427872004824,-0.9272338524957988,-2.018419532621544,2.3484182624031553,2.930931784405014,2.102172448934852,2.82704002756585,2.777985324848453,2.7201857780850274,-0.5945121247789217,1.3699441307443077,0.6220310978031033,0.10370590983231834,0.7224124561177475,-0.10312652865715244,-0.5034876831770448
-0.5903597185031407,0.5842377260991717,0.23703369862601714,-1.0721228324891603,0.3132400588837164,-0.5116411746182417,0.042145669444545134,0.4227836225511519,-0.7058728480696257,1.1744770316807347,-0.7378045030469398,-1.3074494752357027,-0.24203323426451842,-0.13093683738498746,0.40281109101557017,-0.7429222650957723,-0.14816811216470377,-0.19538089272707213,0.24089491425031476,1.3570889586387178,1.4546931693744307,2.1051157248291252,1.7495936981799594,1.3792259817517591,-1.9024749538605719,-1.7607218654230974,-0.9383138859609231,-0.46971977473795995,-1.1810856559468441,-0.3016621386565995,1.2586706601468802,0.4089030181256269,2.8296671991401396,-0.1414967439471976,-0.9604045171830368,1.0716315835026275,1.5023951501512924
-0.24188980670646978,-0.05235962170933751,-0.813148061905801,-0.05695630016547002,-0.048244953236903865,-0.6369131271638104,-0.8104670413048933,-0.793439866620256,0.29260888238683197,-0.3466634709694606,-0.9121869651995603,-0.31149303626417557,0.36431570673910013,-0.3991413102279349,0.787425752576689,-0.29510916876464593,-0.009422005380655315,-0.09749956128835222,-0.19558395165330694,-0.049604783976712,0.37320570721592117,0.09833810497189366,0.005492873923796638,-0.8034219614896003,0.10133858719328791,-0.24748298878116273,0.929415436753905,1.4040320442480652,1.403659568617925,1.4062905536780237,0.21401687563484692,-0.3673879372141262,0.042657206588386204,-1.3144405122798053,1.4092353389428336,0.551331861051312,0.16690262138153206
0.014542182116471895,-1.2471872582117725,-0.2657685116340205,1.714350668680098,0.2500604686026713,1.2291733028635885,0.511854880790067,0.46916176039460666,0.4032941678042608,-0.6473719528357433,1.1414890734839216,0.01611030119150991,-0.03782929872048297,0.074808243188813,-0.09457174075637415,0.7437958980541953,1.195013880135896,2.017326133719723,-0.9375680182419103,-2.410802407564206,-1.9942834552411417,-2.0547297659825596,-1.705686533658421,-1.715605157644388,2.0967655073927602,1.7288325184418387,1.4313586529023556,0.8251414294750754,1.522865693146044,1.5699076268250647,0.39272629183350677,-0.6045070902836149,-0.7458726181004705,0.3977990095161095,-1.7136248811567385,-2.473057694690314,0.11134704645021395
0.19590528322214057,-0.06894257373455197,0.029885281453653895,-0.12758478143215077,0.3115671309520674,0.1218542973410827,-0.49933189564199393,-1.0324147137248794,0.6357671126863561,-1.2286880342787312,-0.3182305323223931,-0.028499208601301253,0.9788742393474797,-1.0788089323143049,1.0255201505791134,-0.4882774840085991,-0.7134747059903284,-0.5845442192346878,0.9218128428952687,1.292001488960566,2.084467660912345,1.7531553280751397,1.2873490356675172,-0.1566142354799516,-0.9355480529293128,-0.947607084103451,-0.862374417503443,-1.2385650753754092,-0.9960691446690653,-0.8143629680007473,-0.9286104691000401,0.6303189518091905,-2.054791193470064,0.2606119590863413,2.093524772840335,0.15977248262670984,0.7170376170665019
1.4980845008111492,-0.011659914646688124,0.7629845697220815,-0.43114108130362044,-0.09470437483181367,0.03474495344270193,-1.4408053318251983,-1.3846453756127604,-0.6199570197248107,1.0916970226258986,0.07926992818556074,1.5200845263084912,-1.5062274767982633,1.3943865537887519,-1.475500181965696,0.04216780051773737,-0.40299890635949703,0.32388401041800297,0.36266903865022326,0.19330665413370632,0.07246094447902657,0.354644014608995,0.14087919144610958,0.8274070988997627,-0.4241243014472676,-0.7466573585660137,0.19869813652847884,0.759684429472413,-0.305239157565221,0.11386159176630735,-0.24020412317978046,0.6029248403359724,-1.2151045400718214,-0.3887762039767689,0.8081739962655144,0.21001828089692046,0.8271899777306223
-0.08862566497273001,-0.2540179865608451,-0.9832001318602742,0.289209157394061,-0.7492008866569964,1.1468394481601023,-0.8485014082680525,-0.17101468510062862,1.5481730508852851,-1.4948222183022328,2.4614389709662126,-0.11129246756745723,0.03497580924592014,-0.09506283206613309,0.5914081040308414,-0.5023215071542491,-0.0177859522753456,-0.3393009167169962,0.03813394646828765,-0.16164493447554146,-0.5303139870928453,0.1490630740176147,0.10957120459004663,-0.7845037224757423,-0.12601567152705465,-0.15960053777793895,-0.83157608920978,-0.06317114079526598,-0.08785001290648052,0.022187513236878155,1.2776320792151532,-0.9314230783259129,1.260342295449512,0.5041861002730169,1.718995559466453,-0.04526989667525687,0.7220454686623813
-0.5504848478990426,0.24966246358901423,-0.6938731880701198,-1.140903862113553,-0.7872108553165991,-0.5212058124229272,-2.155007615002871,-1.4979942830528594,2.0261992116865226,-1.556441327908776,0.5507311926501475,1.3166624003861525,0.04450631731065872,-0.006398665119851639,-0.14007185758501714,1.8096908656054405,2.8029291906651492,1.9560453735015415,-2.99393959759883,-1.562715195350424,-1.7985912762837903,-1.9293208660910148,-1.022186044630187,-1.9753846193487343,2.111370638927901,2.625695369867434,2.122680640711705,2.2010000222983432,2.160091284205565,2.052443549336198,1.759216172703294,-1.1761655752200295,0.7354222301560033,-1.3328295801797128,-1.706330245897818,-0.6408870668311234,-1.3219503297534796
1.2414321521136253,-1.0340922386804086,1.0601577728440434,1.0832311772316618,0.2507755005929227,0.557189716085777,-0.27529120408100133,-0.45493346797653683,-0.5809075385729239,0.13762529264696033,-0.1145954499421673,-1.1596255475841686,-0.2540624268705647,-0.6293231318218697,0.5510989705451991,1.9846691966317145,1.5508455005619095,2.446876073844242,-1.3384488489882698,-1.8523618956816723,-1.3120821554127209,-0.9898874907678304,-0.32636062493691825,-0.808025883051608,1.0167849853582893,0.8358273367661655,2.1737434228790913,1.8114150541272898,1.5857842315091233,0.6812802761654791,-0.151776928712262,-1.1259104781448883,-1.3726233386722364,-0.23267754866832785,0.11835169362223098,1.1736045922737992,-0.64789884407763
1.2167066030146871,-1.4085443494137677,0.7638952921244764,1.09966272216301,-0.3708849709064432,1.9613363481201151,0.05656528307274072,0.3990912479234531,-0.644683107568861,0.5530649112069436,-0.464455805137145,0.6647642945806941,0.17314599941146747,-0.32898458335988223,0.32711494049030304,1.5084930398594727,0.8164738140735301,1.5729721107185743,-0.8620038077637142,-1.3421236449176155,-1.2859053275526926,-1.6211339337047173,-0.7404427792816267,0.12403623399151038,1.260459237198902,0.9144840762713323,1.0115368273838572,0.3169952526233354,0.40484257169031984,0.47377024101807735,-0.1555228504276622,-0.5048854847092258,2.5118460686957222,0.0611587331752879,-0.18622127047705586,1.2233553493517042,-0.6661259015593975
0.893810318390274,0.5190891567454576,1.639673661824057,-0.15789131991143976,-0.4336947957763646,-0.2817722637859824,0.32147173004939406,0.23722319741894937,-2.759090329611148,2.4692261953031958,0.9569996320912046,0.028354132870820687,-2.956592459730702,2.8919860373308413,-2.6481473760056313,-0.10691883360416472,1.0634500330233119,0.4021494298298129,-1.7551297446025511,-0.20206089908028982,-0.5896762266532249,-0.27110281126244185,-0.32781758639133596,-0.5371615222858378,0.3715770658890693,0.2980905375636868,0.7194803757203105,0.27881603368777014,0.4319427238750107,0.3895877200879418,2.355306690182168,-0.7255038396036979,0.3350188137414531,-1.6921752143499273,-1.0628873166362167,-2.2411567219580655,-0.7819036773413488
-1.651594275629752,1.9858537742661537,-1.23154191162856,-2.12789194219932,-2.174166180196087,-1.1660686966776925,-1.3811882461461131,-1.0410976977337842,1.319573760881684,-2.02763140843636,0.15199338423403785,-0.9598278114842242,0.9766327011294893,-1.0828555539003375,0.5243862548681444,-0.390192419216212,-0.9518840954115261,-0.6156646580465593,0.934301391739021,0.3164576278538365,0.47447077943001176,0.98785382122884,0.8004483736025202,0.4509936715234028,-0.2423173286181949,-0.26360083778181737,-0.41202829005955405,0.4367629260487834,-0.08863710078213437,-0.26160650441598793,0.1230179888727947,1.572555939511281,0.4710315568859613,-0.02170046351236071,-1.3531151632782534,-0.8288964340388677,-0.8697857321567529
0.06086675960048889,0.3537692181824875,0.05478088515627647,-0.10417127033413331,-1.0758398461423013,-0.4105981586366331,-1.007041984311037,-1.0326913474253485,-0.018067705374342855,-0.3279637002672608,0.05510172762696122,-1.6506696559511638,-0.6876694503782846,0.45454410098441556,-0.25630208459136017,-0.7732220175938698,-1.8842981817261446,-0.783218390343468,1.7667962568020732,0.9581671833103302,1.1663676586425982,1.5570230152932063,1.3433762611476563,1.3524802414764079,-1.523011514841778,-1.7325199312258204,-1.0026735932437099,-1.1467974774952687,-1.3622040351513423,-1.33816626947551,-1.228984467801392,-0.5402902713718335,2.2878058703663084,0.7655743714367372,0.4573738298048397,-0.17238598348215914,-0.6798197138347982
-0.2593698778904938,1.452136100953269,-0.05507714843295519,-1.198399848906708,-0.3015059625718149,-1.3983328073598333,-0.5659261259185147,-0.9109779394811556,0.08272887341687812,0.765959567756677,1.1355397380842285,0.1980809368957615,-1.6617316841218484,1.776983651622151,-1.5277029709222334,1.5823669010265573,0.9991238696944746,2.164700614433422,-1.2586916590506272,-2.1648420708476532,-1.8072679367469604,-1.6850530022948056,-1.966202743629615,-1.685772528696334,1.627715210077794,1.2264696110604745,1.7365222181507183,1.5063042782903435,1.0908098333771845,0.3533438365487673,-1.1613637530413647,-1.2830031046182846,1.7737367866265028,-0.266755627177412,0.5483955128383943,0.9263449729545381,0.27149679845907193
0.42253694254844487,0.6305381622123621,0.2072611114413334,-1.1739695731348156,-0.4476657088730639,-1.7108078965164755,-0.911221384640214,-1.2455463025363829,-0.3169467982170343,-0.1442500923377117,-1.2791165601829353,1.923569868919294,-0.3113759046290347,0.6492837587493697,-0.5638462920083653,0.9667312753615127,-0.05322716190734643,1.123497179439481,0.31519378708768636,-2.1392328231010533,-1.4989601010847042,-1.7423644211333624,-1.9855568245421882,-0.8852914935461534,1.184799831180116,1.50121388874029,0.24360766872613815,-0.2816422039217774,-0.04059923192410006,0.20983195648912542,-1.29847944675016,-1.2270730400828875,0.7977629568964777,0.0011804839699464731,1.2535136894536076,0.00809971753596768,0.4211991084782555
-0.9067936810908979,0.8238487437779003,-0.30691818100420115,-1.225624362235485,-0.9534012831295945,-1.7113146906679693,0.11104121923661835,0.32280466639097644,-0.054317678065447635,0.5310661260542983,0.3487340415664891,0.028190419394178885,0.036074250277205525,-0.014927702220958444,0.12341391134458055,1.0156131133672994,-0.107829585750425,0.9974428333106322,-0.03105159697952797,-0.8020076610676088,-0.6797442435261843,-0.6467784329056839,-0.23802606904248289,-0.34416682082078004,0.4055725915749024,0.5218941739076527,0.35603057206714184,0.17831198286106942,-0.43330048656215914,-0.2690891488521755,-1.1293189901427092,-0.22184171521827345,0.8467251590721875,0.5950243153533804,-0.5572667131906106,-0.7139562178800603,-0.04742934831002787
0.8124378971914841,-0.8566160565163328,0.21670235892843062,1.3593894251921175,-1.0311447243987446,0.8145393699954318,-1.5808276815447628,-2.5287751629469755,-0.8170797918297402,0.8792750064191184,-0.750681371673775,-0.4522784938259138,-2.060019881210631,1.7615128762999228,-1.6742367893535621,-0.23468049826769663,0.06853129344097093,-0.5781766279799897,-0.2850193401439844,-0.16662832715319434,-0.4250913952032575,-0.4974214278101533,0.5007222539510694,0.2610384014409545,-0.019955408286272708,-0.1522373362617881,0.10132646032889986,-0.5920179751067269,0.5186431024677941,0.48579126510649534,0.38088726568238285,-1.8530255491942564,0.9420202234318561,-0.3509540274650876,-0.19397377279650452,0.6861698102832359,-0.4483690111297747
0.34235415639964584,-0.459799133177486,-0.5578485186768685,0.8709919107520253,0.495834489393237,1.4496616780690172,0.4763516758772583,0.8772596115235072,0.9282630168136345,-0.5097740226736385,0.8894522267672252,0.3424209630395569,0.3335554187217974,-0.4761183892403678,-0.024560322264597992,-1.769165604186406,-2.1617121762175358,-1.0844864907845115,2.378109745594349,1.4527806664062877,1.6522268979906192,1.4479375898557771,1.8842521166354724,2.837257871505464,-2.129528013496193,-2.3600416099814074,-1.9026129734455794,-1.523995511967151,-2.4777592275689444,-2.0526848801025386,-0.3761006141138548,-0.09851768874033373,-0.243172404000991,-0.26134592538521006,-1.4399054437961405,-0.2393260233090498,1.1590836255213395
0.8686825727472134,-1.0575498256727993,0.5624595179639595,0.042772504458004824,0.6859115584827674,0.18877689570187148,0.9087347185928997,0.728703675353432,-2.169766952701078,2.1914576771679894,0.029825022442811735,0.8257933065510696,-1.4309503085847617,1.4891617693209702,-1.0485001359651602,-1.5351825548443243,-1.2253918845538334,-1.726467829000484,1.2799555752167695,1.1175916703055437,0.5811139482278869,0.6210481159427009,-0.2649383858890329,-0.19273827935034768,0.17183739677009463,0.02261863637338503,-0.284501002937886,-0.509143250588326,-1.2683909825841797,-1.6628336857915722,-0.546442549571979,-1.3691780036844108,0.29431081686134203,-1.1363985706198831,1.4953116322685478,-0.14491889473970795,-0.13238893786744935
-0.7817588396722243,0.5438265687455113,-0.28297865199826283,-0.7207957688535894,0.5944456267261963,-1.5922801852383524,-0.6955872763405401,-0.8942581151935463,0.4847151321989337,-0.38881862217297963,0.04424856099659969,1.6866240719408836,-0.5751047406079733,0.4864837667908355,-0.9307951048911801,0.07828955383655054,0.666698875321296,-0.4614290214505631,-0.9296873540159805,-0.6075147958146633,-1.0600639223717803,-1.0307852202358578,-1.1706947189706496,-0.8199552284992765,0.5712812239028776,0.21507320684251252,1.0474488298191336,-0.2488135858113275,0.066527812448446,0.8537331889383619,1.5304221406369867,1.1150289194195386,0.5871356806310104,0.02027452472708578,0.018048863503969,-0.05422311832932856,0.8393960091841867
0.24824466887881075,-0.508440938140954,0.2879966233805695,0.589780294753787,1.2398666192249552,0.9511272894671704,-0.4280808740752907,0.029081674258884846,-1.200209341986098,0.7374381541772325,-1.836132733238758,0.16375406546417498,0.004498710312468305,0.21607929732802622,-0.4898916217817712,-0.5122226844958917,0.4566249146611731,-0.40009621263126893,-0.4538716253260637,-0.3695738824851752,0.18977896520133827,0.3982779233937159,0.09308867192751225,-0.06006860056945969,-0.6319015375794952,-0.7661288654830547,-0.47668095268556937,0.06532172352300461,0.2889054533194341,0.6786191187811286,0.9025864325008638,0.07741376600133945,-0.1268841868254035,-0.2982345629348321,0.6737636225842512,0.5502653436180601,-0.5837428466373926
0.780470828404862,-1.3213755755378704,-0.06001666200312399,1.4189920851101312,-0.1082051306489884,1.1322921486838737,0.2643266568390357,-0.9038125550244885,0.8429914307016162,-1.093772870001118,0.13620785551886602,0.13266953453043645,-0.3499531178128579,0.06370131850203446,0.32063648423820174,-0.6292723138709118,-0.6432789529101864,-1.7207331039500113,0.3837107801840436,1.580792873826765,1.239084179308314,1.4036132530061107,0.34271608839349565,-1.1612761187278193,-0.4891068103156056,0.08517186094201554,-0.369018875917178,0.12085878826764693,0.06930568692086503,0.3422576307780739,-0.8323104451419594,2.0733480558688675,-0.9809717368521029,0.532047402633286,0.7092251475848026,-0.33702791074145283,0.34496277718847224
-2.613378670151663,0.8338043567421051,-1.7226314676278096,-0.6188102917407858,-1.018015284665718,0.381894687392893,-1.6867164152139598,-1.3358665875277835,1.1042795215917,-1.099721975877602,0.8269046124526965,-0.399899114946381,-0.5950007887248495,0.9041644911781956,-1.2899070874436782,0.37085940610482815,0.7754159736496051,0.6105082631562043,-1.1134556151562194,-0.45245705102663286,0.3478146740088149,0.316595179308256,-0.26037347956240164,0.2911579663145004,-0.7157476422458243,-0.6258315592422238,0.12361081533074458,0.15393938977584223,0.46658745863027945,1.0769244120954538,1.036741432775357,-0.26588254395191885,-0.2687992693194893,0.5961353376928433,1.4132984853837074,0.6634692549396262,1.2220264528024496
0.6567713899794116,0.046475868978304184,0.9285949506956072,0.1306790173786535,-0.04089322261689427,-0.17482620961708398,0.15166758302946282,0.8215027410536636,-0.3776655448416655,0.9882639029474359,-0.3820234956284327,-0.43123242782777693,0.03679296152724088,-0.12517879325422787,0.059566553771431476,1.0511257114510952,0.9630064087721983,1.0906827508732087,-1.3143287241842239,-1.5791174374209385,-1.020877824866322,-0.8426328224871507,-0.9326137245097773,0.21176541367549662,0.1676580208348384,-0.008536341975473339,0.8668550639933863,-0.01768279799823548,0.26833826789958143,0.3315177943656353,0.5981467300216813,-3.1570741482216724,-1.0038996053077764,0.822885881045969,-0.8865882714208041,-0.10036429397776687,-2.5104821221274127
-0.38784206308328756,-1.212469133922905,-0.13149190519686135,0.8718194133468095,0.49196758717261474,0.17857433517558832,-0.12007397132742473,-0.6742924062705922,0.2076707774321362,-0.8723088244631715,-0.12152687502047639,0.3846809878468887,-0.1109021969509088,0.48461211404919496,0.12440864216356196,-0.6939151009402731,-0.47084202426160027,-0.7850118201050907,0.6347593340447182,0.282012289684372,0.05066409565495511,0.45059519838034184,0.16017996718316937,0.8550458699500461,-0.5384052280112033,-0.3365706801145534,0.45089404495930546,-0.3360853035120074,-0.280233386070875,-0.3684389623005352,-0.34660769801272046,1.412827508056932,0.06779272731715649,-0.4708861244608846,0.6486593329848493,-1.0993052042718852,-0.664762026519452
-0.04533372726300154,0.24650877774623,-0.5171447004412587,-0.14989982307582775,-0.04800328246624034,0.8800833266450107,0.12102554655676907,-0.0750909376405652,1.1425957182391826,-1.1223043071411658,1.0821441138655992,1.3984248570884537,0.33006598330081627,-0.4304835653815573,0.4199136780620661,-1.3089249502883749,-0.5258774168385896,-1.2776861961903794,0.26816851431573496,1.1901126350470241,1.2710710221650297,1.0578170802222513,0.7373162724162245,0.25514374362356096,-0.7945831819132932,-1.0169883736463587,-1.063479935628211,0.6775333540849566,0.7067647831708753,0.7417219196620579,0.20290672171808136,0.4611352533808377,-1.8110252324151719,-2.131892285561593,-0.07689516158909059,-0.0638893079028431,0.5150417930387581
1.252266066216305,-0.5082526652644126,0.9335164269044839,-0.06434679326277692,0.9223600052118834,0.5290398884833486,0.9872696985849975,1.0872863500798549,0.4346614456994559,-1.148498297189711,0.9340668526176109,-0.22456097968406413,1.2553068386651502,-0.7557842753596475,0.2568279106367101,-0.6697414933018802,-2.679514332404833,-0.6509078461985859,2.2834414264511835,1.0386448871789176,2.0646542025876893,1.9820509781704083,1.2699772888448064,0.910605446213567,-1.5105673184346633,-1.563186436565217,-1.4692171417198152,-2.8155411347803474,-3.9207680006173478,-2.72673538533397,-1.8729666881661886,0.615460670080851,0.3495558243589419,0.7735339197534761,2.062516241488573,-1.0472417774706926,1.09989806265834
1.0885788376253922,-0.6752732082356103,1.9342493976402373,0.39269859942196506,0.4257289854739974,-0.6660065404870326,0.9421887096187148,0.2074280941274136,-0.7737607147615087,0.3675724459031431,-1.1182246657092443,0.516932887210852,0.3103742204238284,-0.5451994732229098,0.7466877797316447,-1.042678549073473,-2.353320184063604,-1.3004882692818656,2.184975626705223,0.694064154796727,0.9521923641396084,0.6028347542582527,1.3655838759725065,1.2944723325239527,-0.7422873818919763,-1.2161387222523994,-1.6125763186907,-1.9469143217040634,-1.7042219277242132,-1.8843970422762897,-2.5229739467474275,-1.0369713349506697,-1.6590941079753643,0.46437657373902985,-0.8895651243009166,0.014264445846214557,0.14600350544178523
-0.6100542118217473,0.43801028750878757,-1.1385825196248098,-1.4599857919688928,0.14087413536940685,-0.952806615881459,0.37808016492226026,0.4487319646870796,1.257004286410607,-1.1218005387340644,0.07758161668008183,0.4336829656257621,0.48508717374997923,-0.4227921677052878,0.5343953124635952,0.6228988330837837,1.4576481841282942,0.6239591331097837,-0.6834760396988503,-0.3819025627698334,-0.08216878426307175,0.06936526930819185,-0.2305034251505172,-0.013007964515757796,0.35097248480110704,0.6781306737646196,0.6993144315312174,1.9484514305383125,1.6224934111538662,2.097778847303813,0.1958802250485208,-0.081318508225924,-0.4086722617010633,-0.5973604233212936,1.124439559176557,0.8067127062678677,0.0009490042006799291
-1.737316542693065,1.615431951148532,-0.4658061295753819,-1.983109500388546,-1.8563125083907592,-2.5586369875300274,-1.368914331710539,-0.12468508377994099,0.16430985375926116,0.6023665211932697,-0.25953649361002507,-0.7509736937936907,-1.1617186474827392,0.6017017461271885,-0.5310704144787508,0.015461074692998527,2.1301775266386875,-0.11605882926697288,-1.925532803300194,-0.6160901628371606,-0.8249071971952614,-0.7258533536687395,-0.8407754864046959,-0.28946460336878826,0.6925994002230134,0.6080165525839708,1.1729555955770332,2.52169714286902,3.073284824966222,2.0724289518642998,3.467657004946137,0.14701494411492855,0.5156225729339653,0.5876529370288139,0.2999924673694041,-1.1059508426526536,1.4756767682180452
-0.09920106255011989,-0.16625809533628058,-1.6065968709888414,-0.3168359054427671,-0.5046232166228712,0.30015997590754806,0.6246511602245508,0.70616933492435,1.5339937887314052,-0.5069369106598074,1.5966791931793782,0.19946168557681032,0.4140228074011155,-0.368035104544142,-0.31972002885146694,1.9331971057270672,1.4363226933245499,1.7322283099328935,-1.1585601188717087,-1.4223292638525011,-0.43255809904039416,-0.27142361626816175,-0.615781176498304,-0.38873513533481413,0.682385091303315,0.4316950087391923,0.6984002765786171,1.6590645691014045,0.994582919778915,1.1090928156546982,-0.3655167636528488,-0.27546165848927456,0.8079565978196772,-1.4070928022858422,0.24729184183531905,0.33917515607833226,1.1576950076256969
1.0590677125460757,-0.9595263503975475,0.37122611369283187,0.41039474651485713,-0.08557306765296595,-0.30904939569184536,-0.6479948180361318,-0.46272145097089723,0.3507892684705849,-1.224887545020107,0.8213524837240475,0.3279346864121892,0.9401675387630185,-0.8959307858652679,1.254009636370874,0.767245616851653,0.4549381745732272,0.5851780098858245,-0.717616679020951,-0.1844933857450398,0.42783391018337125,0.11336147406691831,0.06647833080455647,-0.17014279589056544,0.02889403543731671,0.2002225274162611,1.2593035349264174,1.3523178105326983,1.125675361041717,1.4378889440298306,-0.5932596550923899,-1.7656375873400822,0.686980612576491,1.0608690483155185,0.0024579138069393746,-0.8601305410278747,-0.8664585579231041
1.315187788540663,-1.3079514807163772,0.6297910310011743,1.5061615476844323,0.9003622258649802,0.48373350769772455,0.7612923797788784,0.19535027131533378,-0.7470621176437311,-0.14103702653203773,0.32932043303947456,-0.4754232072254042,0.7086445855074103,-1.4213144133330393,1.8954534042139488,1.8653923637526983,0.43798191204899684,1.4480050779273776,-0.3109893571662654,-1.072902379889977,-1.226592584965032,-0.9386545048238214,-0.5550763785518217,-0.378622450104023,0.8682894808664136,0.548474040150629,-0.778398231222945,-0.999538317828249,-0.13718679654403876,0.1730512472469057,-0.5110673092868768,2.71826132611029,0.32785872291023205,-0.29701599732207506,1.3003966787353505,0.17578559337142632,0.06409305424643759
-2.148864257326278,1.4428777372479449,-0.76491746966055,-2.090673292840249,-2.413347217733512,-0.8656443860727984,-1.412988494180476,-0.7276548753685727,0.6189114672072955,-0.6003024797151711,-0.045790829775918696,-1.0216942314892794,0.1797240213976184,-0.28987644656779793,0.256903984023598,-1.4089184904922685,-1.6091146481702512,-1.1032521522979932,1.5328627362308913,1.4617248741338214,2.1460350004216266,2.0858880503748987,1.571752505200407,1.8421783980486217,-1.9754755736870786,-2.166608887442364,-1.6261858271088612,-2.3370080445301418,-1.6910410218424272,-0.999543562147811,-0.25707095989096246,0.7936208988931388,-1.1376600693424894,-0.7901474552949338,0.21314819317751987,0.8375973988561152,0.2943783856548651
0.5862499790170767,0.19034308017989965,1.6296306996004948,-0.5106472018684537,1.3225520020177255,-0.16569443113057827,-0.5061753867357288,-1.5860672619649039,-1.7585212012539708,1.9081326429860457,-0.2818758684853051,0.5240930391170734,-1.9672940130729821,2.0876803337419934,-2.1759185453007825,-3.29041374307983,-1.8553539751459562,-2.5014954658187856,1.571132016784844,2.711376213884767,2.4765085577115324,2.682072329649451,2.315419611125934,3.567820389087318,-3.0888266827017334,-3.071960578013187,-1.9103149270246464,-1.221970698568548,-1.0148258008918962,-0.9387986794552378,-0.131752081956297,0.38014215786541444,1.0009087894500592,-0.5838299589863724,-1.5824421958472301,-2.1671393530408585,1.5777272814064816
0.44841401497828687,0.12361338671446989,1.0800176893818312,0.19631141250407522,0.22118757739490322,0.5830391682025478,1.0850820242211185,0.973245632859461,-0.29944735487455615,-0.5696655050446455,0.07360174263279322,-0.8731725315647348,0.8322479610547099,-1.1805236419701166,1.2711462118448633,0.2669067827907796,-0.7121965183973487,-0.029973945611609796,0.6107564505949886,0.8471129375070204,0.36340250201705065,0.21823787175185208,0.3361511178798408,-0.03354713963157561,-0.0653604751738211,-0.38873664852667683,-0.6867571132102304,-1.00859132815278,-0.37245907444987797,-0.8943064481752229,-1.4487634174875708,1.26964363397977,-1.1143667370116104,-0.19532425151800734,1.1727136669992804,-1.1470028655986826,0.7723183394960987
0.7636712936444865,-0.7397371101473584,0.8889556030722777,-0.03388993199671874,-0.9653323501556528,-0.3015803979144048,-0.8792446732774204,-0.4148241909105979,-0.3839537851292062,0.14640465128963606,0.634695586716586,-0.32874661068144384,-0.7196177266170708,0.5416507344609716,-0.3381145389995081,0.14502897414359578,-0.010842997399521553,0.30912168456213013,-0.1836149294692852,-0.21041498559382435,-0.46621702714011565,-0.23668466247829067,-1.2353023205674891,-0.8746064525789935,1.0374579003229207,0.8173601636270506,-0.058511460278840494,0.9049378020266101,0.3749711283966815,0.801802753568298,0.5828473969516018,0.6027990945104817,1.1169759356563609,0.023186405696764976,0.9886612691852985,-0.3977613354382535,-0.14373517314810133
-0.007974181614046737,0.035962815998656375,0.7254576596924346,0.5892790519600969,-0.533675936482895,0.4269294765608529,-0.17651903140808417,-1.1932735020476244,-1.3824700513118298,1.7313126376743635,0.9039190206998641,-0.2347638847227327,-2.6228138436545483,2.3816743943876792,-2.0334867553444123,-0.10530235055363128,-0.9121997866537231,0.15071801908208446,0.9020779472857584,0.6831917666919347,0.9986305515537234,1.092329763110185,1.0071657218351784,0.5870994273530902,-0.7347012363360743,-0.7619670930153903,-1.357382201175676,-2.2350126768773704,-1.030064160236684,-0.0633780388462393,-0.5125487675850501,-0.7129747922694928,0.6415034694910187,0.08321441402656307,0.5377581040619641,0.2896949081694297,0.16202685108736942
-1.820810948003147,1.1272936080929457,-2.2043595136441745,-0.9271368947615166,-0.48531985930531335,0.16557055254107075,-0.6845577093499337,-1.4530645528765211,1.9022045252588617,-1.0013495835578898,-0.04284862834348819,1.6768548009844282,-0.46649031318514245,1.1630361926387578,-1.092827297460317,0.11712325419797259,0.4231395950805289,-0.5280812362489642,-0.4796579993705129,0.10228631077861318,-0.29520020075278863,0.18127495521073317,-0.9110215741796246,-0.5653959087560362,-0.013637294633413219,-0.04500905827730601,0.03256242501464769,0.17477545384227955,0.4675248114399333,0.3360843484299324,0.3656766765557972,1.2058134638600144,1.386171436727771,-0.39257806277269147,-1.1848790184319344,-0.1941474380620696,-1.8256436238838578
-0.48708246220895207,0.6281186249241009,0.27320419424606074,-0.2275187303261495,0.3775013965802613,0.006564199108521585,0.5680199940609154,-0.09353490366479127,-0.3505847283266623,0.1525134102338219,-0.30999750408416316,-0.6032222402076555,-0.8546101899831393,0.7701904506596531,-0.5522528061608651,-1.1241485546804342,-1.4654364771158135,-0.5169219602432888,1.2144881875987354,0.4097677094010574,-0.1445622778935162,-0.17039283068156566,0.14110101984354742,0.6751910454226356,0.5129141179678529,0.13240316291383503,-0.6643191647547064,0.09323068821300477,-0.7206224780119942,-0.31843404561357974,-0.4617164360416653,0.8099379584573788,0.027560836564693592,0.2345074578390364,-1.0288845223624894,-0.07303952232416341,0.8692078514344482
-0.9563762055500344,0.7602639461968775,-1.4257173703098607,-1.1694207739778752,0.08943060954663207,0.41052422990188137,0.23101571549253816,0.7824835180002796,1.166838836113602,-2.026092656590316,0.11393480615731096,0.9645195460520885,2.149032945607461,-2.0687326896103593,2.172717778253426,0.5927234919132516,1.192655311982389,1.5036855274124044,-1.2274354613421756,-1.3986827419422896,-1.4493585173572994,-1.550555994011098,-1.8025212163254483,-1.5869719297462448,1.530696704468231,1.4015278671444404,2.0363859490995293,2.2718205436949583,1.6200441116144044,1.0426835304562019,0.06528220820245845,-0.675219028391032,-0.8316144272315017,0.043388788088633626,-1.9369154690035115,2.026319612681607,0.5641588453462387
-1.0725143565831001,0.7283371758862932,-1.2582000810926643,-1.0479809170264678,-0.5876423878343148,-0.9443437303668787,-1.1418667254359045,-1.296862811148031,0.5121512729978684,0.1255731873360912,-0.4729123146917786,0.20561683871189113,-0.35001144155080266,0.03240178868999989,0.7902193218809791,0.7687802555279315,-0.03454228127961119,0.6192535400296991,0.2673849337447874,-0.9890776583700425,-1.0175668165456677,-1.1192117226562917,-0.6946030944073036,-1.7731138218627167,1.4390809227434764,1.5361595846684215,1.5427280297560615,1.768698737472784,0.4298101685915187,-0.028298591416907742,-0.5789142851963754,0.7480012241689392,-1.314233531656011,-0.6095879677662659,0.41043098694041175,-1.2454765467637006,1.099275825757991
0.7756602528354187,-0.5138718218252133,0.8178315489995054,0.36319132103596535,0.7567275963118636,0.8446707668745257,0.352913831527558,0.6956079394189242,0.18919375922934384,-0.6290643690403019,1.0547246189289752,1.2633290565726198,0.20241853996676723,-0.5151312790719222,0.6181496936387956,-1.2012025629372391,-1.0307349619786093,-1.1396934156420775,0.6501348927283098,0.052285001512675885,-0.2668199008484741,-0.5869710800721997,-0.4169261121006348,0.25638441355861447,0.02997419284156453,0.22769122505194936,0.057452213909013235,0.2840982918333601,0.6353400959867095,0.6046230165187765,-1.4912184586885024,-0.2781993770712721,-1.2011139841706764,-0.7595452297466267,-1.406859588871495,1.114261100569382,-0.18197138717471978
-0.19475565424819505,0.21755914360159045,-0.9828108167379964,0.1977487797318651,0.4274780118131459,0.7988648478923956,0.6456588528250781,0.8944352196245795,0.3280350782211709,0.014992406816952847,0.0502889475528064,-0.5614931649026317,1.050519294019441,-1.127790520591952,1.1070456041096868,-0.3402125524684773,0.028124059418611874,-0.4087551115494568,-0.19485003737966738,0.7729996727949969,0.4731915249366369,0.3034831687569643,0.14813267964855897,0.1844772470711203,-0.0606727094983651,-0.19533728973370462,-0.20241453224530317,-0.05668771496277353,0.23338079232523795,-0.1211249977187149,-0.2751369989744251,0.16893860725170312,-1.6646956949751306,0.6408440426589397,-1.777573597752489,-0.3786645606069523,0.07508033888244318
0.37904746473649814,-0.8149958174246388,1.1090217701500082,1.096443347796371,0.606617022471503,0.9909200110869487,1.3650094285603616,0.5539536201726862,0.4771819396565868,-0.8630626821415293,0.7004466492563328,-1.4870576501575403,1.6260290599739513,-1.7407363068561326,1.1338355645252627,-0.27735379553439526,0.4544848574874326,0.04958297047148642,-0.3567520065956673,-0.41973986822671966,0.03657687837885568,-0.6691079973495266,0.1259971233607818,-0.1108263726631174,0.9634780677622208,0.8716787785287836,1.3714608704041245,1.6815958082593403,1.1938910003816674,1.086287505006929,0.6172444466900461,0.5584468306145186,0.9615921038898358,0.5571729979815828,1.22842644321309,0.5253069385382422,-0.5006182167197393
1.052631445483038,-0.37750608130863106,0.7417596848108052,0.5151012890569706,0.04962921507178578,1.1971854671559108,-0.1818019548855455,-0.3229745266333127,-0.4934245444365892,0.48592386951792443,0.11805678539105148,-0.0734794392731401,-1.239900899646995,0.8034509851557171,-1.2210388378029087,-0.6629641082911893,-0.17255373323521558,-0.3400052843786764,-0.01854386981126512,0.1639610776893931,0.25499537467517386,0.6602949560221179,-0.38407525970544476,-0.6531625505021998,-0.586366459612954,-0.6328905550035414,0.34150385762530266,0.5076770656707968,1.023505793472904,2.257345377473136,0.2327526644477025,1.3240233949101499,1.089316706598256,0.09203166027687812,0.7195413909329341,2.11271349032348,-1.1304848442327546
-1.7753971179566945,2.0946544704456294,-2.137400830173006,-1.9839531370318122,-1.1819936464260756,-1.8855960737421866,-1.722209707168669,-1.6542595471557464,1.4495803198433137,-1.0587337769469547,-1.0339071482195539,0.24056786203605182,0.5444005812308391,-0.9053958593562105,0.8817956142633089,-1.1618868697043279,-1.7482577989685282,-1.7924619923279248,2.021472398793818,2.345615483808134,1.8423185374660227,2.348896211631846,1.6383380802714802,1.4920628188356786,-2.1902017551868322,-2.482084301976611,-2.549192286281476,-1.7459664614451067,-1.5102899250878599,-1.6306049073700448,-1.334564215844681,-0.6819006512028568,0.5661352085796141,0.9552892432735456,-0.3863201157192325,0.6652094846661861,-0.6148528489171988
1.6089325050270324,-1.7722823340563882,2.16707106274953,1.1604274136870032,0.6369150895186566,1.4244040568965524,0.7264452393634941,0.8748116036464151,-1.40467627439031,1.880136560577308,0.6110716880288719,-0.034575187406906106,-1.107094414706125,1.1738908567827666,-1.1319346350980553,0.03236694965679362,0.4637591550589047,-0.3998256441075606,-0.13460238177848638,0.6370271891029807,0.3642496500448341,0.30669781181196015,0.6620850624256227,0.11357056651713646,0.08209622792795787,-0.06970963619275863,-0.511821180527278,-0.3599355929274575,0.9941472976253437,1.022580881925121,0.42488601413622024,0.32475690647992367,-0.031415453800235145,-1.9175826117185995,-0.18637957280762604,0.34743876643285915,-1.764630137727941
1.7952023043092342,0.31889827233285334,1.0816375845035486,0.22891314866281276,0.15488183956769105,-0.4112214179245185,-0.05205743422942597,0.05069025101682645,-0.6548417650330914,-0.1651833480957287,0.10900938242849496,-0.06806085878965377,0.8334776987938392,-0.526795121581927,0.1782051083785086,0.28503350063941724,-1.005451854500998,0.48540366762226317,1.2919317333885008,0.3300473737801563,0.2261358810534588,0.3515578466960034,0.6468597661859777,0.1699280727728244,-0.6004863472027426,-0.3647104874932231,-0.5100896987547731,-0.6273928198672754,-1.1177719038984721,-1.761948669085702,-2.7055738545598773,1.9684986147750805,2.1011637288332983,-0.5267743002857722,-2.468986854097253,1.580227593051063,0.8181707728404221
-1.8268851653982752,1.017308206620647,-1.3929324951234432,-1.098655624435751,-0.2801734130606437,-1.5985648473129639,0.25043356526355304,0.20360254267781216,2.3175664996897307,-2.4205045903343847,-0.6112648423293494,1.7153034246263856,1.8766821857566762,-1.6239099925283675,1.1949415715115643,-0.6012692414301282,-0.6157566407460536,-0.6036088950405814,0.7604129589157846,0.6291526094873872,0.51788778376454,0.5477387305708453,0.2774658164425656,-0.5211249293880736,0.03042415426866913,0.24557727843357494,-0.1939657470905075,-0.9969822813596351,-0.5208883224760685,-0.2157472532535964,-0.8022225281711995,-0.21395131928412123,-0.09772253460396711,-1.1161015504196508,0.8687151535804858,1.1035210436993748,-2.100558901300695
0.6829861052315116,-0.22574754946434467,0.33003791803839233,-0.5978535576166675,1.0147727237737292,-0.45036051432549734,0.38033736423827424,0.8317131271419691,0.024582625353975072,0.8356482850572752,-0.30799928461642173,-0.25697885422582983,0.5091883001084654,-0.383827119639201,0.5478081242237637,-1.0903265307163386,-2.082434656227689,-1.5245353085675009,2.260490795290904,1.6581344143181618,1.433993205216061,0.977539435566969,1.1657523144018902,0.5275649951925281,-1.2167750935030937,-1.0603821063376033,-1.9682908831645571,-2.2823958291510444,-2.117485760685142,-2.159446606074587,-2.0672570182462833,0.15706789878864344,0.2272210587404196,2.281525694325619,-0.7473523924399376,-0.8303382394475276,1.8739406657284483
2.001475995342929,-1.3860027439348908,-0.5947048537116991,0.7218826655405857,-0.3821058917787083,0.5051220911455926,-1.1158231405881467,-0.5322963349832788,-0.7332155402112455,0.7583481702512538,-1.8075532751802261,0.7055078825307487,0.29945448948279446,-0.22059994287139925,0.013479864431740178,0.43741840194061915,-0.2951755466735348,1.0989731639121314,0.27298883765975707,-1.08272335652272,-0.5691136321283466,-0.23120492743526286,-1.136382799598568,-0.5572113824178,0.4944855331303836,-0.24598205710683968,-0.7027041100794815,-0.7777164597332165,-0.9867437660543285,-0.7253827379806214,-0.31953223108552814,1.9670092259380827,-0.046498918300409184,0.7452385978075121,0.2798594383291817,0.26907609653365494,-1.71250607143202
-1.441234766083609,1.6544823711353516,-0.14665165120958315,-1.8392238381683341,-1.0356241655741678,-2.0990681669854774,0.09367382492808765,-0.5119604423642331,-0.3048446172660142,-0.17664599292415606,-0.6136342806592912,-1.3163798578352917,0.6425951916722843,-0.0568799452313853,-0.20129771555088774,-0.7611706687090256,-0.4773816096299889,-1.0600088848312237,0.28082127400608625,0.629615570001884,0.6416731490090849,0.9716477569691937,0.26810183916380836,-0.60651810247232,-0.3494144660549464,-0.5493141092753829,-0.8734727078482113,-0.7437221301843926,-0.7093884508856538,-0.495749528931795,0.731076440559193,0.596112919868091,-0.34230670033200444,-0.04356953150935612,-2.5505375148382594,-1.753052162541246,1.3711048891128723
-1.2136223512291349,2.0341372568940206,-0.8308735527213211,-1.9928732550037458,-0.913918053205486,-1.1454191028975227,-1.0198820697149331,-1.108191514903136,1.140966379022046,-0.580200740098805,0.8760748329498755,0.6987054414878786,-0.9279876973662124,0.950206534056471,-1.2352554075518585,-0.29500038917492644,-0.4561449829784875,-0.24888989188533095,0.27681050013501346,0.4903112247234752,0.5312811746178122,0.19653422555613703,-0.17178341810296044,0.5265447937356823,0.6217543010784286,0.7205895214882102,-0.17819872784090698,-0.7396169918572595,-0.4394271099886717,-0.31754574983907624,-0.17218060884662584,-1.5063627065535963,0.6448334417835132,0.8166946850520123,0.9297873508101957,-0.5697952048340188,-0.9037490112047903
0.8059328803409892,-0.8480184526982316,0.6726698454360335,0.6941584965387266,0.13417895431134053,1.454443873294559,-0.42764860653051917,-0.37149111070111757,-0.6454417133584628,0.040361293250290094,0.44369240159344275,-0.0047923987595979755,-0.6017472982625346,0.9619848342160057,-1.1708964923126843,-0.4241023567847804,-0.5796741678856324,-0.4618641517111115,0.09930775294465309,0.2602861080779871,0.8724625348040771,0.9369019885647712,0.9769854668715366,0.0837457707923728,-0.4161645974445912,0.059566101674984225,0.3258880313525349,-0.3908994907705398,-0.29772354161425824,-0.6827215344294365,0.5392755388449046,-0.8307464243927544,-0.6429337332969518,1.1465272859780813,-0.8077118746424581,0.2887024255778536,0.4841405418764953
0.44494853165158316,-0.3550017417416114,0.7814244560227446,-0.39628031627788596,0.6842509826162703,-0.49836730464941664,0.1493637195656065,0.17417387163032225,-0.9379000946556395,0.9137145952571236,-0.6469245018274371,0.731657558782216,-0.006411643414869791,0.26891706196910725,-0.3796662833870926,1.287254803523356,0.22411922933737,0.5921190991272031,-0.331824695516907,-0.2386879733577384,0.6336185240086871,0.5294819040425897,0.9304175956162086,0.8266229779549402,-1.3053767417492868,-1.2605661607994474,-1.074907217681851,-1.0586354297190403,-0.555112766836589,-0.6085523866817291,-0.5864701765578609,0.6479930218814296,-0.7112507405386017,1.1359299811035957,-1.433461500894725,-0.6320583971771916,-0.7567422037477594
0.20064270228673317,0.07639292646831082,-0.058805403866130534,-0.33192884675097245,-0.5953283414085837,0.33724481637194514,0.3558743700667296,0.554900052769354,-0.3956164440471521,-0.007739005709344004,0.019415896367719728,-0.8269562776495907,0.8319961430758623,-1.0811880115707877,0.9986584815740259,-0.7144737451592336,0.23249465140491415,-0.5426549721967787,-0.32301674371134576,0.2762800159938384,-0.321266971471187,0.05523232198605844,-0.47646341133249076,-0.11087121322641887,-0.010926044337392256,0.012577630015198227,0.3995654612867138,0.9131533549296393,1.0725911474897445,1.0433325909817548,0.9698365759586297,0.3825527204123673,0.6962586305208222,0.9528081882070836,-0.3927764175273888,0.2478118086751471,1.5353550274063965
-0.2757404249344508,-0.7406878593948018,-0.9611547475838684,0.4554462388701314,0.8680454203755004,0.0018778222774366807,2.0648328590334493,2.032457106456227,0.14310744200759964,0.540997758163331,0.19499763371317227,0.44202174614804934,0.7909679324715958,-0.5243573287727288,0.5597818191799047,1.7755096526710705,1.0616991850490032,1.7300153190167356,-1.0857040258208872,-1.6315649252777005,-2.1743997107794404,-2.1012733684986764,-2.4030958541076415,-1.4646444704958512,2.1807788441688443,2.06134244563442,1.019174129010808,-0.5360931841342556,0.26729918576160716,0.12655087062453502,0.12737041359090465,0.12323552534023217,-0.5045418709305751,-0.22624342999875166,-0.6506216276076785,-0.04038010508283283,-0.004596614282523473
0.13658718862153696,-0.03673828418629373,-0.5409672397715561,-0.08899081118322606,1.0250480890825064,-0.18196813078993027,0.3626076058736243,0.5795969550707282,0.564175449024929,-0.9147021339025853,0.8767091099119997,0.5740495913667341,-0.26673999203867615,0.3110372457542702,-0.43346557562861826,0.7851722027392284,0.7459813301932436,0.4498249812082629,-0.018149027519091948,-0.4267323689001055,-0.5451804317440269,-0.5351924640897794,-0.3580881776894416,0.1842032020139799,0.14745372738106272,-0.2137412927165272,0.23063995267979687,-0.3991429977931163,-0.9261921938109042,-0.17313633904282144,1.9264138889144475,2.1133776245443774,0.13817542322127443,-0.4640214231382129,1.0268829377716246,0.512183278689082,0.9684549908287479
-2.5789769181297864,2.443394515016831,-1.2094460430863088,-2.5751071564173795,-1.2343717158302165,-2.077455518324745,-1.1140665329939023,-0.7120020724882152,0.49675479354983393,-1.796809869155612,-0.2616603078116552,-1.795681432437083,1.5300903461896833,-2.026760323852593,1.316161754097406,1.8725587358467033,0.47220447053903253,1.4621648022307554,-0.6768999643621537,-0.8481481196805852,-0.4048489060159008,0.1659125156925991,-0.7258298936217438,-0.6460563915866563,0.026493323810734656,0.1176171268300647,0.18669172633771133,0.27115478170212715,-0.5367305857541377,-0.4464420529372184,-0.42367658365470623,-0.6535130985687042,-0.34538239361099354,-0.9228247511991168,-0.47390077263842717,-0.4532583188136008,0.025961004316916593
-1.2410864429120674,0.6528581974057431,-0.8775453881647713,0.6510309979497426,0.27197560070417715,1.0018420325256137,0.41230751417773187,0.26044012053777377,1.5163431099412623,-1.5120744199383631,0.8594295824853242,-0.34002345622179075,1.4234339783495606,-1.3860531619895657,0.9303893348846154,0.69596765967624,1.1097697508763977,0.8890252345550093,-1.1457579023038769,-0.9697684342538327,-0.697945077260717,-1.0527217299010916,-0.3430757191254482,-0.3888779769271366,0.7139248081071873,0.2723933019080218,-0.12500760183755139,0.7469273120651981,0.5994739071720583,0.0785841971258974,0.7042327515569634,-0.11274999553413101,-0.009529925861234162,0.5353901538339052,1.3164132062263998,-0.9718001874688961,0.28756780742153526
-0.1351819682265703,1.3857713222034187,0.5971460907156714,-1.4259005408391485,-0.45558419094515007,-1.1800160130415123,-1.4733746308872022,-1.4736690576347462,-1.0030092564499165,0.518274787102161,-0.9592594391206151,0.06864007876526515,-1.0044063652082613,0.8284289172639256,-0.9481404768793193,-0.20528913288581285,0.00047196603174692826,-1.1439722955019198,0.5936640390274516,1.581771780833847,1.8771331145629693,1.8728703386269236,2.512442655237081,2.364338933456966,-2.0037197659842563,-1.9504107755021751,-0.5374705977334755,0.9825995232156839,0.4400198960910494,0.5801849025833811,0.5317423041618807,-1.993411881949245,-0.6834592787344737,-0.12309308526803393,0.2797105838793864,1.4586242392244368,0.5361701695596723
-2.1668702416512935,2.0096246714923613,-0.7083972872140022,-2.0988459571224705,-1.6101964025053055,-2.8178506266282586,-1.6059365526244824,-0.875763229655804,-0.29493601558719185,0.1366018353154437,0.20325774576185918,-1.338238390773216,-0.28891322869571356,0.05177972105623107,0.277821619338624,-0.9138548714107788,-0.5441029070544972,-1.2151413602929477,0.31007074087075176,0.747293999223966,0.4783420190422476,0.4871594054468459,0.06446021101037548,0.20370615963576574,-0.75772981901829,-0.7065818726207289,-0.4864672556700341,-0.581301689443274,-0.05578338719546794,-1.1462880024002522,0.2151068845084538,1.1170697228280677,-0.6501564575374901,-0.381490475744079,0.8462464828291725,-0.525115222404581,-0.5453848129151104
-0.16402595979581278,-0.2862890269824609,0.49545350658469073,-0.32067309482691697,-0.7759752117001862,0.4374318452066027,0.49425212353871506,0.24632826435812089,-0.41027836436479953,0.6535365426807999,-0.8458706663138065,-0.14509880882721304,0.2918859053125191,-0.32961042716388317,0.2694179663225635,-0.3420187327843044,-0.2079254932446256,-0.20391892558114402,-0.10975750335415953,0.3279584298632443,-0.6051977515031959,-0.7580716685095469,-0.8535872263269476,-0.9028001959191019,0.6912538850718675,0.6744654435253136,0.20732962463422766,-0.04479751834728743,-0.5615895843895804,0.39559552903670014,0.7786072142190678,-0.8341067175710205,-0.8326002760563687,-0.4334519840357004,-0.05395936441941365,0.6363980375951519,-1.2554122701040384
-0.038724714637409514,-0.29761557463054894,0.8367555172292632,0.6289097105755675,0.715215381290201,0.5703961569653148,0.3872560165803276,0.6617757203592717,-1.9542392626162584,1.0590038369097452,-0.3392258818051165,0.12278929641066853,-0.6118609853890812,0.5242123533672792,-0.3601719550636812,1.5330748803830616,1.2735807796406204,1.073749004984811,-1.2950370017030788,-1.2518530096561025,-1.740639677024681,-1.045264049857878,-2.1802698267385545,-1.5514281757425141,1.6022191913283599,1.1857775693683839,1.1185219718032704,0.8124859295175116,0.4169742355207794,-0.4077846485154017,0.019453545648299105,1.0139869893673705,0.8611013974735063,1.47898022967007,1.2254843066927192,1.415529024375996,-1.2755465263033494
-0.7709003015319137,0.202342549320088,-1.0277596283993824,-1.1354112893834123,-0.04970818521665875,-2.2219311444171543,0.7107488191701595,0.3353331166398992,-0.7489180897589574,0.24449672823732777,-0.005160578895801997,0.5339229975405964,0.43099347978071817,-0.6191981430882276,1.0251716818972616,-0.02913965403321342,-0.9167072418025467,-0.2961318700495777,0.6671588981266109,0.7760145958558171,0.9388553294252577,1.0024000882621578,0.9133434051022095,0.6266547254000017,-1.037051035990461,-1.190240426338132,-1.5334033371079292,-1.0401663690993428,-1.0379466176782408,-0.4984467085777253,-1.2964574048748214,0.9093274748135154,0.1772857438395274,0.9836493009255316,-1.2101323752671176,0.136558954716403,0.0021486590273184503
-0.7112557885091286,0.17092275079510066,-0.08443229105343332,-1.0691370105932545,-0.5595608542026519,-0.032255573225035424,-0.4922347944291776,-0.30451936801865465,0.44637691724528716,-0.36988124173954895,0.5439150015767799,-0.37517580244352483,-0.16473750219729977,0.44685396976622627,-0.47891886184888854,0.6921828160016807,0.7953780620221566,1.031516848513843,-0.47146319780820456,-1.269603346444222,-0.6526507491080407,-0.41817061254343824,-0.5518080015837221,-0.8090901008300849,0.4400578290217194,0.6057431877134913,0.3720433312709915,0.2846520779658931,1.114342276682457,1.3068496560240639,-0.07154530366854692,2.300453481069685,0.9377079408997469,1.857514503599893,0.06230573574305019,-0.8875366438863068,-0.507516380339838
-1.084496192999649,1.1266671456058908,-1.0801317523352425,-1.033712014158604,-0.14794826415634302,0.026665874279945878,-1.3813528278116718,-1.081522589204841,0.8538152021333868,-1.0583234491417282,-1.1277629969369658,2.142607140021895,0.04204241538843627,0.24524747615657094,-0.23971015638218024,0.23025272553112547,1.4171558102927202,-0.11449739197233735,-1.3360992812111991,-0.17805105653533096,-1.032070604259825,-0.7378340007801819,-1.0408646190211541,-1.0728822516290584,0.5116188886657359,0.5082805307971069,1.6769880996990656,1.41480027379831,2.2360857615185257,1.4426638978531867,0.3862299913235889,0.6078608354059756,1.0465119708726303,0.5618426979159457,-0.44984336109396,-0.20643550621943074,-2.0731374332991384
-0.5135917192276094,0.6903579498991154,-1.1095391083471078,-0.39568629012053347,1.717737243094631,-0.9318759431870364,1.9807915094263702,2.0705505967947015,-0.48271396317021,0.458064675902718,0.06555419038393195,-1.1196929872053722,1.2346538136922198,-1.2841656407934545,1.2086225819064456,0.2736932006433446,-1.0634881225233133,1.1879427466663572,0.6939517305557136,-1.600807791362365,-0.7883291468666734,-0.8477686153182366,-0.7003309056349029,-0.29049159820506204,0.8482740028219609,0.6224159229652264,-0.6127994651316453,-1.31780098289865,-1.6712810535999847,-1.2018315628479102,-1.0238899905211163,-0.3932245625396575,-0.46615337503233717,0.09185054295694157,1.350563943557346,0.9957244853200908,0.43870679635071136
0.34481186247624973,-0.031946684689029954,0.5601017794340434,-0.036209630098429306,1.0243202355631147,-0.840185823731689,0.6239296632778588,1.2292692118767299,-0.3904855795753368,0.626636463673619,0.33293858119933284,-0.31358187390791037,1.0677959945614799,-1.1289067676881277,1.0711126997774953,0.3128686490631205,-1.2362901521682241,-0.5851119411886554,1.2609466097314683,0.604720851858742,0.7411761815748683,1.0868274765907948,0.23476822552840546,-0.36730886089425907,-0.4200060953525607,-0.6952743676489581,-0.8791098213661507,-1.7360033949360858,-2.5441660451457553,-2.524053307612231,-1.523666943845523,0.4130405235658159,0.9000610610226659,0.009854736927456847,1.4533892436675058,0.18035542187459236,-1.1970265981746588
0.41524330388385017,0.03916918968534713,0.8108175006409958,0.970457704907366,0.14165956433567004,1.4340537463573642,0.9654070432340405,0.4654625380462567,-0.8270662263444759,0.7243098843079331,2.753419355717583,0.6882380282049559,-2.5172733114354635,2.364180008980388,-2.5572415186911748,0.5236934573429778,0.08348540723119653,-0.6226130275617219,-0.042535616715380656,0.8488607240004167,0.7148986416373392,1.0009115129967616,-0.049375873208449536,0.5983737347858988,-0.6013949949059645,-0.36380708130519535,-0.37795186352982074,0.18175664717991533,-0.12686821816573723,-0.1821678507972025,-0.646897803660348,-0.7946757201000473,-0.012146687368597671,-0.9806823310278636,-0.05136105469839236,-1.2381243093259002,-1.1420767845641258
1.0204547377174984,-0.6269950401053315,0.48198091340260907,0.27286337979831254,0.34321706066819696,0.87889376074297,0.39896977097859654,0.42753775241005393,-1.3548602045671312,1.741515136099665,-0.690397511677667,0.3150289324738368,-0.5281155857502314,0.5958402297768423,-0.403466671870266,-0.8087803695183007,-0.8014533423280491,-0.28902275877713735,0.36286495964537385,0.4974747779781163,0.1498330279699072,0.10936599019466596,-0.17937048672782566,-0.4834216233118388,0.09574965236585829,0.09844271512229782,-0.14876706016571128,-0.2198700260012567,-0.20050531333944843,0.03961418440447061,-1.6628228533622782,0.27914974469818393,-0.15936264041134673,-1.2207426218997433,-1.3485841643566885,0.5727129425724201,-0.085209134608163
-0.18092973662104517,1.4213167218056804,-0.09249504940333328,-1.4306146460888578,-0.6090254805710144,-0.8598466848990852,-0.48831527432842436,-0.1650848481082873,0.5202762300192192,-0.9253615141495316,0.952173411105473,0.16287565502412732,0.26207642688521754,0.17508479139443334,-0.13845808239308963,-0.26009600657749155,2.2428396683214416e-05,-0.7120206191781502,0.10920936868055416,0.6144086918232269,1.2617856304610995,1.4929646985157472,0.3382046765666574,-1.0660503726481523,-0.42553068901693947,-0.7166710705829779,-0.8787851219354301,-0.13653282350731066,-0.13250084195622372,-0.13441534390996637,0.7763840704980153,-0.23870059578428982,1.2776742808473487,0.5402624528522486,0.37706233586906895,0.7464691132928357,-0.8962493862906845
0.44353579817786465,0.147789039282877,0.795560328013466,-0.17082962731029863,-0.7945175992789955,-0.3885404678949243,-0.36278562709800566,-0.05002113850096192,0.3339763783112756,-0.5735391324279345,-0.1485584728671319,-3.2730353428782584,-0.06603175573403139,-0.8863114122902979,0.5565395597269976,0.3343942557716278,0.47356801887395483,-0.18518449472182325,-0.33059213067273197,-0.08926309530345063,0.3211283967291416,0.6846151132167918,-0.0774886829796285,0.2504811106174572,-0.4499161804219811,-0.4858606066094149,0.6787864450032853,0.6981641157147956,0.5502452602987927,0.0324609466567569,0.3903753516669177,-0.10869195838193159,0.5662050088405197,-0.8954348984095524,-1.7232107198843654,-0.3840251147626816,0.06985072382457896
-1.4968842028222185,0.6826999840012811,-1.4688298037976482,-0.6027226393202023,0.16574108419851957,-0.9319282470180964,0.3607533666056803,0.20264970600146856,2.3415072351633177,-1.1995627415009336,0.20537733903226876,-0.09565998983007562,1.3432248202451265,-1.618769529491666,1.4533988011313899,0.1860039948208661,-0.11819233552597047,0.6300925034048513,-0.2858491315451978,-0.6704035134131829,-0.379785741208859,-0.11999650808473879,-0.2081491114916841,-1.7658460460574998,0.3861974957502045,0.15061709743739127,-0.22550299149464723,-1.075052380936945,-0.5007477924700707,-0.2489831373552596,-0.11743510854392063,-0.9331975718667264,-0.3566829586588643,0.24567645333397534,1.5810181748340795,0.5863818096542909,1.8185024097739684
0.19016854941225633,-0.14146337294579173,0.6915546576949821,0.0433159447326504,-0.5911563800130848,0.38300849156736433,-1.506653390804295,-1.2045385585651813,-0.3421901752169479,-0.07929882447703077,-1.2421394668000518,-0.2267550917776554,-0.5473744706814357,0.3801329100747182,-0.9621014637744361,-0.44967217292804695,0.9658523414519994,-0.641846540844128,-1.2891364470918667,0.5088458033964338,0.11240458312967473,-0.14184742852499233,0.13100983774270727,-0.5001916096105591,0.9781701925902683,1.018079270826812,1.0581986808939796,1.8486329389290324,1.3630945415783988,1.0968521031904883,1.7530376480688565,0.26051523666195125,0.5000327913461445,1.1457218522072607,-0.5268918460216697,0.21932124562742505,-0.40399064559493464
-0.24773220633786153,-0.4419533206564115,-0.7940321846981514,0.2838179286759465,0.7606864484519195,-0.13846523939957464,1.2466027200911427,1.1271950437358094,0.6122956583361291,0.7727036452805325,1.200042018915711,0.873214884840635,-0.39983339250971217,0.26864476076164934,-0.75305257628331,0.4435683412322661,0.14068577068788352,0.8188078130998432,-0.25186667302282617,-0.6144648431089705,0.18047347092776675,0.14765088944308588,-0.578259713789329,0.9449056104093162,-0.19639375983362584,0.1468570821603406,-0.2646435979596905,-0.1674002805701061,-0.03276003105446619,-0.07551711103892067,-0.740150906833743,0.7820710297083278,-1.2867973326944708,-0.6273905081670621,-0.08247939409689807,-0.22534961411348325,-1.0468992065959641
0.48648927088274946,-0.40246627880123786,0.6231451422282767,-0.32296243621730997,1.44825933346924,-0.6188466703614073,1.154336794325815,1.3581299642529658,0.6295174193366941,-0.017648924089281818,1.541000764682637,0.9168244124448921,-0.24038232289843323,0.9416171804715092,-0.6032671501826972,-0.7650587349432683,-0.9337010088762063,-0.9717727632637115,0.7030913459859134,0.9929686378582714,0.8887302253457168,0.9964053511255428,1.2477847299331926,1.6169388196669525,-1.2740025086554438,-1.5181723806393381,-0.9500694534743819,-1.205628073270444,-0.6953405335972088,-0.6262477856482109,-0.5200230946391674,-1.6837215158062622,0.2541035418647585,2.036812706481283,-0.7355237604556604,-1.3269623251985316,0.12559114663845378
-0.30819601933585355,-0.5520934704228344,-1.0440623308318446,0.816745333655001,0.41634394379422435,1.1052185396232548,0.35435734749218706,0.2924938861330693,0.9514297927110182,-1.2262588129888803,1.5976469666173914,0.1852704185378974,-0.14031205166783448,0.04874395227967643,-0.12217561168346373,-1.2248689649910034,-1.3861128803147293,-0.9019993000628965,1.4835338115803627,1.598239844478405,1.548582263968402,1.5599314284713994,1.3205045266815687,1.6270471374302453,-1.726013505577089,-1.6182517207334082,-0.6932107755575051,-0.8670126095522758,-0.6196725611360618,-1.1421647595022788,-0.6022016336183885,-0.7243161134492611,-1.5249851013590319,-0.9512057109166113,-0.9572586212308873,1.0564409603554166,-0.7782679477121763
-0.4037810580200244,0.2115473896684744,0.6419202798935432,0.28760166009045096,0.564608435581381,0.7975386745419748,0.706448092960067,0.6182315487137666,-0.7276329064465262,0.9385521117641945,0.6290978310116526,0.13878470092488607,-0.418254460064404,0.5459584902123606,-0.0888729734129707,0.31981476023075006,0.3608559675438769,0.02264619164564464,-0.4868472823342274,0.021825173345273306,0.045342730542055176,-0.17877174027988,-0.5007908712987392,-1.0723337916873434,0.9372030775227229,0.934906348813499,0.6970329871187921,-0.20716340527558302,0.16186613383110143,-0.3618020174637109,-0.5928153665414956,0.1286795699200407,-1.0003015333439556,1.0209991669507776,0.6885266487966677,0.7360967972454556,-0.023445083194241437
-0.858310413884726,0.6739922517089025,-0.1307497471107015,-0.8542618016684863,-0.2621084783980372,0.18516838452509557,0.32533345488928495,0.41119667327849074,-0.3308248832379119,0.44972691575209905,-0.46058067384335444,-1.2620403329153234,-0.18757416706102784,-0.1017199211732855,0.10882921283091387,-1.1999234812094504,-1.4220370551822237,-1.5009335389199248,1.2988326914413801,1.5528348219904193,1.024401254835468,0.8959676833804023,0.775981742476061,0.5044593244888733,-0.7500736506230437,-1.301970638519341,-1.387172814848067,-0.8574459435530974,-1.5626699587956394,-1.623768225074637,-1.7197412722646483,-2.3759839025814458,0.59764500077593,0.4580396964833928,-0.21105028658090663,0.5598913133949093,0.2523067342663537
1.0031670197474873,-1.6389799955200262,2.0856223112021124,1.4086909022466196,0.10104959378956563,0.08096619474911364,0.7090075074087886,0.44010098471799797,-1.2752190848423288,0.3383606124340905,2.027824494117402,0.3645982968679249,-0.3153524556492561,-0.3970954568044978,0.4361944257422828,0.30469167117349066,0.3214916976135426,1.0946678721001581,-0.626622313734314,-0.9445650146745718,-0.701125858513532,-0.5611630148911303,-0.8734804752086288,0.013311487336442475,0.6185996882613279,0.8160627713949091,0.5720669862501114,0.3995451582700366,0.39649817795143794,0.5327740150204863,1.0719239290764122,1.69420863455853,-2.7172071105651407,1.2240056805258879,-0.009127524750668678,1.525356986119291,-0.07913537978216506
-0.6447603228891273,0.562853053163906,-1.0918963005606437,0.26752940184036206,-0.43650610733071965,-0.06978157509256684,0.042722770676544036,-0.272513127721141,-0.2108550608622442,0.9997998941608106,-0.37149689158467153,-0.2836917693266648,-0.6721710408750746,0.4675481143057496,-0.45162712569305585,-1.9694092813668558,-0.13414368176282565,-1.1866500469779302,0.380700611472513,0.9698512163300463,1.171153022771872,0.6669493901564831,0.696843789847993,0.9259025746864192,-0.9715032557583783,-0.3695323988227267,0.04526772160667655,1.3499410380031758,1.2547630522190143,0.6782049194064279,0.6631790375430493,-0.7467384826559315,1.8379546401984312,-1.0761579491009805,-1.0597862747496218,0.9230138453227361,0.00754909080059113
1.8744191080534904,-1.8209787450993766,1.7743919666285148,1.2117057718579212,1.0688827082842407,0.773190187207462,-0.16938401275672724,-0.7002009146754742,-0.6501307814672531,0.9959121282548354,-0.7687132258497891,0.037606674953156616,-0.354187407984908,-0.009951836571161714,-0.32311943146039007,-0.718093671782747,0.09220208171920578,-0.9870564691552102,-0.3214942354206562,1.0801408925675702,0.751673983420165,0.7275853646808828,1.0245485707981759,1.4815168879684069,-1.323647925234125,-1.2369369167388737,-0.4344243715363387,0.012124047186150207,-0.06837644667775283,0.4780239956459012,0.8242203868808795,-0.9727496297444298,0.8521011925987036,2.332051844111335,0.8077809366462014,0.6630868569948639,0.135589596939162
-1.3546773881422214,0.5262449403248303,-0.96242746740695,-0.3816109091064543,-0.10587375389695751,-0.3109656969148739,-0.1267393857657299,-0.1674593928092584,-0.1547724079919956,0.9167507556451913,0.23915435672684354,-0.04915771241951159,-0.47901738805865346,0.5339199759592897,-0.37419680548367035,-0.3136948242713144,0.11741099546630633,-0.3688670738992234,-0.42298333129085347,0.18181930426250056,0.26066883546101666,0.4626814618762184,-0.2252974485334045,0.8530707671553404,-0.6905466109403149,-0.29918042560945224,-0.07320995077455632,1.2179041993043969,0.7351191147813747,0.7339769398893355,-0.2413760860707677,-0.24511297176466879,-1.8701711660585771,-0.1428454502231322,0.9099280572760607,-2.25127418215631,1.4629552892090592
1.1695806629320467,-0.4642287181657541,-0.183166369185718,0.44141049066723803,0.17876296476001075,-0.37544170176644526,-0.40955500560120045,-0.6729701929958041,-0.41212279870721985,0.9111930977681867,-1.060411760858492,-0.2543414118688676,0.0007910745252801096,-0.1359127720581392,-0.09550083243220721,-1.6152435560697453,-0.6861699449965522,-0.7035176065706067,0.6565115255633058,0.6436259760807778,0.5911551137597562,0.6537255363376697,0.615691299214818,0.872499643124397,-0.7705638820862496,-1.0814904348059289,-0.9039771900049863,-1.306510930786058,-0.870951982289474,-0.5922299979541897,0.3171775827641185,0.09813572789850421,2.4449215549772902,0.708827062207592,-0.26156813442019144,1.175979540955559,-0.28482406527879073
-2.234112004226136,1.7131948280245075,-1.4906734978939484,-0.7257766066868686,0.3564784389836153,-0.24897764811770295,0.3961323492933499,0.24019948530337432,1.3325749193450913,-0.9387967740173669,-0.24805772027377734,-1.1859789259316647,0.7905246721889909,-1.1601208285662359,1.1825009694078403,-0.35958312361822503,-0.7456935596573383,-0.8008851949862058,1.0037245392723242,1.2561906092903639,1.5247147513383896,1.2019141967127092,0.8169114633118063,-0.0756871167191691,-0.6133131491853802,-0.7858604284362584,0.18138801381760578,-0.048569064032716054,0.02282537880263951,-0.12649971694402942,-0.6195289172839212,-0.7919075961087351,2.7256044572110185,1.4733001015647442,1.2213305163712536,0.05656963649595476,0.07450720765450612
-0.19337684179595477,0.8212175134769575,0.2563342403457921,0.19158684898844774,0.5296639991593262,1.2421804919302317,0.31212408766175026,0.8002902387247198,0.8947669186939865,-0.1840899742965169,0.7602116263921634,0.8249377578677933,0.196176132595897,-0.10802432655198438,-0.17472572461412134,1.2254986447301854,0.9016525829363439,0.6082215663376659,-0.7550169941587546,-0.7392856560161255,-0.7999277724092955,-0.9678092570126972,-0.7330977295912212,-0.25115559647967933,1.1469034466207617,1.1180468866401185,0.49613248744143956,0.9814739201748044,0.804728811790775,-0.013836942724586052,0.19106069010519378,0.9375902660321002,-0.18158276086763075,-0.5668651780566173,-0.15633460479684652,0.28713329479962457,0.7730538558961944
-0.619072341109834,0.6509859429731503,0.9190685724836422,-0.19370792791674366,1.7559679629560516,-0.8360465686194315,2.6312132904771217,2.2820935894617453,-0.8960167314924934,0.07764825422367273,3.9450466456182234,2.439648983410684,-0.931200168976442,1.1099392399881396,-0.8060614506395247,-1.273003272986959,-0.2986076222763642,-0.8919467038144034,0.10927483538706734,1.0074954366048086,0.9908174122345608,1.3996214528048052,1.0104018883695816,0.6647327992499003,-0.842717303337988,-1.0426150024980074,-1.0816775919922719,-0.4529107020300803,-0.540826212336337,-0.22924312048207557,1.524143190829666,0.35935346303949883,-0.9413240564358313,0.8572518674693715,0.7311647287651195,0.29400917391054593,0.3991184659928532
0.42556035501189315,-0.5901126694119535,-0.04556874628477469,2.2915506260027603,0.6500719362375286,1.9387784212288783,-0.28138326918327455,0.26964656366908585,-0.6473360926292608,1.6010481970841308,0.42323861275905855,0.5231445123719797,-1.0951070693933806,1.4051583918329758,-1.18261816328159,-0.33180408063270656,1.2928035656403678,0.800679864936195,-1.3743191927428693,-1.7735604931971434,-1.384254963186578,-1.6039320192525945,-1.1326521253554411,-1.6827799374190902,2.0954267864138374,2.0201758813355006,2.7275258220978795,2.1566152385169763,1.6788214594273638,1.14075148098441,1.4400019547205816,-0.8723330010886549,1.7196053909537352,-0.7329414058190449,-1.6813578680218992,0.7507919961870452,-0.3842945092965502
0.8091840413275694,-1.2536438999689787,0.8953921265334795,1.1044067449714192,0.3627221830663511,1.6052933738132964,0.30083633254441566,0.436417586983375,-0.029509244745760235,0.42777400299272994,1.2744398387996807,0.42415913212748235,-0.9792724237728855,1.1462399733244832,-0.6858651246711366,1.7522253963054841,0.8521381570365281,1.545964039339771,-1.2189767452930462,-1.4675832081867806,-1.457256421892715,-1.0323139172702016,-1.2769579322942084,-0.5156837779016107,0.6585461186345691,0.9005121449795863,0.6557595505455075,-0.15320657458928627,-0.5037560935884013,-1.1070873098156375,-0.42735687382281423,-0.558835537580758,-0.34788977029235213,1.42598256533308,0.3030942051243249,1.10088424765546,0.8061329586035878
1.9453484227847992,-2.346732240051877,1.577988409375217,-0.19750281359069624,1.1212117700877908,-0.2904089354619905,0.9761940422091269,0.7728353929939406,-1.5145030037865561,0.2815318189175975,0.01864651992815731,1.840574961965201,0.7532939318670338,0.051595316159475296,0.17862427563822109,-1.0608901417703955,-1.3098349617471459,-0.42626815143727026,1.7872520112486388,0.2035683139972098,-0.20151555071678875,-0.37740807549891625,-0.2779041170891818,0.47035635022118055,-0.03605661249320988,-0.2757327695945717,0.1972721987403109,-1.2200012420875657,-1.2602730112868785,-1.470722865336345,0.19927626799150436,-1.548970097938001,0.16624060843268268,-0.7217019868609422,-0.3243772834662201,0.6104991296123234,-0.868976208512137
-0.5622427999488855,0.591835272102859,-0.5122190876675058,-0.8016121793110833,0.9465455004026275,-1.0568360537800647,0.49084722237590767,0.02609253939342037,-0.6857328468228641,-0.18407661484818186,0.5100130705375898,2.1426072715429236,-0.4876187503966908,0.98027026981073,-0.9429776475240141,1.4414336672806627,-0.058264468503640546,0.75628003960551,0.47899774344975493,-0.6142138306001582,-0.8540936610189723,-0.4723187044586022,-1.2137856622476855,-1.045248041207107,1.0104320361390056,1.2504174979994713,0.4379298944733938,0.22432207009370878,-0.27122900062738853,-0.2694075170763425,-0.6650737665390911,-1.286661921132225,1.2419506700040805,0.07348396610111145,0.10437528566972631,0.4507450312359372,-0.26010061739382123
-0.770031278299687,0.8728357354293078,-0.6074875077513492,-1.0198690530266512,-1.3340676638144562,-0.7069809454169005,-1.0928903958588376,-1.0355121966830527,0.8387376359352247,-0.5504421576918688,-2.2707995294904104,-0.6937650020260685,0.6406662544654447,-0.5787013993636613,1.0311188461825413,-0.2642691262901252,-0.061801856488034365,-0.06463392160204741,0.12385836837095235,-0.01701280156781272,0.1636076415741963,0.3228824520091366,-0.2903055336383166,-0.05737964382182829,0.17016590184894229,-0.35836424374497083,0.3460541117354122,0.17940422011288043,-0.03667536125198665,-1.098731427038963,-0.2935131814022637,0.3472967600460994,-0.15410549580424787,0.339924360922848,0.05935163555027193,0.20574754012505345,-0.7743518058327
0.8757185654998768,-1.2366872791927939,1.128785063977839,1.8577877695410987,0.8367306669852134,1.9063548952194402,1.9494549286809078,1.6063805361574313,-1.028596740120096,0.4237963369157564,-0.2901385200822424,-0.32379518293542336,0.9970729327987591,-0.8311898064858111,0.8955231367354016,0.12334614460202138,-0.1576137804468879,-0.07528395259855979,0.13061549523778357,0.1551673641868608,0.023653294831059546,-0.07954429867026773,0.15143379025874673,-1.106675361315086,0.7190875271691025,0.5344121190004226,-0.294689260431844,-0.12907615959085933,0.07405015829334033,-0.0838694103281958,-0.7693982060433437,-0.8619998086654937,-0.2432611276360331,0.8160069047071061,0.074430551720148,-3.395376243850651,0.49844518992803527
-0.1594787805164796,-0.5640470371772388,-0.17914939985512993,0.3853405140982979,0.10574157054089484,-0.41530867064505533,0.3018187837652629,0.7685165849284659,-0.031905730619153985,0.3120827648338258,0.31788055931493064,0.45084906407351766,0.3096802311629227,-0.02369999780045968,-0.7300880934750557,1.3338332356251834,0.7446122129809711,2.0583889972638048,-1.0523054771263478,-2.0191903299194247,-1.9141556769089543,-2.3610303288626393,-2.2535943280326975,-1.1684435627535488,1.823448312251142,1.6955115044130151,0.5788094906284925,-0.45030411017509003,0.027919874722391123,0.4805574132797005,-0.010813741383704193,1.7579563132353002,-1.2936027696049939,1.9949915481711586,0.5664381212115178,-0.31596403893821196,1.0779658970647141
-0.667111942587588,0.9791875373392303,-0.6278660724584604,-0.2165373488103756,1.0719389031268722,0.4265757961073186,1.7661866911575177,2.423036532269502,0.9376116934579757,-1.3001539073445803,1.1925668405047696,0.582561084242473,1.2461751596581783,-1.6332530031871708,1.326769987424571,-0.47398563987367,0.15044677655809724,0.35145678794463064,-0.20328855718123173,-0.12969425025939296,0.15210482275844772,0.268824943306426,-0.4848725595132192,0.06341287257222183,-0.4989557743710149,-0.7322004403380848,-0.018169121576870857,-0.5570592612558511,-0.4918644172311984,-0.4114163182873436,1.0780343444265008,0.03196876564961914,-0.6399257242748708,-0.41484156662645827,-0.6192721819630241,-0.9732480275362589,0.1651083971699871
-0.47419980209411794,0.8397736144918847,-0.6786521185886496,-0.356637622037225,-0.3153240867824661,-0.4028085296446891,-0.5331134599828765,-0.05277441745307272,1.0343785533981409,-1.5325192485615842,0.5644112144336353,0.7700273207533653,0.5382002285939719,-0.25658061774445523,0.18571503314707782,0.6617634626452072,0.694094080308009,1.6718427348964358,-0.43125357929621116,-2.2403003600537064,-1.534260250503455,-1.4092729768714531,-0.779412297211025,-0.49295850494898574,1.170004980103372,0.9712912696813881,0.5460041192790334,0.7014082728624412,0.5556188063462655,1.0262642680252538,0.876145157281702,-1.385721252801994,-0.2633399540330669,1.1688879269312829,0.5196257261337137,1.1898936791116812,0.02522213727598828
-0.7437439952285234,0.15811641403178017,-1.5504947432634935,-0.010951238555945016,-0.13096553622494897,-0.38853305848052705,0.35332341330224815,0.01709809530306209,0.705388030774686,-0.869719137666412,0.020110913448541004,-0.04370919707756455,0.4868349616719893,-0.9451617037278317,1.300440803269042,0.9197935988611766,1.0622433300195673,0.45700688507423803,-0.8308709005931653,-0.3444145088621322,0.22838703909783353,0.34640341407172354,0.10144530098668987,-0.6652838257327176,-0.207105048937416,0.17503018724680353,-0.010367268454410055,0.3874760647197212,0.40086143391437945,0.1707376264774421,1.2931351699086753,-1.1771362236156677,-1.2591476811833349,1.9967658747758308,1.1857883065731338,0.5952188048182198,-0.8725300780732658
-1.7184127717257163,1.3660931692360638,-0.563787480529742,-1.025008478219471,-0.836040862477146,-1.6947090886776006,-1.157036577381035,-1.0239660598412124,0.4978400769217477,1.2978432379788496,0.8879638140905562,-0.26026651672487167,-1.9612042940251626,1.2562175869693128,-1.3233351738492731,-0.6426155956372095,0.6444040523804488,-0.5523039623852933,-0.7643184461131515,0.12745013375214004,-0.17240066769035722,0.0010687281774860427,0.11578545636672018,-0.8838895481839586,0.4949690220528084,0.8072297889391009,0.9122739034397392,0.8672418291580336,1.2196052882941864,1.5840129816520598,0.9121281405837638,1.009837641948443,-1.1668506361833357,0.2001525340368991,-1.4676998839876165,-0.48736677807416534,-0.7096043872377573
1.5679360536054427,-1.0412477773375572,0.7476997308485835,1.045498414318577,0.755377922954719,0.46178195629160046,0.09536245653061783,-0.003966626723851738,-1.5823933633347873,0.7880033025864202,0.5869801778910907,-0.5762413492146337,-0.7235645036290764,0.267192649197627,-0.4795262878872963,-0.7551767876515434,-0.9407968881391031,-0.4860974499179129,1.1137080348603325,0.9720998335409035,1.275779118539385,0.8259286762722593,1.5232302720047945,2.406652748217777,-1.1482857284289563,-0.9114428931265353,-0.901180071522579,-0.9103841497097438,-0.8755436751646707,-1.363457847697199,0.1575392323766145,-0.11484084226704307,0.03645455861219116,-0.5125749386350719,-0.8355206219953362,-0.38644249439454365,-1.1731915275290161
0.47528935558218544,-1.0459990519813487,1.1815111103797296,1.480669447632409,1.2214208962655533,0.8352209734788915,-0.06689241863666366,-0.3015659570662959,-1.091488019810891,1.5992469568241452,-1.689127855505098,1.43971712676024,-0.1875252482254567,0.4546224380515675,-1.0939619702707142,-0.21298068920100227,-0.8159962512772642,-0.5124013354943111,1.094945670471927,0.08403166304231793,1.0150199169990706,1.092365811099248,0.9421665051799303,0.16102108537409254,-0.7080917160555976,-0.4019569684465432,-0.9721947054372782,-1.5048871068395298,-1.0373646568574577,-0.6313193887918965,-0.3682529166747134,0.9491221604347153,-1.881547998686032,-1.6873027783986922,-0.7933439308235674,-0.42288885570767953,-2.102258362093075
-1.6589443533303685,0.9130390489252757,-0.2975007636132037,-0.9540579693038447,1.0129414155262275,-1.4437350075007753,0.18882908755936462,0.1371984539457169,-0.34268635713883133,-0.09118806941387068,-1.566675888938227,-0.17270739728764306,0.7955596237208163,-1.1710801047937653,1.506987402820948,-0.18114278283043367,-0.10351278552062886,-0.10343627399983048,0.0918958013181326,0.5480179433634881,0.5369241846023771,0.7407081661602309,0.33073887361113546,0.3339068638196528,-0.987584416009177,-1.1188024608601776,-1.2395850382274445,-0.34325158482758616,-0.10345137902415055,-0.13606014017169743,0.01691679067010215,-0.40358167101191866,-0.8931260954696107,1.9101645598050279,-1.1483020080973794,-0.44082329355834254,-0.4153050584234324
1.5035446643835633,-0.8110413073799686,2.7028072569183643,0.5053808259934552,1.5640055773690325,0.6787258431252213,1.3008483084180142,1.1294164176260173,-2.2371201236863985,1.8711077253022679,0.763415889830894,-0.4656490791509889,-0.973490360574118,0.9938605966886052,-0.47320012219055124,-1.07827771115077,-0.6862818762605094,-0.5096061133078826,0.9206020970760339,0.48642195249559916,0.3915825889843936,0.5981649416430289,0.20668885139627363,-0.4137927222699984,-0.3598711122353622,-0.6784527685798287,-1.1456018910500219,-0.4147262523041549,-0.6542857516454884,0.04199378670408438,0.03733903542433659,-0.5965015975048908,1.9826544261933068,-0.208226776586327,-0.5284258012886581,-1.4787427124842247,-0.3275125679818851
0.15880670930530383,-0.6522958964313355,0.4183375160624182,0.7649709386938468,-0.42072018221222657,0.6979746302747076,0.5777917966903273,1.2895612031115253,-0.5986943420356352,0.5879816080665913,0.08178206051122129,-2.6110466261690477,-0.06580356835475161,0.1433945156695779,-0.5086383413498431,-0.633240080259791,-0.06655353161635577,-0.8277022410997458,0.514945722788678,-0.004218249477312121,-0.13905948790321337,-0.5085263427611358,0.5548998346770363,-0.90838968841847,0.9476483441056631,0.6894976320153751,1.276867124206997,0.6573737233916502,0.9061246307975178,0.6068218290593863,0.6826848875758613,1.0760325227883512,-0.34959920403059036,-0.9618223367627327,0.9855653255880948,-1.696553508282808,2.006863852259108
-0.23651583916902197,0.2441066157782028,0.22025137463978092,-0.13716046331237394,-0.223697234259906,0.4579461312959643,-0.2491441630071067,-0.08624302354202401,-0.30103802233989835,0.2369728821941066,0.11841325172127795,-0.17784584831916553,0.4186513992343843,-0.5242156765987515,0.026542904887865735,-3.508222795098369,-2.5358268796820846,-3.4100517589585353,2.962354179769055,2.7662370000611043,1.9668969910695695,2.2324698136907015,1.544984959816003,1.4971410392828695,-1.900080390149773,-2.0057002131243813,-0.8310287235694422,-0.09914720706124665,-1.1030200200894211,-1.4316668351282955,-1.1417604089650706,-0.8935777235329914,-0.47716159730198116,-1.3172288180498433,1.401731074687844,0.0022644454150469603,1.4305518732590339
0.5172856338569521,-0.3845124339446005,0.784983149078774,0.21543711969064414,0.16892520155556434,0.5861819303853681,0.2756583463573537,0.5961933923479571,-1.6830184114309807,1.4754593847523914,-0.15284143605646877,-0.5817887284702289,-0.4392551351571942,0.3801126693547598,-0.027153298631420165,-0.3205083303742226,-0.781015942366159,-0.6610014157674248,0.5625532508431654,0.9943662163270977,1.258978034275589,1.336346787656787,1.2150487233810363,1.322672516220743,-1.23314006053002,-1.351733595875168,-1.5950955093473065,-1.2785126718192021,-0.5509959000669536,-0.24945304221689957,-1.3478383569855794,0.44832097300585383,-0.35415887690688963,-0.9636698918430296,0.05482574069199002,1.0537879432743522,0.47904577972044976
-0.46395673098524093,-0.2968199326394612,-0.14533782785928678,1.3466313791221864,0.47565603348313346,0.7092368407595984,1.0661051626899944,1.4059313707815906,-0.7398498725030409,0.8197189210196042,-0.02573497234103304,-0.018490099490211926,0.11043594612276708,-0.3230197240766638,0.7135790348238922,0.9297629404236085,0.18501949550499333,0.15194747923166035,-0.06927655703535424,0.22672263668096343,0.1628785583775042,0.3265486171407814,0.4362084651296166,-0.6399047825370393,0.5666340013217701,0.6839837461268424,0.8176552734278018,0.22675753620634517,-0.39493541586603614,0.3994281450452009,0.2142172199018428,-0.24953541250868214,-0.338074453023059,0.9508187571922099,-0.3773478682531841,-0.5673191370492859,1.9233827915271955
-1.3588928892577659,1.7361417994560107,-0.14242194460412053,-1.1955135916644026,0.12613981191849108,-1.1299268910327795,-0.08878899740057772,0.23608777678132217,-0.04301141658995699,-0.7309536803184815,-0.6957712753262512,-0.3945278739399446,1.5288255136994915,-1.8785232321681535,1.5199112956216874,-1.6763534820443593,-0.09304564637019368,-1.0580157644596142,0.2716493204956026,0.43400107353246764,0.3102867202377084,0.029102038004587272,0.38993606157480803,0.9536952894968675,-0.30662961037728914,-0.2101113057288999,-0.33447098611440773,0.35144966408706224,0.23084582411623183,0.31012150576727204,0.30000735396014944,0.8363326029548263,0.5876941594004544,1.0883762297319852,0.7544280815874906,0.2780409164291693,1.2681434030866845
-0.5693149911252611,-0.4164578926021283,-0.4544702469370138,0.06682031982738629,1.1960004812189027,-0.3715146544513939,0.3904127584907742,0.923835709382177,1.284465971778806,-1.1493391510512259,0.16091477056433812,0.15016443066491764,1.4399707782763176,-1.4128324656966036,1.2416997798721063,-0.45164621180854886,0.23074327378385484,-0.7444413816495842,-0.2444027642892159,1.3781402866289554,1.5295305333059157,1.6942586337030492,1.8409314376574584,1.1633740310960243,-1.465162904437864,-1.4575178715132486,-0.23767327246181943,-0.10208507142987942,0.32609705685308,0.2679668767134439,1.5483354247441994,1.7720954430138331,0.5164017470651174,0.6844085262822128,-2.425433508209206,0.7110213728310445,-1.942492018188891
-0.09566646690714584,0.2451033950509671,0.31355674039946735,0.06614249150528322,-0.34450441743534993,-0.8611753675461284,-0.7894500030553662,-0.8671310704072296,0.2070682373810459,-0.19225855091111033,0.4386458723340266,-0.8928834071060957,-0.4424304018388771,0.0504489553119542,0.12572181856063117,2.504919927493349,1.5857370425838913,1.7839972182550292,-1.1878191824449689,-1.6160609111393132,-1.0887466689178997,-1.558880130417587,-1.1408091136512388,-1.5670451675437154,1.8855705637743048,1.777539805727735,2.896015109844355,2.024844371980593,1.4997238126835923,0.7631015305723018,-1.4423180259039108,-0.4291620903395599,-0.395723366361489,0.166903419666247,-1.111283700873787,-1.0252968864793062,0.9625732578522208
-0.9361887490430209,0.5364591221470176,-0.7298389915967026,-0.96981166664709,-0.5691623787581125,-0.54901041748153,0.20553807298800994,0.587955612850368,0.8239899321930635,-0.3981375620617382,-0.8747011807375137,-0.9136345436163887,1.0211338954486369,-1.2501377152916848,0.8346766085296485,-0.0033146527913272715,0.6482423042371737,0.24436363534372227,-0.6242698995255032,0.18258520189898467,-0.11811826171831787,-0.3661993116181017,0.18089826526790123,-0.539994317990205,0.11525834088831438,0.4033792668698055,0.7809738142262691,-0.18659840073835676,-0.03867286986259879,0.39491335774959424,1.6143481035653289,-0.5834673283580899,-0.21554287099903166,-1.2049139244920442,-2.382922036805718,-0.047004028401616875,0.6262478460068712
0.4958855345155783,-0.36327033331652786,-0.5496993235767214,-0.2767351543883443,0.603864800842744,-0.12169322861584718,0.5758742771648535,1.3397487518349025,0.03125539833190617,-0.16042561661957885,0.17256497218726874,-0.6269096285727022,1.2627989756633082,-1.5158258725292049,1.1208843631394865,1.400293795597158,0.9477466896698344,1.2077242870935554,-0.9712298432645122,-1.5997733099550502,-1.6907757361301599,-1.2311671069893761,-2.2760974166764596,-1.3348996904900343,1.2038817565907527,0.8049441982221635,0.3187537348365691,-0.4909159000540072,0.006226649547255416,-0.015013638098305082,0.8701845672550534,0.6243233174575771,1.339193193049357,-0.6915947846351375,-1.12184803295703,-0.6967971277971664,-0.3192676114746396
1.2796916065269004,-1.2310206165159316,1.4109108790929048,1.474698136725236,1.828475334043863,0.829673806058484,1.5676117931943876,1.1274870046911663,-1.705144898145528,1.7409246353785177,2.0954847145067417,0.5604093262393028,-0.7974768892219752,0.43900443490628693,-0.5279763835023019,-1.010066377195548,0.2559046379441464,-1.144445639297792,-0.6362580568035492,0.8757009448288624,0.4883474976006693,0.6840032534994338,1.0114659132592436,-0.32584779430841565,-0.5171115548364399,-0.2863964909325435,-0.9502992241979298,-0.18414771708341346,0.759858389406158,0.9800064205275857,1.1963111951762944,-1.1160534883302797,-1.535895679773397,-1.0666217430178682,-0.8219426727416395,1.5872599013323532,-1.3828670065488806
-0.39269991899065126,-0.3197430640910818,-2.1605867225302355,-0.170263912719458,-0.5106513532172146,0.3307405518695181,-0.9413358533620085,-0.9917897785278466,2.0504439473282785,-2.0734818984692507,-2.0348434325988074,-1.2565988423741676,2.2819727555790617,-2.3982266342430187,1.9182936346899895,0.4763523322569029,0.4370213293987996,0.7991362395876894,-0.9168498552973161,-0.5262602141469724,0.48578233729893006,0.5555543841796161,0.9150880025777637,-0.0032831147843289522,-0.16295174977718704,-0.7290626696249288,-0.42154678720663996,-0.020696185458685977,-0.02176449869900829,0.07250230119410725,0.1671601555821224,1.5709362985665738,-0.056408691532864354,0.6054553465085776,1.4319492736168218,1.5433805818005812,0.5166090609387721
-2.348422255655571,1.839107397352962,-1.2697929539913302,-1.6264999929800437,-0.5815086787602468,-1.4882193850942211,0.327294581867611,0.12858559209625778,0.22603005668490325,-0.4678624611732273,0.7822281470665868,0.9318815868952333,0.07619167949731148,-0.507335986485815,1.4079998698645502,-1.1833638266122313,-1.0366197665460448,-1.3149606788982462,0.8791343843003616,1.092992007869869,1.6351566059159182,1.8516367123628594,1.3524719549607205,1.3322999810760254,-1.993305500375033,-2.0701150306097165,-1.735246839066904,-2.0940635198419337,-1.673864723678921,-0.5382531911440852,-1.218825207155864,1.401218453564002,0.1399724440049825,-1.02350468580383,-2.824153165881784,-1.0242563194060519,-2.0100965608617307
-0.19020834796251668,0.4419179083017932,0.6143671245002947,-0.9358382156720174,-1.1421607742766842,-0.03394225915499576,0.1723545105238031,1.0537689421384493,0.5459795695936603,-0.28867516416951944,-0.08281392182270696,-0.4626988601855852,1.452567665280058,-1.3111669437267137,1.623148947129935,0.42775885707426875,-0.19831679388860354,-0.6893498325894227,-0.650095527677549,-0.6003026090592964,-0.21923592678326642,0.09940944251077515,-0.0089554455719906,0.15664522035795905,0.03651046269957027,0.43991002433514786,-0.5524267839363303,-1.1756232964489597,-0.9681971258207679,-1.0915074795110118,0.9503824655165376,-1.0335221199856257,-0.7887578958881052,-0.6759687621095727,-0.4701931288147095,0.3608947003733529,-0.06617182771177767
-0.8856883398908267,0.619108648057121,-0.21645645413382897,-0.7139183154667006,0.4686791320036238,-0.6543371086991665,0.48341624809744305,0.0013322914033704785,0.12426183808238836,-0.6302164674655043,-0.4681089932696277,-1.222266129517678,0.5501342370562301,-1.2068198087200441,1.0256081829120596,0.876700080562337,1.157621149963937,1.401385208262504,-0.7762859846903284,-1.3377436843579231,-1.3663743289923285,-1.0746283645158934,-0.854321135114163,-1.3004824839067872,1.1560214199746501,1.1887633985816959,0.994525465291711,2.1505571855114263,1.7072577140123508,1.2560889861230924,1.83817656665078,-1.6150429467824696,-0.11502363592130932,-0.1475369494812008,0.5703196951006028,1.046034347711439,-0.628867156547226
-0.2391113328772194,-0.07056476239524617,-0.7075288224865893,-0.17533935585474705,-0.7021979365215084,-0.8802539621522866,-0.022711010202277476,0.02864852873883047,1.8102192151387535,-1.8229693670961773,-0.49675702709947445,-0.07441122032815249,1.1406351733798832,-1.2780501926955836,1.2322952519980372,0.6352555845825263,0.7242088976171929,0.14452559544620508,-0.4608979654131873,-0.9515127344393178,-0.9693834329114365,-0.989653510375519,-1.306779132639856,-0.30964233719888307,0.656198637307142,0.5015648441624323,1.723848361293665,1.674724953721762,0.7511642182475899,1.113017689062948,0.9119904701826785,-1.194292794686338,-0.9262385523974355,-1.6273332797696225,0.3606286572732464,0.8256630021006215,-1.235148690696926
-0.25243736374562253,-0.9347682065041465,0.8856376782667815,0.7599614581331997,0.5819383930409863,1.4844829926580847,0.08970350423900758,0.2890106792137845,0.3817435883702458,-0.57035134312407,1.0333530462664953,-0.5886960679258493,0.47686680496495004,-0.20955391462458012,-0.3275392647518399,-0.33136049579636984,0.5236910570407491,-0.6459281552253249,-0.32469086402068503,0.1555871496320757,0.29615713073855504,0.020923859605144864,0.21103982161585116,-0.49507196941950044,0.45412405172681497,0.6803991522497989,1.0468166655736586,1.6194339587460493,0.8155292066886195,1.180131633845497,0.9843581414176565,-1.179149974429653,0.6511421485698345,0.08171217985733416,1.4159402360473572,0.055044533841132955,1.0772112722561842
-0.896988950396183,0.2533671297068103,0.6172360186292117,0.9212637344599335,0.18691121093099525,0.9480692860260203,0.9086747253766113,0.6005551365045412,-0.22482075602031604,-0.026450823238858105,0.33748227789202123,1.0449143330614474,0.8671012713953677,-0.47091695138888257,0.5640227453683896,0.2994099681274658,0.49657066997328353,-0.09347047367913432,-0.17857765613796808,-0.4923291503812994,0.5593849273107112,0.33746660501385856,-0.039492048027983125,-0.16585308540334057,-0.5333014561237012,-0.3544527546588381,-1.0060367260870267,0.18549966972396417,0.15247571185368416,0.6166446003165175,0.29055729493568316,0.759697153289249,-1.3606269299462768,-0.07153726735486031,0.10992698100719939,1.286192962207824,-0.08490908509954337
-1.4113914037516666,0.7796762430677204,-0.5322601887657874,-0.062263204504379936,-0.8475027182196562,-0.590074732897128,-0.3436685246019583,-0.7195360859122559,0.6381296515489261,-0.5001017106992278,-1.133483411207059,-0.901425060702012,0.4676875929851096,-0.5883663604330144,0.7835681435199444,0.309136408222889,-0.033249326613492156,0.2897246079904719,-0.06360345097265233,0.24763608819558017,0.3440493873942973,0.758084275416066,0.7935701288134944,0.42802394847222375,-0.8002448014270179,-0.6217828201566106,-0.5014311132702436,-0.9685988042527456,-0.645288154470061,-0.5651736213030557,0.1344705957516295,1.503927429501733,1.0841397639359813,1.2141629211058063,0.32402689348991476,-0.9359869464480345,0.11846727553557768
-0.008658878445524978,0.4959200433711655,1.2684126945704564,-0.5155071289223956,-0.7798154387028086,-0.638537325176328,-1.3604695360690926,-1.5713036131856064,-1.4048837293376504,0.7436571508939828,-1.4186617434397553,0.9770805567051154,-0.020453866395402715,0.7930380811557125,-0.9648225464759936,0.6973422379561645,1.6087402965422692,0.46682561740325673,-1.5000720584149485,0.22066662792690775,0.4200543826426762,0.019332707574665195,0.7294863196449437,0.37862834786403426,0.6829109913830376,0.5988105720357388,0.7113181238283949,1.697182404256299,2.0566212471080756,1.8881059499102997,1.1553045245327,0.7481122939939986,-0.07242150749369011,-0.7811251189905015,-1.8978199638023827,-0.3315438408661699,0.8118093739145288
-0.8020458459999263,0.46305055911631676,0.893376131099124,-0.5336461773485843,-0.6015981873078056,-0.8985375314043317,-0.21780555024526466,-0.2980257836422108,0.13366962147122424,0.2263285086545355,-0.5373795625296334,0.6856666494550844,-0.7297128148830427,0.8114708627794665,-0.9116470168308936,-0.10630114312392881,0.6279742525349342,0.376684680928218,-0.7259964293318192,-0.17201083811042006,-1.3185742494743955,-1.109605469689334,-1.3038445580564408,-1.1774219851905368,1.7274028717261376,1.9154482271374083,1.8291734807263393,0.7691327101812362,0.5481477420350427,-0.1255543842815836,0.171389214635191,-0.27384018470465293,-0.45405402742770495,-1.2583535213248411,-1.0441000772503273,-0.9089796790631943,-0.054188498376784335
1.7517148135256504,-1.2043167786638695,0.7912971855504168,0.6901022218933273,1.4961365644314053,1.1234406216488964,1.4779453274996706,1.123313764127061,-0.8688979646523132,0.6107921286044984,1.5349762219677618,3.9665333686216218,-0.5183797035718384,1.377083298796683,-1.5903328688576135,0.967153663670848,0.8726095560527964,1.631258194030418,-0.540896382025362,-1.5647943513189237,-1.2804028423343765,-1.0726411093017554,-1.3181361611551765,-1.2064845339913506,0.653101248655475,0.45075511862919854,-0.6652719788937654,-0.0353945563782072,0.7276019823239673,0.5643889820101202,0.7213638468850914,0.3023887531998881,-1.0209729578193785,-0.3372738117625502,-1.8417893535295413,0.7594962562398693,0.38057755681864625
0.22921087178988112,-0.6463835509274266,-0.46230005456282197,0.028590920547480213,-0.36050684515714465,-1.1702364022102292,-0.183045843030529,0.4358362117639558,-0.730144734560112,0.845784945829662,-0.5242713727332885,-0.04966903310008473,-0.48850991579948866,0.26355514223862025,0.19318854933216958,1.4794730264392713,1.776376792172314,0.9531875340033963,-2.44808663638274,-0.8337609333007415,-1.3814995107735049,-0.8745674035822334,-1.3051594718656896,-1.2032552830908874,0.9041642990507262,0.6791461836063942,0.46745395529556205,0.31416666344474586,-0.32636035333493857,-0.15711041424657826,1.95263477009561,-0.9047307318077379,1.0518803168956472,-1.0581310163895343,0.5231690259283208,-0.6124921149463642,0.7248750803575306
-0.7672019535715522,-0.5408682273370334,-0.02679486391650879,0.38392718712314405,0.31656202496337715,0.46963189031824454,0.5591886996793979,0.29298105180147327,0.7378730910826244,-1.2567748917668724,0.27067987356722445,0.7692002857087208,0.5486292076741872,-1.2601345423155421,1.603997648944583,-0.3038146303924798,0.09189719513553524,-0.7279248251990315,0.20904774770241147,1.1776995582156937,0.8177201246565724,0.9327899540925927,0.3654090448561198,0.17621461096921628,-0.6489829072553075,-0.12037384451689376,0.0709795270575787,0.5402019187638548,0.5623067686848037,0.6174347051371875,-0.3890859056750959,1.0538878032340673,-0.6616375340630055,0.07412873604476672,0.29833437734630197,-0.19903772868019812,0.4895470945455713
-0.5032733787868464,1.003911892593015,-2.506534878159446,-0.23511822700626794,-0.6930479486524581,-1.17114759591304,-0.5879072670931264,-0.7523079701127189,2.267623410866484,-3.4109725880611284,-0.891073869754975,-0.2618696058194988,2.3816708580545614,-2.245176616065832,2.2225665786173567,0.06689838198065551,0.13411114563447488,-0.2030844302935162,-0.6630001445390679,-0.641771940749918,-0.5561161536645504,-0.6566452031243203,-0.5706702296134604,0.16578208169494085,-0.05680574015546789,-0.19226783742191214,-0.2664347889287063,-0.32393445443800406,-0.4018860282752923,-0.6881657976072538,-0.3125962277937025,0.39153836434278555,-1.1865191859297586,-1.8166343632278654,0.2630379356583822,0.5938451082569532,0.22429002289370323
-0.17529681418113607,-0.29620474046497475,-0.2732131148042303,-1.352563180374904,-0.03963074970733296,-2.1581575419732237,-0.13978744674043836,0.04020668322434742,-0.13124359695933568,0.6177940555860618,-0.40699430206411,0.06809481259833337,0.5578724938479374,-0.40076008445725014,0.4119912976232888,-0.9010826245078264,-1.0370017382180439,-0.5824683139208134,0.9203929671031179,0.09567418750951698,-0.05955631632928659,-0.17706515024877176,-0.48551430624018516,-0.5394556475553758,0.9194711969239714,0.332063666524747,-0.942759760195567,-0.3691764404344549,-0.9558560980935878,-1.324469603922767,0.18801611233650914,0.7312558768024539,1.073069150655238,-0.5675455179256753,-0.9368273135078479,0.6748294610400553,1.6386750348675287
0.07832903425241175,0.4765044418984538,-0.39538128677349627,0.0745055397155024,0.9544915677545798,0.29897028184398766,0.9222410126336078,0.9610189446823613,0.4582663480381333,-0.2678202559562197,0.31442932306672194,1.5274900252550754,1.1964346598753226,-0.8008046315345451,0.3407693567653081,0.3658823538536109,0.4131265451820124,0.2540613821595579,-0.7121255070630753,0.22497672523975637,-0.09641650139952686,-0.09096529024547056,0.29506080612199864,0.6327013916256524,-0.19131913084460486,0.1001555594073117,-0.01284910821773918,0.8833662115230491,-0.08750955258196766,0.3961133059477035,0.9440401477444712,-0.7630934986210604,-0.9187321119038068,-0.8891555102929779,-1.0287182633673349,-0.9386117238902437,1.1274421390607259
0.6054461666203943,-0.6438304120451284,0.29709398947845106,1.1297083305341695,1.3762305852219805,0.2085354657692103,0.9080576478573283,-0.4938175565759917,-0.22417840250988097,0.4896915755877337,-0.40743145949936743,1.272524341693952,0.1986775188333045,-0.43173773932684834,0.16625922011087227,0.3723749483878072,0.5207282540004903,0.07383234181092824,-0.5562543664832152,0.4792906893840657,0.13357594767401615,0.47286907075548745,0.6029638241526925,0.5619147435530187,-0.5850199430102289,-0.19736624595339505,0.33775635251870095,1.0039666480627143,0.6351524651577778,0.9552402461118091,1.1735983477744976,-0.20653270368245616,-0.09398882209050141,0.6004136203204141,0.15852062481502077,1.035035351239382,-0.12690677665672656
1.14285092444979,-0.17561192325562527,-0.03794751862526229,-0.9415124644379576,-0.860313312445212,-0.346215795672213,-1.0799833669929115,-1.3371810383221454,0.9523751182961304,-0.108881766071866,-1.2068289140346329,-0.4258167171553018,0.07568850073160849,0.723820405487671,-0.7784967332516111,0.07864807106505896,0.49023070880693154,-0.5680125604002481,-0.6452082524831134,0.7983725702924968,0.6061291866752085,0.8262109189698154,0.9489126773067785,0.9685578624738582,-0.8126001654265407,-0.8469350090395438,-1.0267040102872478,-0.8267265486699609,-0.8715245936147115,-0.8610522656095765,1.9972869639268822,0.6833359566164113,0.8361232022138295,-0.7718650620990887,-0.7239113760877436,0.43105066660334646,-0.9052973341742094
-0.09349293706699291,1.9311581927124175,-0.16851379047692744,-1.710118523651003,-1.5958245383898815,-0.8055676492948255,-0.6323146090231102,-0.7799681783828312,-0.5245017541559115,-0.03143801190542439,-0.7538845695594496,0.5815969100423718,-0.19809154753550764,-0.058656056462122824,-0.16798536963874458,0.15538737835478833,-0.2592405419789242,-0.9424410542208975,0.12249300630029522,0.437728520789378,0.26587690187927143,-0.0707634847618743,-0.25753564390251,0.2376789362569394,0.054579693565664396,-0.5155608763302868,-0.7001819250895047,-1.1412461531834361,-1.397442824304581,-0.7505134949783879,0.4352495407535422,1.398719479064798,0.16310192389593972,-1.693338219287961,-1.0763673857421243,-1.1140652367294743,0.5574426339544323
0.4415774595272153,-0.11915453771884953,0.7275693215639596,-0.13448088071157982,-0.8404798289058167,-0.3605219641698375,-1.019792848691636,-1.3414882397096834,0.3684156184518374,-1.2457768500269382,0.9459718128033219,0.5909164127837183,-0.14337893826151665,0.24294328971714108,-0.052312480559589286,1.975261123358042,2.1138252477378883,1.2281791293434918,-1.8927690704248121,-0.6718226158803887,-0.5949098922852133,-0.4817105405561703,-0.6201534050627725,-1.1811633753524162,0.5436359859295399,0.5044715365568837,1.2784179839649499,0.8358436348202932,1.08372412338845,1.3695263880142878,0.33230719988947544,-0.6441656357707634,1.7649740925741793,-0.1657894249821246,-0.5622553774848233,-1.3613141881105637,0.15804606379361907
0.4123095853743659,-1.1448923811580267,1.4753750109401373,0.9095333034294082,1.2275733339451358,1.0094999853749367,0.8997588159382321,1.2192853221195803,-0.31082962146906473,0.7890250434136304,0.5109764280084832,1.9359885284625877,-0.725535072354198,1.038153370944124,-1.5076872714949854,-2.9178397557556615,-2.3370994070897506,-1.942499536794503,2.2916622649354244,2.3868231713655854,2.0885252652010173,2.249376764277978,2.1354722640579515,2.0785490424672166,-1.9046605721591643,-1.2730372165155521,-1.1311629264446448,-0.5845982728068387,-0.6900086965803928,-1.353241705196623,-1.4997814872993103,0.7384791429653822,-0.8480988960334703,0.35362944709086586,-0.715231960187752,-0.04282743287085422,1.5686543749569946
0.07914915330917827,0.2531247147164541,0.3789447729969686,-0.13539482425223037,-0.45188493646840544,0.7425826218966087,-0.6494922541851791,-1.2062563076613473,-0.7148087628658094,0.962465727615079,-1.1100277285566533,0.9494795659527965,-0.15414661886968412,0.515456344505258,-0.9053673489880151,-0.4857478264791442,-0.9744185225909963,-0.22159068060394932,1.2023252625860648,0.5369341629090398,1.0510222631013244,0.9363427914355541,1.2763288873728695,0.8928537195834476,-0.9155005415079637,-0.8274922876052828,-0.5827824309673214,-0.019967142834041947,-0.5006071833890845,-0.4801447077206013,-0.3483779702031738,-0.747695376703037,-0.2121555062758282,-0.2348703097827734,-0.9220564363726177,0.8274363552999916,0.887029716131812
-0.23240844259856355,0.4187802270950085,-1.3788751857238313,-0.22968306176437084,0.5942648790212868,-0.7302674983525584,-0.034117159845980106,0.4083553956317814,1.316917608086376,-0.5297982292246459,0.798963466156424,-0.08120023288919165,-0.5486467854224046,0.29757209761285297,-0.488664815296849,-0.330125507842011,0.8027682993203008,-0.38956198878740567,-0.6698449276412127,-0.6908510593501728,-1.5525639832299973,-2.1341214703126163,-2.169944149472076,-2.3253384920027114,2.694138097774937,2.7925835051873937,1.047423334885751,1.530499762016505,1.1771413185337656,1.6304372293608158,0.6585476937106841,2.0695345192242653,-0.13339756111140677,-0.5734966866031426,-1.2825716466995132,0.8531869449270039,0.6760824295502531
0.1225967262064728,-0.8207479393065517,0.13275906316601702,0.014645749679627808,-0.6922827090634608,0.510499634019448,0.35537132520681813,-0.5511029967895812,0.22978349996516978,0.684406433151121,1.0323098709426612,-0.6980511451375545,-1.3073012057335014,1.2808433353894393,-1.7138505966897524,1.5021724815925008,-0.01756935524176949,1.6549891717062175,-0.45148717924957377,-1.4339760112911644,-1.1699084551172731,-1.175070316462137,-0.7402773711811498,-0.15276274528255446,0.6468572386375678,0.8416383037847498,0.010010677138587588,-0.4398975876584624,-0.6793120220076608,-1.304284489902974,-0.7735567124708042,-0.45171277514430946,0.6349144680748868,-0.6334718951138142,0.39874321329057544,0.3310279027504017,-0.033648106145971544
-0.6854159325913171,0.2052473578409571,0.4944094789997282,0.6202876351257084,0.22570132687679917,0.051014086954730774,-0.6711860892093849,-0.5721351274477199,1.4936416720784713,-1.8716217121232301,-1.1395851707770903,-0.29607955698707217,1.5224202804906481,-1.0280690041017027,1.2790585515204265,0.5032881812335565,0.6376927347344171,-0.19311468960029465,0.037389285177999484,0.4537029767930606,0.4281066288395606,-0.0363002198047754,-0.13172544924030516,-0.36756168018654606,-0.3465390025966566,-0.0735472079648991,1.3165697841784065,0.45906201119874585,1.2029009122000038,0.3984562711582933,0.5307759332876265,0.602114980173697,1.3145982753384313,0.14759863723456962,1.5106377676880236,0.02199111682830845,-0.8731820113579258
-1.1746314756989489,0.7516853555546126,-0.9649312564794479,-0.9250389857626611,-0.9354446765092628,-0.7318465982084958,-0.5206829863303482,0.17947590833885646,0.2344353322049616,0.3032742617510193,1.2963388565378013,0.3493331801354228,-0.30393033889604715,0.1961947636324418,0.17709689027111306,0.5281141960217572,1.1580073021491166,0.479393201059215,-1.6934089446175444,-0.6345186418852669,-0.6319704589080022,-1.0977938798641442,-0.6307021141074178,-0.29832448894747665,1.2406355983943516,1.6914674471950772,2.380472147968764,1.2400662901305937,0.8931611444923117,1.0627876436119004,0.8991753868611274,0.12625238530874586,0.07720697186174998,-0.8504032430879831,-0.09094797054949291,0.4873802352213921,-0.23290520817909127
1.4469701734003066,-1.0324230594465227,1.4878938178279968,2.2223644642568243,0.7874805592529642,1.4174835133301944,0.5611924918070117,0.26629101607685973,-2.3873896312663456,1.9129151842463277,0.6513137673094382,1.561649106659553,-1.2848656844927258,1.2933715387118219,-1.7645876043377546,1.3016510949443914,0.012050639575238688,0.26214462590029586,0.06033214370282072,-0.133900144333608,-0.44700216398189624,-0.10268585766707783,0.12958041404873982,-1.50001899060287,0.8942761303219197,1.1476454295220557,1.2085118080536037,0.8452439310431425,0.2629480400162425,0.813068285283301,-1.5775083757390842,2.5555674544233984,-0.1379658933554384,-0.2918969596472226,0.1715610149698108,-0.8865556854269643,0.40458964140927234
0.19796266448080493,-0.7001509475566149,0.972977373465808,0.12424489916076868,-1.37470081797553,-0.23387300995558402,-0.8280674606600538,-0.738396437642005,-2.043296349906308,2.25761328743488,0.02967651911745955,0.42843139767422356,-1.7867469125167934,1.4555304905021829,-1.2765051241812926,-0.16347891581127924,-0.5879597030991857,0.01602449249414905,0.7563342548772107,-0.20996540638830635,-0.2618352728867448,0.5141718243093328,0.2397970220815647,0.6081948677724314,-0.2377103857825412,-0.25290656065135936,-1.6305175625403638,-1.124833349637166,-0.13354701107133565,-0.23947169222375883,-0.803826577355861,0.19027088046733331,-1.5080795939223879,0.7823021315973727,0.4867903996913025,1.668534530770377,-1.6798686933057345
0.2565275988555715,-0.8217680895723216,0.3002151059665784,0.17368222480493214,-0.9892595628540466,-0.0645871988379127,-0.9011239637845013,-0.38829358021048516,-0.11329980153641299,1.0692477144552686,-0.059487950389472674,-1.7103153868069516,-1.997337343305309,1.7050596978984072,-1.7339155472442536,0.6834388712705681,1.0448323805034048,0.7130524154920788,-0.9380578966887777,-0.996914781249202,-1.6353692874613464,-1.148671926621525,-0.9142445435355347,0.7724800061688076,0.7751305569093447,0.44060187241484916,-0.4824699876845893,-0.12178983480623048,0.25819455693868276,0.01663968884321333,0.6083563881918024,-0.5515177066363781,0.11668583346056699,-1.2604717538565353,0.3162828861193492,1.6554195294022012,1.1271996852997244
-0.24140591760799077,-0.4731466463869955,0.07860946134922944,0.5626273035777768,1.316290664725251,0.10780824946135209,1.3592561906414422,1.651686192209897,0.5744320194255451,-0.46146869008601193,0.9855581900198642,-0.12358525716402005,0.7516032784397428,-1.0016297605195892,0.9281073541212888,-0.5204565964348696,-0.6141144126629338,-0.32577708807082695,0.5158337920700733,0.9729100191595378,0.9510673675905561,0.12378692146746115,0.4147282760661379,0.3183157117879473,-0.20293754122017066,-0.08176376931378108,-0.9131933850975227,-1.6041379665769337,-1.29702553441733,-1.891458850706385,0.18002234444175347,0.5981333290090023,-0.6600466302193622,-0.008329753020783984,-0.902164661074189,0.4040382888572289,1.9069131105038424
0.4852717985108801,-1.5021061417665278,0.7470773979292453,1.7636068978050452,0.4021499098837365,1.3340864392673197,0.4947316092075667,0.5779524537660308,-1.1573655991012106,0.608685958884504,0.15598086890290253,0.7978905367111332,-0.4481567458616048,0.735077287410116,-0.5227830564798877,-1.0521851849023853,-1.607422515912378,-0.36165093323364433,1.948769954880846,0.4486010638877218,0.5676715811883548,0.49353361484533925,0.17247709757818422,-0.02726642069331846,-0.40979995296725746,-0.44862384781842213,-1.2130525202940783,-1.544620543741855,-1.6922264385548242,-1.6058274436808042,-1.3756441077064727,0.5759624010538177,0.6320642652942695,-1.7459999669231483,1.675105323392954,0.17136334847526757,-1.8833248246213525
-0.2041638509473411,0.5413979894543146,-0.42670900098882136,0.14437688540230378,0.6722175184552381,0.7903470203373333,0.89474487822007,0.7402359851430662,0.19284464238316762,-0.8596967135325715,1.0566513705569267,1.4101375786734436,0.6280233577214229,-0.539515042856153,-0.166066387217101,1.8453570075958017,1.0566148893491396,1.976768909208694,-0.7136695559414511,-2.2573332107715665,-2.3327435154459906,-2.405786748861678,-2.33776446221918,-2.1671674338233236,2.3969622684993603,2.492954090591356,1.736361306443964,0.9365950516525967,1.1710939265954903,0.3611847743546625,-0.11835076860620551,-0.1954527161178595,-0.414997821720761,0.26207615012407237,-0.8121959071472413,-0.4404160763886542,-1.3687083791518404
-1.5638551227419837,1.3890610532481276,-1.2362063314801888,-1.747903618429165,-1.0464365959308555,-2.181398559511422,0.1883261231991976,0.09479221907707722,0.6585394255753918,-1.7254783792133965,-0.1886642269017782,-0.13153741150488893,1.3087001752835483,-1.3428569870281637,1.5960472257924727,0.3951627179187734,0.538591798756902,-0.2492254805548863,-0.540814797326341,-0.33863761329025477,0.5739254579703535,0.1074332300961225,0.4609626470632614,0.6863781711160676,-0.18869500803570516,-0.4168950554092936,0.16166599404022877,1.2742498393030006,0.35541296138266015,0.15295313967409746,0.0118345510718544,-1.1287614667631303,-0.24283726389970178,-0.9393719132719366,0.5989583910534595,0.504476870950058,0.17108504300542654
-0.5648301735882015,0.9439529506666152,-0.9970657116861531,-1.0235552229425648,-0.9027016345813742,-0.5660403971252574,-1.8376693994104456,-2.2409114100161225,0.029244725708733193,0.7470736299756074,0.6267697034598055,1.0518101334023504,-1.9673088156951999,1.7233124725072169,-1.4526515036441452,0.6756401705166695,1.2476519456776027,1.1531106495585022,-1.343417723707282,-1.3989659673603303,-1.3048850173614106,-1.1043590523934337,-1.0822947681405457,-1.0626875514530107,1.220957602481575,1.0888298729406771,0.46965445303041403,0.1460012890065709,0.46831897306482617,1.0002987853849408,2.091104106425949,-0.564405486303713,-1.484937087563134,1.050267335244972,0.480578519158653,-0.7217185896164225,-0.5962650297068309
0.5863444133709296,-0.9159064556752495,0.08053426242906479,1.7332819369928232,0.7307586602680585,0.7656248453292525,0.6410901715812322,0.16047855454932822,0.30538209469002275,0.5448540879333458,-1.5223285510937252,-1.4444411660825534,-0.13506553494374704,0.5319549696641841,-0.15440501052941458,-1.0795259867473135,-1.7014127149458085,-1.0520533922880178,1.3851974607031838,0.6193851179184348,0.563061849177238,0.48556678236138434,1.0496241918200666,1.2149685348502104,-1.336590935824959,-1.2836073154991021,-1.2088440738895867,-1.8767057624465864,-1.4558851519161993,-1.8478894463148876,-1.1416313020548543,0.8390963306208638,-1.8425911995728501,-1.4353259789612829,-2.0182458333524456,-2.2617110346321274,0.20060213472631958
-0.6248130957614222,0.1033926596676993,0.11985178609760176,-0.2973887295153709,-0.23371740925443032,-0.8180990379116991,-0.7778431488822396,-0.6875746934422515,-1.2169302666185058,1.5777601317037864,-1.1841115442497423,-0.28167479559914643,-0.9129692989084414,0.8449440799717013,-1.396112931340887,0.5389685668392621,-0.3988413057230947,-0.4922247833143328,0.15647486590151813,0.5385023140526483,1.0782788653642623,0.6823983047398411,0.5874220443688023,1.4735912202624073,-1.0720749560692096,-1.2859972319732318,-1.208711069351632,-0.6857802693650903,-0.08657960181252194,-0.18612601120374425,-2.0311616587562513,-1.7786680400647066,1.8975071393279892,0.47528660194618016,-0.41210001160087545,-2.7546704040458216,-0.11359636102160717
-1.8847064909659372,1.8148807884900393,-0.9513080235984532,-1.1763110072270302,-0.1454099177472264,-2.0003314897316824,-0.546619863776794,-0.3792392213930201,1.1246756146995684,-1.1011780266461364,0.10252650839869723,1.2544838642602014,1.3171498129678287,-1.4125939089004698,1.305568320226393,1.8291425855882375,1.3293482363593938,1.5343731911135594,-1.3114594927002006,-1.1684830119780292,-0.07178837035183398,-0.6868623897398153,-0.324678945139489,0.22062069637175152,0.7591776471371413,0.737160553777749,1.1528989941448815,0.858165215541789,-0.43807342866479565,0.008276517368751003,1.512551691222957,-0.2856434420005143,0.13430733004112827,1.2509229734106435,0.005076318786533769,-0.8304430202052318,-1.0131150968084366
-0.3195630514864855,0.7919809563505285,-1.0001058152782516,-1.676999020225529,-2.049785334010451,-0.7145987633465855,-2.2237812302011695,-0.9489955142011525,0.48413220708872645,0.012640080146248314,-1.0936991628760924,-0.5069389261186893,0.9183264816667525,-0.8767958868469748,0.9877823040924548,-0.26268656838278703,-0.6455496613665016,0.07521768261177085,0.13289501806315088,0.16505938596060893,-0.3711610866081239,-0.5358817057584203,0.26788295856980193,0.1018524441878995,0.3009745419278377,0.49862942828437345,0.9576074031917301,0.021197837228782317,-0.43330054597664086,-0.7238545260069166,0.11590703227304203,0.951979050585166,0.4140189437203434,-0.9910246407525644,0.08191245605774698,0.130235470154262,1.171311342568837
-1.7809567879213954,2.099166929290126,-1.901213949720075,-2.6918660034356243,-1.6968753073415457,-2.2810035044252825,-1.546380507096578,-1.0763735374570644,2.0785497971524016,-1.596338170452681,-1.1678775987816707,-1.4204531341742674,1.664836186126927,-2.296339186032051,2.2847075301211968,-1.2582388615633369,-0.8991378985411804,-1.5973295382940864,0.8445350611268148,1.1632434020909563,0.7638959918952254,0.7358215753687176,0.20677787676885365,-0.49992272920997644,0.38005597884630254,0.8777129105174223,0.7998226899575689,0.3464544316194164,-0.1980854335148764,0.01361329918516356,-1.0987160290902078,-0.13175121474128113,-0.9268684497624355,-0.8229602734618789,0.2508708602412566,0.30671121039536653,0.39295861765967116
-0.3348360575162721,-0.3599882942400028,-0.6330590444418536,0.7868715619310319,0.8282323416699902,0.11423869425811732,1.3376788713273926,1.0730385591415494,0.5832254539504957,-1.0900127780363509,0.823993866239238,1.0678071612407376,0.1911319126532467,-0.2262200746463655,0.4806802759349286,0.20685323619047272,0.13579714283611982,0.8167868994359027,0.08013939745364408,-0.32535237817186125,-0.3429736079773561,-0.36075509733976324,0.00042291097734555136,-0.250934992319493,0.055094326602556414,-0.1483081408420145,0.68635087304528,0.3419407113913593,-0.26021875036548126,0.140397847298563,-0.3543660189263306,2.125810465770261,0.8938880119756257,-0.9049101063252524,0.7089816312276348,-0.5161305777025917,-0.5746884143723427
1.1839757062496288,-0.4628358295522868,-0.134408849142632,0.31516211971453867,0.8402063512955291,0.3294524336930143,0.45725472631569547,0.6302005132533929,-0.8957517934813821,1.3759932590983994,-0.8846449148122818,0.47069985360466815,-0.33636935235573767,0.5028913035799314,-0.3307052465422358,-1.0344696436875076,-1.2194168533908278,-1.358278493506312,0.9943403579865213,1.79526504206141,1.250091790292002,1.5193971731191769,1.095598136525532,0.7773726801948447,-1.1866497301447898,-0.8981552159594093,-0.9487896000493264,-0.8046627987713605,-0.4656451181202742,-0.3676831642903773,-0.9194320421016674,-1.7758812398024622,0.710180999787861,-0.44858666212305004,-0.059330180438417625,0.11561945496656664,1.3759574332231619
-1.3143162901453602,2.0011542117014454,-0.745023271988205,-1.4089637316161214,0.0009278767933033303,-1.32015436685033,0.2071090808803803,-0.5398777658409589,0.758705264887387,-0.3662818393682844,-0.8367929115964633,-0.42025569345794234,0.11602605327372331,-0.03093488122807232,-0.6062813580699702,-1.565548356009578,-0.6900251752713926,-1.6075696737581187,0.6390657561742209,1.3833809984339243,1.6063464383989938,1.641105137594145,1.6175670590524849,0.5181771826918432,-1.5451544666426256,-2.020727068822486,-0.5038123195168056,0.22029741238388903,0.04314984057146094,0.08486710437406529,-0.13321771185868309,-0.9959309454787086,-0.8149765311848272,0.5502990320601682,0.30428576646161737,-0.3025342465672766,-0.5261897752585656
0.6375613033219405,-0.29952864479583174,0.02043195283123406,-0.0714582483813523,-0.1797638178651981,0.5796126737416176,0.38766030263271084,0.390415274445926,-0.2743236700760921,0.6315980636983348,0.09448116991355751,-1.5167814645509696,-0.18776737872039448,0.20494888094939334,0.1730562767778317,-0.7280434574316341,-0.13105700109882956,-0.9657739899888692,0.19578666522963692,0.46460781302163223,0.017844244269887975,-0.0840676563757243,-0.32049566568581267,0.36840150498473884,-0.3442996517473311,-0.3355400724784274,-0.6428369140362217,-0.1258374031070431,-0.5329574823052785,-0.9553685393589799,0.6435513052915711,-2.3434400961610473,-1.0767910558811469,-0.5298709559222811,-0.09692272485320835,-1.0312612519406799,-1.2190868530129746
1.722292375998051,-0.8011080523410206,1.5649418431727717,-0.146917703535186,-1.2523237660853617,-0.6984562511380287,-1.5183680764949832,-1.090767732626886,-0.5305615584218865,0.6353758818193967,-0.32952692214212775,0.14365290819717982,-0.30813383274510736,0.6838025322059778,-0.8022398776509464,-0.48161736993275694,-2.709635697257111,-1.2562250969528814,2.7232513038570025,1.2170859976922412,1.6497152809458433,1.3336020894255236,1.7908525540309477,1.7664679688236653,-1.8188054674034917,-1.7307292601007098,-2.6018340172432404,-1.9461826049191249,-2.1821999661813813,-2.078152829610684,-2.918539346467607,1.9465566948115558,-0.7437892263323961,-1.0808976905459733,-1.073283902619624,-0.0809427542989271,0.12748518277092954
1.2730713030909298,-0.7848430784216377,1.592554313987251,0.721830045309185,0.8061556644977944,0.49781569859079666,0.1806230797073331,0.4549290154469146,-0.7840025641205646,0.7503163209780893,-0.551773060320957,-0.6723971734389282,-0.03377958223294261,-0.12912885586306264,0.1792365960910699,-0.9849671408799568,-1.1571855135250841,-1.3488835617245438,1.0375432154732598,2.187558209070018,2.219696402404475,1.5905328602351847,1.7330715588801622,0.7698662255105828,-0.689403133082782,-0.4452697055068837,-1.141361487556286,-0.2453269563816009,-0.6780441378618975,-0.5150749363114647,-0.6295585147188162,-0.979619910757327,-0.02656952652650248,-1.974756883765023,-0.01924990663276011,0.7901129139084668,0.2877545309680321
-0.2527108830374805,-0.433655125750873,-1.3234796978170464,-0.3411766882407988,-0.2918626072123687,0.22039960754192417,-0.23505874319928452,-0.2373086325658518,1.7332646219340466,-1.2776429514342236,-1.7546801602339739,1.864435268871947,1.1551326504327415,-0.5713732682461282,1.0297623154096103,1.369432941285391,0.1318787810054896,0.8413739033759381,0.3556280840905331,-1.1988175766700155,-0.5432719889890237,-0.8461725758420439,-1.082663190769253,-1.929276474854771,1.2569322628318877,1.0642674009827773,-0.0008853931876707709,-0.24260044447635243,0.22578125797504173,-0.6556744286059235,-0.3333349016462769,-2.017121691997227,0.17241988831433425,1.6300697525434362,0.7003734940883556,-0.9857829146460944,0.4566336396958723
-0.9518248305869285,1.3595358984839767,-1.0949540377498947,-1.1596639980510768,0.31856039145171006,-1.5331670895203757,-0.8100770508893899,-0.4954963987753636,0.6113587438546049,-0.6561336026408748,-0.13872386429621383,-1.5106386407307986,0.7804285135738532,-0.740658401906611,0.6841138226544198,1.942478258367428,0.8087684097666427,1.6229195261814424,-0.7933671886023885,-1.684498740966953,-1.8894624002350235,-1.3934438602353727,-1.4992662806997474,-0.798685040137966,1.0136275847540346,1.0368569809781698,0.36062186511169836,-0.16025219076048516,-0.164921779956574,-1.151175364111628,-0.8022626229428166,-0.6479689423907428,0.041335548403193006,1.7082734906068704,1.061545077538767,-0.9853234834128318,0.611979469377529
0.15654142173025237,0.09288448507619324,-0.9486587338136904,-0.5894524679465919,-0.17616430262557858,-0.7313796881423081,1.0506845533129516,0.8457522791307653,0.135939156510762,0.21473566670760255,0.9776352614940381,-0.014788492293829036,0.06481533713079504,0.17201301612246594,-0.2807151917348681,0.6485983146438057,0.9573029063435655,-0.8957745349906033,-1.3143253891181268,0.8691257224689442,0.5906127497563719,0.8289409679205875,-0.5146200305888767,-1.3915214948754113,0.039363571879818676,0.33412265762912546,0.9747532118733038,0.9854671792947037,1.2442951593741347,1.0180388268327585,-0.037545063734054876,-1.4255368371046995,1.3248914621914942,0.5929265535224512,0.4877320451528728,-1.101550434784501,0.4417143209070968
0.17061306248576613,-0.737457743718396,-1.139147115893492,0.9625528080029039,1.6360756653811723,0.036713393758306026,1.3293459463335233,1.374231056568858,0.8554363010070535,0.30486598217896765,-0.35841143567126477,1.3577841078477266,1.082846890890597,-1.27101612934438,0.808502653353789,0.4105931140426561,1.1126088426959682,0.6962283115136897,-1.195650021539972,-0.37809905154897644,0.06496131932419279,0.1523272814678361,-0.1756622218508998,-0.10386901339239081,-0.11862511792185554,-0.42093023144278735,-0.6121583155182133,-0.3125268116132999,1.0544960098593816,1.0919194176340747,1.6956379738224239,-0.6408648680548793,-0.7258946761892197,-0.7716848405404724,1.2880307471588262,-1.9731754682343414,0.4033289447560357
0.9158031506507747,-1.1129851580631551,1.0183455405037594,0.8290683140471262,0.08747223507110422,0.16549997969814298,0.4039857858396982,-0.02016490045905777,-0.3367838213544477,0.5418378498889326,-0.14484666802257382,-0.8975066575701025,0.13788468881601137,-0.19833795199954363,-0.2504967329784639,-0.1249037566182384,-0.8629198931424951,0.22424878092006945,1.1800574712390937,-1.0333776931842882,-0.5996534596122887,-0.719678108557673,-0.4144269785419644,-0.5861539750855477,0.9353379550495569,0.36709067772995774,-0.5553364313424279,-1.3620205892508102,-1.1541455010682284,-0.9632212945382743,-0.7583758488232465,0.0024011341127413155,-1.1044479301013144,0.779569708614048,0.3687960522903103,-0.5095430148392778,-0.5879257957337132
0.030750368975689057,0.2148030130209351,0.1683353379058646,-0.3622157503579741,0.8187055567702278,-1.1783792480920414,0.5481389352551715,0.03296731899081707,-0.7540292993696138,1.238774283408258,1.1352722710930743,-0.3193507320060323,-1.510003851748988,1.29209210974691,-1.6066481273664868,-0.8924515111049931,-1.5346542582187035,-0.21558972429276063,1.8031330693340146,0.7841462257605984,0.559034451865179,0.9124341735105226,0.827621362832747,1.1254997367538009,-1.6335928197165284,-1.2805801751188166,-1.9243714276862927,-0.536383683380501,-1.148405048854406,-1.726913280538613,-1.3539114328944162,0.7628442480703477,0.0023350339931098164,0.9796932269418259,0.8156335619006634,0.690745216490879,-0.6890028254019608
0.38816679873418886,1.0619086759494367,-0.11392215500839185,-0.7868972813598796,-0.3344096478033795,-1.2332454535976727,0.10773817104045351,0.6252843487760458,0.26861962651575505,-0.8327399745684998,-0.9977487956335648,0.6553285709951924,0.8696464069588126,-0.3591919537267571,0.31801497683547464,1.6507372658704118,-0.012373410522778064,0.7093517124556288,-0.4935532314455382,-0.06730867748244919,-0.13274150930775075,-0.42939814462789255,0.400229851566562,0.7877385963064564,-0.32388389637046566,-0.5830800518539937,-0.4952712437938838,-1.0217978891025206,-0.9260779743866956,-0.3078453269344388,0.08771524159374965,-0.21257862773414607,-1.7220431912247962,-0.21798759435679985,0.8894459346892906,0.1478615364822633,0.655450041961512
-0.9454603367198897,1.8570249797850853,-1.3139061029049572,-1.1941261227220021,-0.3657588775931417,-1.7009838688550571,-0.39851608785495046,-0.43504195346612656,1.2384271445073716,-0.6160743207956898,-0.1885093532808497,-1.0188285377236381,0.38274876711417294,-0.49327369890826595,1.161906638854867,-0.04431661323036096,1.607385898471653,-0.18923698848946846,-1.646040617237035,0.015818937674512493,-0.19060789680880932,-0.481276510203448,0.5796270441190073,-0.026553360786129878,0.5644105018367533,0.6626375747878295,1.4832811929100929,1.5270121412800202,2.217926622360632,1.9818297962858495,1.0147738916302038,-0.01346961502412766,0.7107896123310652,0.07633298139423003,-0.27604924993162033,-0.19702939848776477,0.18411668207027712
0.730789395464239,-1.786405696469788,-0.22712109832102176,1.6536189385849736,-0.4075270697208343,0.9380480721605965,0.0023804302513759277,0.18903746392723053,1.0332278528687473,-0.5998846646565356,-0.5878204438452623,1.6134572456016765,0.6514172061322967,-0.5067724092217037,0.368655453570069,-0.4510773220439495,0.08486856935942999,0.053309374811651274,-0.24861675045013584,1.1406588861756533,0.9282284165257418,0.8623334296761246,1.460999411988046,1.687807525158862,-1.3819144409525743,-0.8039102742835362,-0.49570907728113967,-0.015057721916799832,0.5266765129142992,0.8982049349864446,0.09235708568109643,-0.6177738494818801,0.10200227936426096,1.2615134869242037,0.6771925384308395,0.10278493159196507,0.7290263330676838
-1.3187039544926642,1.1314974842871275,-0.8027562383461516,-0.12099336436050956,0.8796494902967061,0.4658439707299926,1.4828983876779154,1.024124720009991,-0.056910716107290704,0.6237627915981974,2.762594203597651,0.41113410705936737,-1.0621537841150352,0.9686252970975943,-0.9233725047598015,1.0522417912026458,-0.36162824530368387,1.4065456279512443,0.5511636507703945,-0.7324774492692673,-1.0967547465154666,-1.7052631318992195,-0.9049994107146582,-0.9111530322839498,1.2436267747977903,1.41742844858194,1.7174183276734332,-0.6060973689542793,-0.8267350338057081,-1.0047836278850706,-1.4356036284809184,-1.5439202027872307,-0.3420316999603095,-1.5981231165395098,-0.9962810860419197,-0.5183662317319212,-1.6587984561753233
-0.6593085939090828,1.4311671569296225,-0.6201400679226495,-0.40708632899571057,-0.38702344112599457,-0.15999985603313457,-1.61901897031145,-1.9330871318207237,0.7763540943505974,-0.8696487642508185,-1.8762352825625181,-0.5372991771285576,1.0161404288900306,-1.162549968239239,1.3056175401245453,-0.05523599040955625,0.7685939011139816,0.658829670740431,-1.0787343812344143,-0.07179487334927025,-0.5860803160048155,-0.8714591643143398,-0.05139158454490764,-0.041835348979000736,0.34259932794160924,0.06415197695313192,0.3054284673337754,0.40662652018589485,0.1959457959958412,0.29267700009812875,2.0352894629177785,-1.8773378031986714,-0.3985693103082433,1.0291911585059652,0.2994608625293378,-1.9846004798957178,-0.5189913423275808
0.5896486968031812,-0.7381265426289856,-0.19915650652869615,0.2793150643662038,0.6082260438273476,0.9717762678705454,0.8890063829770777,0.5845605199917419,-0.17384632435040928,0.6759584654954037,-1.2482551513585602,1.7470872320136601,0.5168117141794247,-0.19705962519800516,-0.04854062376211418,1.0141206861436716,1.306358826308166,0.925661199087175,-0.8296408446338716,-0.3101053115105733,0.17420264295930624,0.09819223961606173,0.23574215337517315,0.2016906644146687,0.0653171115163968,-0.33465596295462036,-1.21886154952639,0.11108111855532939,0.47921071005328975,0.6543370483121284,1.0801799059230983,-0.4015879886121889,0.9289952853407603,-0.2726525462258158,0.5276048362199999,0.760727698825772,1.7557327192046395
1.2913062805817883,-1.3981698516447154,1.1947818654218691,0.6536494661951597,0.1454372574496376,0.3021272359498692,-0.19524128763428614,0.002475141870253143,-1.417940530615017,0.8442533452222462,0.5018564786817462,-0.9124992290134911,0.01983719959997078,-0.07016953759255863,0.5020397998482816,-0.3973114950793408,-0.918479302365423,-0.38256245758270613,0.447855683645317,0.8735101979580318,0.6754492120468488,0.5095255846099206,0.9024898346622362,2.036341766381842,-0.960238634677446,-1.135200694323306,-0.5199221715783071,-0.8434168303601084,-0.47140482139637435,0.04378240753603573,-0.30654006997994687,0.04562699366762112,0.8965606894688046,-1.0725545082266479,1.0036155490701468,1.049577330589041,0.47611042350333305
0.6740355469246424,-0.8888686052197093,0.6688884768205117,0.1498477038733635,1.0820160264409704,-0.3924594171316282,0.2218037878147011,-0.6505113033258398,0.7009763592933208,0.011580757976562482,-0.16855876725364288,2.037172195277133,-0.15650463584921395,0.38057232819560305,-0.5208053138278678,1.0551727387698504,0.224696662488183,0.15765928881966806,-0.27300477583519395,-0.1280738099187318,0.4022355350612754,0.08906619762111267,0.11560229594612262,0.011540713185688571,0.2167323814485934,0.25201476291343666,-0.5112004578127485,-1.5977076081869008,-0.9563637938153324,-0.4167875542856015,0.8035563904985236,-0.47540138642058577,-0.24867670473291537,-0.990643391533802,0.772336456137108,-0.7587430646989212,0.23333135079143638
-0.054209744717615936,0.5387886714928157,-0.702192687893492,0.4137481947927487,0.46510086463614053,0.26033382525870224,-0.47882841548591265,-0.34515376818583293,0.8098216013345543,-0.045147667466227934,-1.1551914096334104,-0.7134709887189767,0.23907821274960628,-0.4374119590844685,0.7985530201140141,1.0166371438178836,0.5627753137664573,1.393575505737015,-0.8999334552254352,-1.3005785304130786,-0.8918601335388264,-0.23497667877796022,-0.6063316239790346,-1.4822326142935571,0.41972881521315747,0.33291598683403767,0.005462480684896345,-0.05008300672382311,-0.15707595976237002,-0.49388437640758537,0.11969667946381704,-1.8402828579677613,0.6049054695680322,-0.8257850395621968,1.0166879276522234,-0.17852162232284405,0.622913047931721
-0.044805858103671374,0.26325360656385494,-0.35501244285933187,-0.8676893230255858,-0.39236831441295955,-1.0372428815884667,-0.25870741183859947,0.051083706501989436,1.234614941212704,-1.6156931700528758,-0.5498275362514985,1.0095887110689543,0.8601206405895845,-0.9568931974648975,1.0833587046346582,1.3677657728400283,1.377227659569052,0.961675751381795,-1.1540411480011614,-1.2594654293374112,-0.9843989036779576,-0.5265077020372211,-1.08303564821906,-1.3044236062347365,0.5161066389344887,0.8604353391734818,0.2317974098563464,0.5017494784982638,0.6179391128605286,0.4891162993859367,0.33435227717676314,0.16189061093084667,0.8815109630558171,-1.1696194812485505,-0.15157135368776922,-0.26511803239981974,2.0405039888673016
-0.9443390333105992,1.120059218161077,-0.07056484925036478,-1.2071213605192586,0.8695927063171958,-0.7226652463806109,0.8726221682339494,0.42979714369252336,-0.43517027642937023,0.5739258605462753,1.8523835097844288,2.075860001040538,-0.8850482302607372,1.558119575180821,-1.438332683851623,-0.7022570184001559,-1.47187815049282,-0.6050922479655861,0.8125513260326958,0.33039364172638463,-0.036512064086140536,0.4860204048749834,-0.10144210867924068,0.34011010377560885,-0.11906416703827973,0.06286539681774155,-0.012294564722952945,-0.04485943158673095,-0.18534741703770172,-0.39402209635341967,-1.1343647372887606,1.5837211048075204,0.34394198384640384,1.7987683224468625,-0.3985916552676926,0.3261253290125007,1.8417320271008453
-0.39689153131756816,0.22720540872637598,0.23672387162763994,-0.21508806691851062,-2.213077027187905,-1.032504946434297,-2.1623500807444187,-1.859105374631799,0.866099946438071,-0.8390922485102161,-0.9879261009708261,-0.9815187956332663,-0.4164424086260953,0.15974372121507022,-0.35262958774982456,-0.06485749433852686,0.16031128613100085,-0.0813081873370771,-0.220016662280207,-0.03387469818012769,-0.5876424350060895,-0.588861299192014,-0.3304040600653117,-0.4447397783324416,0.6181580798870306,0.39378575073495475,0.15906200416024843,-0.46314858896725997,0.30018840522889545,0.32861828086946043,-0.5031597579697576,-0.15281153606565845,-0.20701621843908857,0.524195125159044,-0.3278085683059107,1.6714547211949338,-1.5381032508140953
-1.96918694641883,2.7045351690313426,-1.8307331930040738,-1.5190277187484298,-1.263266680895166,-1.2489130956822752,-1.7685589412353313,-1.5339112871600327,1.1402374819217336,-0.7028632993481326,0.5582160871885469,-0.6019872168950074,-0.3714176308221066,0.3233919567678235,-0.004829858384759802,2.0016609971188575,0.2505248047100701,0.5784361187357343,-0.312270718866423,-0.4751892289181239,-0.6370906954973573,-0.7538200866607138,0.30853329966457027,0.24598518152843016,0.20594921524535806,0.4233345993544665,0.09974977307704792,-0.5610522114600598,-1.2231254502896947,-1.709447022721515,-0.2770464998472804,-0.6157179869735468,0.39042434196052705,1.0949614563004177,0.2155901822514757,1.1386894366403342,-1.1894796454235785
1.6654946210111736,-1.6072132581177039,2.3110146156121627,0.7411412505711836,0.3444439100867054,1.4586878950463413,0.34807877169429385,-0.039976887792046736,-1.2961782464543508,1.1372020805031304,-0.9593396849460266,-0.11872877699230046,-0.4336728834035258,0.5054656395429178,-0.5160726160206293,-0.23110281899568466,-1.677156416947415,-0.6032316155434801,1.3395808635639235,1.2642824011298115,1.8122304278338912,2.2197165060514377,1.8062232821568238,1.1909773735874019,-1.949725113640035,-1.4690293067204365,-1.3341162419892574,-2.068463122101943,-2.492639302792294,-2.8840930561185703,-1.2089275103527553,-0.09888942699396343,-1.055996077151731,0.5950484614039171,-1.8679382745997277,-0.4057359776791582,-1.5701200286935486
2.2320748927794787,-1.3991757497446577,1.4484655205175696,1.7676755905160233,0.4115085957798194,0.8834054649702925,0.3755270209265409,0.2833040463865393,-1.7345495564573212,1.3725156103971325,1.218743917926005,-0.5500905973450476,-1.4133435471033138,1.3306569394473764,-1.4166140723742509,0.8449286404746523,-0.10075575888386544,0.9480250363197597,0.42528273953468887,-1.7453512332674253,-1.1538573839721773,-1.0746304238275297,-1.0419841735759532,-2.505713678390057,1.353782219235587,1.212504970817427,1.1313576815761555,-0.2907170221157314,-0.5946679117440188,0.5574976740814592,-0.8200542694898539,-1.1383345493013095,0.07464977119532552,0.09610497592372047,1.285426771238361,0.5182607867423716,-0.7516984725124558
-1.9966416911184441,0.5055272429113766,-0.8587654482539138,-0.4599089961713399,0.014866509554283229,-0.6165215880408642,0.369947850224681,0.3334694084161194,-0.033080398797744784,-0.26275488323694207,-0.6968433586299427,0.08980392832841591,0.7376188101563707,-0.8321213083710097,1.2858224350529468,2.35048351061884,1.177326029695732,2.018344593489958,-0.6648931610458161,-1.2413906238654275,-1.3603088647714574,-1.6181433012588067,-1.5730632061215002,-1.7366580859764924,1.590842157261139,1.654650430977238,1.1410625735275652,0.6986190347730956,0.2574338030071965,1.0974325508564693,0.34322681763345164,-1.2025793695038594,-0.23518707146473272,0.10957338000168157,-0.0077310081250348914,1.2337301290203935,0.006000064613556329
-1.4794848214399237,1.2466315558552545,-1.7580836938264268,-1.1874435611724163,-1.8412221739086578,-1.9356344010773259,-1.0820299197304866,-1.3397468864245634,1.326010513197334,-0.3619609328636782,0.6608570451331056,0.10071676294702207,-0.6841948623065893,0.8279406178978511,-1.4635488478231995,-1.8619119518870495,-1.5059020747831013,-1.4097310019374276,1.3150116370034994,0.8791705057903472,0.5713282424123403,0.24991826585019605,0.8969054752366798,0.6661603817038904,-0.38516078456227876,-0.608761536340296,-0.5877239442385064,-0.1699469530111238,-0.8934680089518778,-0.2513842301585435,0.40700145344981065,0.41084104818708345,-0.39481412877933886,-0.3606239739606568,-0.4684851448702288,0.38346831785742475,0.18275498086426692
1.3639375924401977,-1.4398727065044772,0.8548565656868384,1.2413585773662248,-0.30900459931200575,1.6308134509672105,0.4419111125114429,0.2603041668531727,0.3075105397254743,-0.6362817673598378,1.3041030046711382,0.42363719258645444,0.0043999609050207455,0.4656041547737506,0.04533905902487007,-0.2648291614985586,0.7172246414875986,0.13952446073748132,-0.669684590563223,-0.14701887339233732,-0.5601366855229496,-0.630644826506449,-0.6421552238200334,-1.5684151784799938,1.1475927876508243,1.0612323545614997,2.0920206396495953,1.768635475704352,0.6522986470577429,0.7888849786616582,1.4367733407468979,0.9474559811039414,-1.756095399313104,-0.27925204907560824,-2.5918599981929047,-0.03165126199506435,-1.4917718259754609
-0.8191495307864052,0.7631153827078945,-1.2014598621692816,-1.0504361643820048,-0.2610072787389969,-0.8902226919799915,0.1896768861603343,0.1659731618168826,1.7151873950645957,-1.73194793104945,-0.8064638922263637,0.36975299752027047,2.655383428336709,-2.2812686587129343,2.7847700091407375,0.021545144150751743,1.5999531201549761,-0.38851158811936415,-1.7296130466575728,0.06916451931607531,-0.6489483187588322,-0.6242156796246902,-0.4240268152276053,-1.0456961424305207,0.8016349565234291,0.5264720823864697,1.0713710408369115,1.024411161244039,1.394146405625201,1.5662402060875456,1.4245025137236182,-0.1851253248820689,-1.0442955199394524,-1.3667838819941136,-0.08874830472990072,0.42131241511343503,-1.8100256785539652
1.3870488432893513,-2.13011590882405,-0.15900414935092072,1.655837356874262,0.2697361165262773,1.0247675779157754,-0.7489725887138371,-0.5573126323191328,0.19715162478869763,-0.8110244056646048,0.06937469935245365,-0.5625263830245261,-0.11117670055370642,0.1386679860469572,-0.42392434090377495,-1.8108673764764793,-1.7624280061809372,-1.8380851798708393,1.3173338915524004,2.5032994634344634,2.262943859370293,2.1914677356516634,2.3421831895567107,1.67707161005976,-2.1398688014421428,-1.72375173615359,-1.6754413074299035,-0.8925576240897705,-0.831893644296461,-0.3721020587396439,-0.6343101328828948,-2.0040213945288587,-0.4926125239400566,1.1122288134630938,-0.2510733594755338,-0.7337327952057969,-0.7684045901910823
0.7452607030965981,0.31320852972220603,0.4958874173313511,-0.6624563408765208,0.041474094492776316,-0.49722581609771666,0.029179623908066887,0.8135382675054018,-0.6036707695886294,0.9745514069846801,0.2361338352653389,-0.971954635320215,0.13848535590785832,-0.09642930295576989,-0.12812709136765335,-0.4443467654492769,-0.09855284789138775,-0.46484479852468297,-0.23988487082720722,0.23546523102555142,0.9859832571045524,0.8903398972658396,1.4258482192178479,0.9434172628195385,-0.7411709730499726,-0.8501145243909871,-0.6039727742358192,0.3838955147863195,0.20706141227223188,0.9273261012945448,0.7811480355997715,0.31319305505520495,0.9137631307774727,-1.7701375454629964,-0.9525040736618992,-0.587008985129076,0.8196499826612883
-0.34753845034347197,0.39610970411617324,-0.46717296196823926,-1.0323953488417172,-1.121994014079687,-0.8602127901082394,-0.31409973589614426,-0.683058376651344,0.5476902322011589,0.0891172318736871,0.752735617658393,1.1847847574917485,-0.21135185567360257,0.3847581347967801,-0.7269183718403813,-0.9688195974535354,-1.4632851953850612,-0.4796851865779512,1.078702636121307,0.688261909809364,1.393970170070846,2.042687383758741,1.6168355596760238,1.5235984527176794,-1.9564709665534665,-1.763278203461488,-1.3766151833971163,-1.0446390981043954,-0.8499391514456515,-0.9592800622089064,-0.7999883781144809,2.019934814900843,0.29332354984003844,-1.0188234123972706,-0.7275871601995997,-1.0963078706243958,0.9842139244615785
0.9392578948506537,0.5039067199017452,1.3967612592437908,-1.0600436899172696,-1.3406490696465263,-1.24419287200853,-0.5813309286986669,0.03708455564015826,-1.7624887374581708,1.7188303699923684,-1.298560626887084,-1.7659261573591472,-1.0964552801526355,0.689516742404635,-0.3712139617356425,0.8924087565520303,1.2627133474944212,0.6564438909280448,-0.875942687206009,-0.32813706961755623,-0.02249153333989181,-0.42728925042379234,-0.530130467916467,-0.6015259921711489,0.3899478058067378,0.5431772784369138,0.4833278397291952,0.6219041565541201,1.3161147283046064,0.8087926871244826,0.8295395374187543,-0.28151335049918497,0.9592205327287645,2.0383583960962173,-0.07852976649265327,0.28167886668343023,1.5656588238376614
-0.05851330961486047,0.5072840714013063,-0.4354946650550195,0.1286601565938797,-0.7335909550591799,-0.7010462987546247,0.8488043981712544,0.4018182315794138,0.40993644131949475,-0.7382766512332792,0.052090015022373995,-0.42993463850000435,0.7616680382380936,-0.23885941723516388,0.010520874608181942,-1.7434714864634187,-0.6786796777050125,-2.3920466256391997,0.7566899753313169,1.7135322464598337,1.241197898827527,1.393057554748522,0.40298915142673647,0.5233815124887279,-1.3241677361906605,-0.4356834049841754,-0.3555402454308204,-0.03381947870525881,0.0319846989174363,0.023805340713014274,1.2597251093250141,-0.21574194879424974,1.2680463959977044,0.17072166098657565,-0.6424294573363503,-0.158991283656513,-0.07642713623747642
-0.07622208968857773,0.22068292571364642,0.13275342824903483,-0.39176843629816294,-1.0246116326372907,-0.22023460932880665,-0.3010172389062338,-0.270748088602759,-0.08793524770140751,-0.8028016002584268,-0.06756703062091539,0.28707122978182914,0.6158629138180741,-0.10556747670383093,0.05240792952471909,1.9421858224819741,1.0634312881720596,1.589712638182272,-1.3094895506763902,-1.46949067830566,-1.9715827862580326,-2.0265311152757373,-1.4803104045394748,-1.616092736494682,1.4434726813838503,1.3119714876999775,1.0970609160355567,0.9782439075331042,0.7730653016612058,0.9441645378556597,-0.07233393335528651,-0.9075740818535176,0.33761036303544323,0.21207710595908763,0.522435994509882,-0.8541814067620981,0.7364970165862681
0.5162041089378553,-0.4313819553006453,0.08575971419568072,0.7011066608716853,0.09043118492287282,0.5710692093348502,-0.724795537774457,-0.273225345788752,-0.04881759657552335,0.34730192244680275,1.088026963972904,1.4453958855515607,-0.8020699458268876,0.8248219245611348,-0.574049514883017,0.7216703806087196,0.1754236957197863,0.9757214275640262,-0.43103097944900315,-0.34865900319634163,0.15887159594283018,0.14317716747582535,0.18402529466577217,0.2610706379825515,-0.009072899242904086,-0.22123137289773545,-0.33025477907299533,-0.2267899427808859,-0.502740813400841,-0.5498793414181339,-0.12178367728529742,0.44065359384473934,0.14511229539456835,0.6696900184942106,-0.8036340624656,-0.19193244850795602,0.9081934984315165
0.784094491645548,-0.2840077404172386,-0.11542366558512085,0.14208415746531705,-0.5655653361573995,-0.10594008026343009,-1.3945498834015522,-1.0796855450220497,0.36862867044313063,0.16925440052856983,-0.5727892216144668,-0.2023750272450551,-0.4017714348540004,0.6724569954181291,-1.1549388303681252,-1.0527094993195187,-1.0209871288631474,-0.27043167252933653,0.6805252322262407,-0.10279107063240549,0.1046821955036315,0.38718710622983016,0.2635172072637807,1.0648556361834824,-0.2576749289801511,-0.2697898483960726,-0.596041861819919,-0.38394221322414973,-0.0250623556770252,-0.2675990239212688,-0.26253260971858855,-0.7067818340294527,-0.988685772450003,-1.4984382349652954,0.10345754621755589,0.44543114073932744,-0.5152810601793156
0.9978613141875645,-0.4127734812499909,1.25570903584617,0.2474022371772443,0.06618523853386377,0.025249398448335958,0.08790004838534655,-0.8930583585449196,-0.4827376986990173,0.1576105926022205,-0.8322718741433852,0.28535564765917654,0.051430771371471284,0.1190249742984176,-0.6138323072190951,1.0641096968192503,1.5036100755338129,1.0553651835072575,-1.9950035949639702,-0.5828858080155528,-0.6688334380980854,-1.175121905808825,0.12366513180532128,0.2578620328885209,0.40625865662961874,0.1579025576866362,-0.1150905341635023,0.9308511331542374,0.756234767273628,1.30803289618768,0.6003314274033351,0.9785037086969345,2.0255069081467143,-1.3525366153462157,1.133093877025136,1.8974029924852258,0.3205245982217692
2.373259341761395,-1.738207185016869,1.2464589029004371,1.4804655208184756,-0.6353587292622627,1.8048948338243394,-0.4238677972018453,0.06893089525718933,-2.49582687417038,2.176800960531121,0.12853144951999768,-0.6862289021806608,-2.49126380812496,2.2925608467011265,-2.0462194966393024,0.6271188109464978,0.44227286726963366,-0.18097157358017898,-0.294913581366187,0.04856159996766187,-0.18376306687589958,-0.4584762630907529,-0.4205971318521845,-0.4886471355691503,0.12511508744254168,-0.014170492329896837,-1.0961890412415023,0.07625010520967376,0.8826557532100903,0.3953827135506864,0.12326566653601756,-0.6934359319279332,-1.441731546799846,-0.4077979415758291,-0.08852976981533028,0.9902239384593755,0.5764141914365452
0.3494667342305179,1.0171173074286741,-0.05072947846320552,-0.5509352309028208,-1.0345023779709173,-0.2685021776675025,-1.162044124987169,-0.9171883141325204,-0.503727009864803,-0.37942482931672794,-1.463306179846134,1.1858715992606332,0.37495850114962004,0.24872909258471196,-0.36386274847211814,-0.019807224183883913,0.18125263472027525,-0.2228105199639501,-0.22760464285426807,0.7295837673862575,0.9138311815628739,0.83642804506826,1.372196083523988,0.5410915277941314,-0.9353825677241748,-0.7049555335447119,-0.12026955846067097,-1.1678950520818978,-1.0609739193049492,-0.2611841288450059,0.9385418424840951,0.30168476197574373,0.12315577455291862,-0.8642544548084286,0.30565089008629676,-2.322550974806402,-0.9047915893749877
1.2932642186147898,-0.43378253824794044,0.09504071653736414,0.017845531427993652,1.0821999211170477,-0.744201479534502,1.3332614342732112,0.9830766591064571,-0.5050253311256192,0.030114247782375477,-0.9102280757889671,1.7074525704501147,0.7664937968969094,-0.4520142423726634,0.09667215292525544,-0.7145006282146512,0.6479149497547421,-0.4022590086109895,-0.1545707827897801,1.1447073844626547,0.6340498686353531,1.0552260837559786,0.32177380444593173,0.2989547455177395,-0.7113527993401649,-0.867325415982981,-0.3823840421986411,-0.14003049633312514,0.3822711981088596,0.7689999313283994,0.9718339380386415,-0.08479982592332178,0.8503762712262952,-0.03948151525960062,0.24206582060209386,0.2135824310276425,1.5054524685020525
1.264987655024855,-1.449716180505675,-0.2687476325155348,1.1856292741842354,-0.30915118806027525,1.6898221357609313,-1.7411640730636262,-1.6311631849294606,0.09169832821599266,0.13724406984180973,-0.9423764325840424,-1.04193545321207,-0.9087633077378318,0.7731797450112206,-0.7307755041941217,0.5769352589103024,1.2301196347464152,0.91379593675678,-1.7904428254582934,-1.6733540867893701,-1.385189675972002,-0.8772131608582295,-0.5878951242663218,-0.6135279471757756,0.6653837810699632,0.7879644511155497,1.887652736518582,1.5103333510198371,0.9257293395116475,1.669202941342474,0.6468192414667965,1.5098434587730805,0.8645716426544003,0.5185662697534279,-0.04375439039202317,1.4095765064421093,-0.08255090122274122
0.6752366610128375,-1.038091504285578,0.7867979581733641,1.3557612424848304,0.2962902014500563,1.4756676085581457,-0.034264925873782985,0.14959075832946234,-0.6678948042495579,0.5269954148287953,0.27214323275986896,0.730399821247819,-0.002747026408245856,0.24286923165188712,-0.27371248750290433,0.14472382600806144,0.9226626505067763,0.3628728329339382,-0.6630313392407886,-0.8816948655033259,-1.344985401183266,-0.8972763610167791,-0.8940948275454437,-0.40231957494058423,0.5867991923006701,0.7217864580343099,-0.1743464994397377,0.6911145834632703,0.23014729439757253,1.1850794362966215,1.2964225407701384,0.3690847361829825,-1.1741356967880106,1.4182182245769483,-0.11906559012490796,-1.371522812252292,0.0363409223460801
-0.5576333223502776,0.736456476782257,-0.45761602524469247,-0.12412308330949301,0.9861911250980552,0.25481392550575915,-0.5549224132515892,-0.25715648785987594,0.7407520907673634,-0.5185477253280466,-0.05266989931848538,0.2956847941292643,0.7209746419133937,-1.0117871969412957,0.6473362774187676,-0.6817177775964197,-1.0162471095137002,-0.7253878675634565,1.224850269349168,0.5000854883812954,1.4498899412440434,0.726805263556295,0.6796706803517433,-0.5335455335556494,-0.26945753561336644,-0.19432349882318392,-0.4040551459435313,-0.32011291654540935,-1.1682514135462636,-0.8486361722362558,-1.0248642235060492,1.3424542729612907,-0.4254049017747381,0.8426780231569722,-0.6254981645965033,0.5274018880376616,-0.9408649067216994
1.0940262095947797,-0.8271916138172647,1.3998594595214124,1.4625186675072046,0.8864482432063221,0.7136520872046949,0.27272216915245556,0.4789464881807273,-0.8925151779950168,1.3682694068611574,0.2083002945216133,0.6507356656251042,-0.265574231549216,0.41780546116642125,-0.3467846117255311,-1.3472323011615266,-0.43420050201340354,-0.7686828522887033,0.7029785975996717,1.3584047267091388,0.8873419949284395,0.5343543756157557,0.6300180390711281,0.3859151381832169,-0.4691992033683624,-0.2728028661687832,0.5178665748383287,0.5893191267084087,0.8920567149933913,1.7147531956073494,-0.43607212851142635,0.06950868933557372,-0.8114401346763713,-0.9547715985603393,0.0998466802685907,-0.26475925348335244,-0.7822305221331982
0.4320377155212543,-0.20682205412667448,0.6543320274228028,-0.32254316129307475,-1.631116838600249,0.23719156872725652,-1.525813173181995,-1.6779539785800266,0.23977187902279526,-0.8402057563487303,0.9714536726114613,-1.390566584110864,-0.39886762164233036,-0.24103656548558702,-0.10171607585054296,-0.8459033765009262,-1.3707640931417262,-1.0569013293893472,1.3692364604788907,1.2207077826790234,1.3719618267377531,1.010185827137631,2.0481424649426563,1.885920404107412,-1.3089198867290457,-1.339486189864446,-0.8337267361529721,-1.0517233308882543,-0.9025584332534852,-0.5564233291086409,-2.320449230788935,-0.20866670053947614,-2.0146865894467023,-0.33817427474976963,-0.3362115911495469,1.129140993551002,-2.1209953770195895
-1.331577481374856,0.19947903105513293,-1.7871133017832226,-0.5191756114819133,0.20047773551386658,-0.3065028319562141,0.7872392207570562,0.7130048010041437,1.1747605051297836,-0.8792930014529433,1.845031832093164,-1.716707906299399,-0.336212121410077,0.2260639069232908,0.013511480085678573,-0.49250557656300964,0.6963589732568228,-0.34914543522064057,-0.42447159061648954,-0.19058986402349143,-0.7210752174871101,-0.703218909315757,0.10611696825779288,0.14999504751163106,0.3029851139636919,-0.2522281181219009,0.8252545106025672,1.1912777307425082,1.3231833757846128,1.3338314785145413,1.2648557371109683,-0.07668103422407874,0.13496200544520964,-0.6089628960700101,1.500637711022826,0.3793598117540461,0.006223566547476821
1.0093935164788206,-0.3452132435349962,0.7126246863264223,0.18562379448950347,1.1320514327178015,-0.5160006373982868,0.19284230231802355,-0.1710611640173864,-0.997164236163325,0.5064791263150331,-0.6462362951525331,-0.561356957803379,-0.08667789025095912,0.14748136088487132,-0.20836679607814232,1.2025700906969894,1.6283818089421265,1.4032801665107666,-1.4949601351061348,-0.9654829223419706,-0.9392197571036051,-1.4549019019039873,-0.5893281862409343,-0.6819407337361586,1.1181348682560917,1.0871812656281965,1.7893193153465945,0.6313344542455416,1.3724388708034987,1.285741477102163,0.5677909403173669,-0.8067803606161398,-0.7286022020817327,-0.9769580633381516,0.7626810314309181,-0.9153847300625827,2.321314065331446
-1.6747235796156843,1.2189507689651793,-1.1981294124619253,-1.7625516923308067,-1.088663345743694,-1.2360616603822236,-0.9615868071620609,-0.5515589459599725,0.8214416075905773,-0.7776090972009428,0.45384351015715335,-0.9454034543957145,0.5440124464549444,-0.3239186794483437,0.8902233616726726,0.8955362808774641,0.03525431922775336,1.0515953187407052,-0.2636677447724352,-1.3288426010501355,-0.7857881228289728,-0.41675387100403966,-0.5559180143969201,-0.6631291894908975,-0.019214253593453537,-0.00012753548768769087,-1.5198566388326704,-1.3707294449602772,-1.5704708463053354,-1.560964456062674,-0.1578619607624019,0.49075434095156706,1.5354527388225157,-1.2035743467676085,-1.5105294561268123,-0.22878874455213308,-1.0082033820393588
0.6371607429233018,0.7492210633272285,1.142831242949358,-0.24216310627572105,-0.6009232972159586,0.3576275976531045,-0.7964352960671734,-0.8206073191267887,-0.8794565914522887,0.9135654311639498,1.7589016256128078,-0.6965684007825844,-3.0277072820744046,2.9453168713261917,-3.1860175168701974,-0.43833927367200093,-0.4993943493697413,-0.10128177178935956,0.34853689453244446,0.4924290553186581,0.9306182077552883,0.2903800417138437,0.9452648077565107,0.1052166685821859,0.043477424155614175,-0.06092756168055234,0.11579845621141095,-0.5637666849318494,-0.9647064454374137,-0.49614836350261676,0.0025241185385044243,-0.726074289766691,0.6287422977487318,1.6921612016115395,-1.4546637089354681,-0.16933576144618093,2.765816465672672
-0.5826343206230765,0.6370999796760375,0.4388823899822912,-0.4378099743807442,-1.71882347173961,-0.01886049776928905,-1.46311677823203,-1.1435491776093651,-0.2913737446530786,-0.4001928810484122,0.9755357269716166,-2.8486638739654064,-0.05977852199411533,0.3771242641428998,-0.5505588924766407,-0.3987821610137589,-0.546342559641492,-0.07895788729767773,0.38606268987322107,0.32943810445943295,0.6323430161795738,0.9195505315263647,0.7589611683720912,0.8228414504384028,-0.8499567941781984,-0.6443643974803723,-0.34321170648496363,-0.4421456503559284,-0.7581180432246688,-0.14033352268875965,0.12176916676781065,0.07333189670010386,0.04439890722446148,0.045741396803722835,-0.1827781702002089,-0.15072527408265363,1.2902007207695243
0.14472478141371053,-0.18657773637431188,-1.082913518525189,0.06740176951723778,-0.34883304674261223,-0.977082939287775,-0.5116660518292905,-0.6740208357492455,0.6587523031671574,-0.8888234496123182,0.7263573941118388,0.15242552117859573,-0.6358730879083841,0.20408075958894561,0.10328202939165,1.0284259137287992,-0.12508744252908147,0.3808207762949599,0.4331011078534258,-0.7174832267562185,-0.7075216481146643,-0.4105045304424068,-0.6933647878289917,-0.3210124364538677,0.8322807868052983,1.0028732601903032,0.7831909506782134,0.2851089546225278,-0.7944722763256283,-1.3183294895562798,-1.2325326109867976,0.8129112160933748,-0.4791741286102152,-0.18810127992600678,-0.44870838006038427,1.0979575341994439,-0.49329697293014096
-1.4387600459679988,1.5198129112757954,-0.25434081775911493,-0.8447687105062992,-1.5521188815855846,-0.4402076379499995,-1.4061778881774987,-1.2373183818898121,0.8704376637800039,-0.944117717381938,-0.7585205671194225,-1.919744064311169,-0.08190137972283207,-0.22196988587171088,-0.13780924943864714,0.2916897478597716,0.946202709780332,0.25415270301771603,-0.5632667816171775,-0.23523129204858237,-0.5189123996079942,-0.823818564439532,0.045137082957084664,-0.8050286365356024,1.004272323323849,1.0206927777455017,0.5393803728555457,0.9814032849338568,0.7352806075002094,1.794631560831342,1.5761338092367772,1.5381597772304334,0.11947109953541622,0.5172802044918031,-0.2357281770007554,-0.8737812382521339,-0.020126038860894487
-0.7573287573375269,0.2685896890695873,0.13176035434796027,-0.6386990438641645,-0.38220615347553144,-0.7146224930880507,-0.6951195086604697,-0.7069412705652012,0.5083271502319079,-0.21209494711833965,-1.51227681092125,-0.18448408264966448,0.787853264431913,-0.47989428170359055,0.4534506006022325,0.2775127835444417,1.072498130784085,-0.20682030698281823,-0.816531600942488,0.7412093131515403,0.16146420844696957,0.5385918162425135,0.3931186900517247,0.7544461505219909,-0.6731558328083678,-0.6227594619789288,0.48812630008262775,0.2644660247422089,0.662421963172747,1.3105130855118117,2.1420084754324424,0.12351455042494909,-0.2583537216341364,0.5665517644468692,0.6020440720544904,0.9811620869705898,-0.1735170142942141
-0.5535224845398466,1.449426275143153,-0.9436984226945749,-0.7324826304652297,0.2644062560101345,-1.6636350502866943,0.4346397975908523,-0.10525791413763681,1.4041497910790697,-0.6066646924312461,-0.6597214061757221,-0.9801989343043185,1.5564231454972521,-1.300378334342677,0.5733707109187557,-0.6961012133704276,-0.41841287593636095,-0.7562654711083304,0.4020026575141208,-0.09673738455552533,0.5902724208083256,0.46675151233161916,0.13147756326022844,-0.2899758412407374,-0.6097410167587981,-0.2595717444073419,-0.2198133322430634,0.803791060677769,0.7050583553937001,0.35527055216022146,-1.4974225191852308,0.8188907600914954,0.07305445109734261,1.1490660957714829,0.2652448682691921,-0.33069633606717586,1.5659791948065953
-0.176113868925586,1.5321941382476605,-0.15304427423228611,-0.49606485218347646,-1.120262145925908,-0.018655105226921532,-0.25195902143959853,0.22714771896697247,-0.5235765759312268,-0.41479776144886105,0.4025686408622877,-2.096333105456777,-0.17042721846013184,-0.32574410364263945,-0.04696199132949005,-0.10594693126397568,-1.7797929896395976,-0.6670247069638785,1.1085632849513074,0.7647820035901692,0.7191884633252873,0.5116363835099104,0.9289760683295135,0.5165968255824716,-1.0110376270002046,-1.2637464914315304,-2.9641769912462532,-2.4657774451718217,-2.851190329189395,-2.2285980476572913,-1.5569013479297402,0.7000790377954549,1.9389047622279947,-0.705255295302478,0.25509681080303753,0.19770570937415496,0.4425560761169991
-0.6259775657295611,0.9628420391701511,-1.8806662771991283,-0.7163480124902895,0.15410841532065978,-0.17490280573729036,0.15074175139828072,0.41754220007839893,1.8976477479612917,-1.9511354976426127,0.374965099723752,0.02172393402103196,1.1018664249188614,-0.7077152263828488,0.3549101500323104,0.023978678404173708,0.11480242754671541,0.1790636872462101,0.10609060941155048,-0.6142142151408249,-0.4219388472623065,-0.5278049829523653,-0.3070431903683828,0.8296625648047978,0.3025678929186586,0.19839847058350843,-0.11728376803302337,-0.7654347463810648,-0.8184041972324939,-0.7297313152626069,0.6668461966298165,-0.4194031896025312,-1.0821385120610196,0.4361023377808906,1.4003331140615909,0.045812940221009034,1.0707616444251449
0.33239666641318627,0.1044389577148135,0.2006820819247264,-0.11564382583956048,-1.52956672334075,-0.10652793729945058,-0.04584247656514477,-0.5643514973506403,0.8489874887286175,-0.7861782951371555,0.07207976021460948,-0.7953350412991278,0.7805612924949838,-1.296557066901579,1.1526396955980138,-0.07315315203810167,-0.15692037350536744,-1.023855615405349,0.35522725357198476,0.9545620777546365,1.3704696361194704,1.2120486015675367,1.1101742658692522,1.824255121181526,-1.356606824172383,-1.0365771025117183,0.4792062524862332,0.24220272219568043,0.26910092637173844,0.3869234638344903,-0.7356508822206191,2.060184147162561,-0.16951465580812106,-0.8720332182671929,-1.4463634119701492,-0.048843130674855365,0.2924916132491317
0.46368946338678646,-0.7371665258732906,-0.3929723573652753,0.7178484303748482,0.25292520432499777,-0.010176910737646414,0.25252872388394654,-0.10705116468455585,0.9988736257749812,-0.9157854371954797,0.9959313247898189,0.1946378799687514,0.22245108407316228,-0.42789598852184135,0.7138460945859578,0.7666175563241734,1.0478356940643136,0.9587931204785185,-0.9431658337810034,-0.654223246801841,-0.321820919442138,-0.378366830931865,0.5120438291167481,-0.44827393658894454,0.850546543441959,0.9587474534290179,0.0625957433154114,0.37552918239336586,0.7947128343333563,0.6340769337131005,0.507332498633624,-0.6124436009965403,0.7216367411068243,-0.15417840324828247,0.05258044762355677,-0.0405994201403437,-0.15166751730624992
-0.4752871544579637,0.4035054808478774,0.025619703138565087,-1.0781923420383126,-2.3385608305361743,-0.05492457875419828,-1.4143640368356252,-1.5268458477054112,-0.36130647440371955,0.5379813496341513,0.45103801930262893,0.5365635319644075,-1.548211385951001,1.6596724336982585,-1.6489604343875717,0.7984536036432085,1.8726667283821927,0.6952124061360975,-1.6803799470315008,0.2556124513019735,0.16193183530654506,0.09106702699054585,0.19425582520332527,-0.6060498152827142,0.46032559763253106,0.37592722664609984,1.0635975934631,1.9383217052856694,2.0305105278586653,2.007241599893945,0.6888867207538161,0.051954807802170266,-0.40527865234202265,0.09163959879898713,-0.6332079355424739,1.4377516378241582,0.26249789552442876
0.01842907781303763,0.3019040940169476,0.2983548238682627,-0.3860174000426549,-0.06582196528025915,0.010632029373901647,-0.5030202640107262,0.09304792433300547,-0.4565759400395982,-0.24647871324199244,0.8798375846144197,0.6338901249830103,-0.06426660942168395,0.2261251748326876,-0.3229291550157717,-0.9154743613816685,-0.6084392653045554,0.11316642187374952,0.33679647360921916,-0.08928420692209198,0.2517522347690363,-0.025243603620014026,-0.5908701498090523,-1.1051223131467485,0.3610713055683557,0.44941424491386833,1.0121344688835872,0.4037890562140442,0.17310242243600332,-0.32720464367822644,-0.44554024995638547,1.40928121146654,1.6118951551170684,0.1889524905280147,1.3895301744090436,0.819753889421138,-0.43033592044951086
0.5191873996223936,-1.1105115467823738,0.30176268404104406,2.002511333063334,2.203391344540026,1.9472304865681598,1.7171097921297775,1.9216748840624176,-1.2451701353209723,0.9671520889094118,1.525472735717307,2.711265262594183,0.7130493589411525,0.07913449940082537,-0.3400434204834085,-0.4893680204098925,-0.8182098827439508,-0.5348179397278762,0.6712386448864935,1.1446421464551837,0.7267432031443233,0.49907465674458557,0.5590123746180427,1.3706867317001752,-1.5454211731892953,-1.6351411256595458,-1.4532190425147453,-0.05966247904858894,-0.21854796315814662,0.7972622802657464,-1.0069976957851134,1.38472461073932,0.6931929390798821,0.14498322811810685,-2.270183429357045,-0.39146611269451104,-1.4178234282321258
-2.3034260961003676,2.8913013515642505,-1.4802344858010836,-1.5055929440440967,-1.2761498388848755,-0.6670227394363903,-1.2165083976745228,-1.0108866161323828,1.9445888375029297,-1.8575601030086468,-0.06289410834544015,-0.791588828124209,1.1265527156481974,-0.9372307643296522,0.5024205991652121,-0.6798179703075878,0.36963253160686826,-0.7011207305549624,-0.6053616986678889,0.3050349520077423,-0.4412360558118636,-0.5916171817895904,0.023809950045310575,-0.34894163760513996,0.6965489386714384,0.7097704800901521,0.683725157884307,0.43693816928955764,0.6647120634124773,0.13522321538937648,0.9119760040283114,-0.024393248747583723,-0.7299007113340013,0.8334612538039212,-2.2261337517921564,1.5638104495160945,0.722831588935641
0.42829812449265514,-1.2569890061904847,-0.23945759910119524,1.1390570834452256,0.8575885565173466,1.608472589264785,-0.0299242500054162,-0.6794530252734647,-0.45045985275337264,0.7739037832296041,-0.4743252269906286,-0.3148901019975395,-0.5461128147451837,0.33408990605945016,0.008895107254177413,1.4325831466450367,0.10657563418270806,1.5714027255583705,-0.16383568668591889,-1.6240082344982432,-0.8084027962025795,-0.2647292691788491,-1.1146928795226017,-1.7759488395735321,0.6013315302779593,0.7604658803134084,0.5617578179640398,0.1773815950772288,-0.14009236119295032,0.12912254489864902,0.2001323669114342,0.9475507948521743,0.2100625516427635,-0.5592251459502248,0.25409981040770535,0.24913273948262632,-1.4640777544228767
-0.6737466375336619,-0.6236550419088892,-1.2453865498570047,0.25732676683165123,-0.2466594155620865,0.3943238620815334,-0.6546180981214056,-0.40137223644987424,0.6425686326647072,-0.4950974596059311,-0.1996672024984154,0.3294256825943011,0.4850126821227585,-0.05519807591557119,0.10180892124685045,2.3127571191783254,1.7064173266086944,1.9380396861282712,-1.4077953749985017,-1.4938784183369325,-1.5795328252588465,-1.6799486841875997,-1.0179590040609934,-0.10844391981693188,1.0647013976474096,1.3684832256838924,0.7567851145481413,1.1132000756346057,1.3638379529190094,0.8858954897121576,-0.6714700177438846,-0.26167228780602403,-0.7153559116752313,0.2160235548534715,1.079124954251795,0.3324926062964364,-0.29985931089256873
-2.729689806717921,3.352474430899363,-0.4636359283452612,-2.467221169317908,-1.2049203575283705,-2.617483396572115,-0.7625927302816075,-0.618584349302148,0.6976140500368954,-0.8129042274720607,0.004539345849158195,1.2349207957388366,0.42048831023369654,-0.06653896213338677,-0.04879643811573255,-0.4521314400369065,-0.14170514885705562,-0.2702687670045215,0.24328640573493815,0.3593342263095119,0.17369403704325362,-0.02286748641572248,-0.25813864332687064,0.12915186273958917,0.08198057052971114,0.2542935329797919,-0.21458654271853547,0.7640308585663927,0.32214838418017855,0.2131945892144,0.48117484068163874,-0.5252527820605938,-0.8091013681027133,-0.7204316891631893,0.7246369300410904,-0.8684537663656587,-0.46143645787431997
-0.4196628946989504,0.8133718189230598,0.4102073277275474,-0.7575617290527753,0.23455188437393829,-0.9945608366991268,0.9528924386492231,0.7254202192483418,-0.24059222441886785,0.8545655020981946,0.4298763612553036,-0.9322929124972233,0.03604283005343363,0.0590905675681664,0.455008177411319,-0.1503913086478248,1.3846369996421641,0.34128135693218625,-1.643967943217947,-0.42775290870962185,-0.48549252153968697,-0.003201231472773693,0.1281238823545588,1.4136695354980287,-0.7581233256026345,-0.36300682572140885,0.605342909474367,0.8540040397156032,1.488621076324292,1.5072529472996237,1.1268482978997716,-1.246282605849869,-0.14054673062787398,2.9430926523433314,-0.8560450262600424,-0.526926190399467,0.5619114689432303
-1.0459541067098386,0.34926403608429,-0.6426553610515248,0.1491811536558434,0.09939039609143095,-0.17604286854800255,0.4147790263874095,0.9280783139410916,0.7125189248468788,-0.8703253618147018,-1.2546413737583786,1.337394100029805,1.428236525143098,-0.935422548371485,-0.025612069382867152,0.8767678480061172,0.07071149288044115,0.6266230128972796,0.4346500839297193,-0.7002723102381345,-0.9030991709776848,-0.9578633075637768,-1.051401057224135,-0.5115623681551221,0.5824681769072083,0.16736700218285974,0.02672238673736597,-0.8649871435846476,-0.6101411481165308,-0.4848685771755808,-0.9034804296333726,0.6821492519138589,1.2892782647509464,-0.8737161485590605,1.4608068137113062,-0.7188905905295142,1.4323383739464088
-0.4984006146517414,0.5189013213306857,-0.49490540354942136,-0.8540697961864794,-0.9556786263776799,0.02149259012523073,-0.5732969658763656,-0.5997548651425482,0.0010788763050147232,-0.4054164663704568,0.05759431729632519,0.05907741435211732,-0.0987911359690723,0.021369630081718886,0.3029884750080797,-0.7000043321226463,-0.6329472771625576,-0.041008827373847756,0.639821981928001,0.636324898139435,1.0586323827510191,0.7463405147011356,0.812161742555855,0.6245069965062251,-0.8204546957337423,-1.3879741673332144,-1.5807584213303028,-1.0095425638133875,-1.8151290899247807,-1.5205832308142615,0.6917750611208114,0.7870407040175692,0.761412940935171,-0.6624349044559751,-1.2882959251153947,0.05957701987272816,1.0924872036673523
0.45360776132756125,-0.24991491485882383,1.968949395864243,0.3559440198019261,0.4801344348502484,0.4109178576063613,-0.1191002805953334,0.3850981396142608,-2.335758866346118,2.309390955400031,-0.08008220465967804,-0.20816672133565048,-1.3752015095944334,1.5537768656021338,-1.969423448745553,0.8997586197719916,1.5679038962118526,-0.036590237107016726,-1.7149349570194174,-0.06510073767778367,0.10509823450507923,-0.2309221208714262,-0.07970884047048611,0.07260251767074864,-0.47474947493539743,-1.0477542427695294,-0.4833225037892967,1.034065899350038,1.1910565017804466,0.8750358713319182,0.9855581724249558,-0.604126226875403,-0.020759377420609928,0.9139240143748046,1.2610545879703874,0.6150638833163393,0.5893757757280471
0.8434681894678339,-0.6610451581197151,1.7422584083897419,0.38307438755279016,1.7842882652767722,-0.08427004521203164,1.7341143206810647,1.4251469950818503,-1.2242638443385507,0.8068030110694544,0.7197235094320465,2.1110181411864724,-0.49490041310615535,0.8719541433664608,-0.7805904142969926,-0.0015941445229294604,0.06986075328122768,0.7659157644404871,-0.16992379968237,-1.1137278956992245,-1.134797821464364,-1.511155625328829,-0.7687120508129167,-0.8973131195754969,1.0331609441540668,1.2907441963760777,1.2928199794780986,-0.421800699228642,-0.22679412722508874,-0.5058302568546302,0.7628436420118841,0.2283068106240017,0.7978125734410922,-0.39243638621684285,-1.1555138727327574,0.3421489142829333,-0.6409419652075552
1.28994909228361,-1.7038128106819759,0.7119875009834254,1.4855441464568917,1.2004432759607702,1.0734406179162286,0.5978951211219045,0.19146705053733437,-1.1244455004327223,1.0047245446571584,0.8458600133916981,-0.6177895471618605,-1.467062638602666,1.556549339211168,-1.153418660667688,-1.7547588778783816,-1.61543601955656,-2.405315982728453,1.3771043537589085,1.8568772462562912,1.062676654935525,1.1826188745180086,1.7388899037701953,2.157048695097086,-1.940588492284746,-1.7038605881565925,-2.2822212610316637,-1.5355478898447406,-1.0517526881502484,-0.6154223563543253,-0.5387830923547159,2.6010584159997796,0.27580179743431726,0.9143203198520937,-0.40504900937741534,1.5690937605493886,-0.2192124772190773
1.3520689185427859,-0.9731175094282799,0.2849969373452673,0.5534421875728274,-0.7123633328322253,1.20503664687407,-1.271407937806397,-1.6671494964353795,0.09481026057869775,0.8377443749766882,-0.055531560906397597,0.33463627232929855,-0.8691285140361196,1.299374953553273,-1.7998035494204245,-1.3036578303524835,-1.5751202177207888,-0.49171202371439937,1.5600303364467325,0.7630956664880468,0.8087832856542373,0.23128596798019743,0.7407505393820342,1.383337274649581,-0.7810383537437287,-0.9468420729467006,-1.1511193103970232,-1.0673012503220247,0.21438549816495492,-0.19462143154591158,-1.5131418437494006,1.1031515946969312,-1.1892123724059103,0.1874974958953999,0.5901034491998354,-0.919146082157416,-0.356958302512213
-1.0751789781841896,1.5989589637501578,-0.7169374026300168,-1.5052847053997245,0.6844472758876253,-0.843256180667576,0.02181420068356767,-0.009789855542753209,-0.027580454074756088,-0.21931111039922493,1.1510049095577601,0.11000972232695422,-0.03876740419854885,0.014538515719641126,0.3784285055756781,-0.3241526880134127,-1.6967994459355502,-1.1950727613367798,1.2373290564716861,2.0884140960241426,0.7343766008933033,1.1119157404348325,0.6627682540343703,-0.4068177271410374,-0.8178449749777194,-0.8922200300612855,-1.768644727417668,-1.970508776970374,-1.787333244201638,-1.846692917911266,-3.1585734063759334,-0.9363017648904238,-0.14557737559859665,-0.36627571303849704,-1.523996315980756,0.08851786171156693,-0.49017243755277456
1.2089900092411552,-2.0373656526363124,0.5911498945715512,1.9365345073527802,0.5269714683698237,2.146690835264871,0.3566055766364772,0.3456341548477902,-0.5670292058375302,-0.00908154238285812,0.7483958664063343,1.2487565965819052,0.6734753137226163,-0.1618669700080173,0.10054865054196882,1.264094489104791,0.9278773005835171,2.0527050480107865,-0.8252310230157611,-2.0764834648273056,-1.746291998252639,-1.6944605957977892,-1.812804114119059,-0.9195159715902969,1.3094786205114164,1.3457782189704832,2.667106377490551,2.781328963008447,1.5822253341698609,1.0945051798036087,-0.17315697289846385,0.9586489137696788,-0.07227326463922489,-0.7143091605497581,1.4232553348238486,-1.3163126777218832,-0.4260911336416416
-1.2650993969226734,0.8037054237630109,-1.5361001755180075,-0.3795879534369277,-0.8755540303962701,-0.9401471158778876,-1.0283240179531352,-1.3257754400935433,2.2607930325702847,-2.0237522811459154,-0.8128233646144364,-0.03798874526874643,1.2840947100218159,-1.3357163587934464,0.9851877916017928,-0.8885865090114075,-0.8590964550449407,-0.7062156018078716,1.0463833357639576,1.5950883523129367,2.0203499923661186,1.8028511462439014,1.1440612132940748,0.28180117441660957,-1.395149437272043,-1.538053386955985,-1.4432396615971013,-2.2284162165354124,-1.250392839113077,-1.2357540231927355,0.34674615498486105,-0.931699266200228,0.7779575334531911,-0.7502321788489403,-0.41119372980157515,-0.9534304217775283,-0.45130305343359445
1.0544845477234404,-1.5761184191901854,1.6834457725037284,1.2942731216470147,1.6665912211999883,0.9150744099502982,1.5213533692999395,1.0076026059373857,-1.1774312220346401,0.8548230674865099,1.979404695520041,1.6888601683123268,-0.7706001512569874,0.8358406234598851,-0.7180365955952455,-0.5238499459074488,-1.3485307127709105,-0.9232246253903097,1.4653803902755433,0.864861566747013,0.7904624215952734,0.6898534015910336,0.518926692431943,1.8243445150838995,-0.5689979759253877,-0.7698580199830815,-1.0313014951596688,-1.015100188466202,-1.7309513878899383,-2.1441362491261335,-1.8086790260258938,-2.921554803819366,-0.5746726871109988,-0.3554550997374325,0.08605427279070985,1.2440029875554068,-0.4931433710307925
0.5593498336375995,-0.9212398225736935,0.7542825422706135,1.5280331404961882,0.6074789879112409,0.8533681992799328,0.2688686077252175,0.7350426154667067,-1.1059917760230056,1.355321457235268,1.5561866724217062,0.2946685055575714,-1.3237272228758588,1.2883498783487515,-1.044852833242055,0.23447862992810578,0.7277099467529601,1.09852155667384,-0.6412985145622241,-1.0991419202388593,-0.43549865869146964,-0.27357477173463146,-0.9178729779261748,0.1393820453471632,0.3415835433098379,0.14865633292110794,-0.1927945948820455,0.5105943139285524,0.06532330624904634,-0.5721155372681699,0.5092606644043941,-0.058978038091486835,-0.9272448717992383,-0.13848588301323753,1.1151762197459563,-0.4924199158769591,0.8533879194649566
0.1522587665851403,0.09098638855573067,-0.17072648653791686,-0.7499370540599621,-0.024680248741656086,0.2689157491265425,0.14598706003637374,0.4437620225337838,0.4333491905071173,-1.070754391106311,0.07917646414697754,-0.4055783355697766,1.4373899038041023,-1.4387243932989122,2.1062849661198717,-1.6784658037766913,-1.2060254952643106,-2.000270521234892,1.3046283450651859,1.4627489241210838,0.7336492129469121,0.5625783973560691,-0.1266606523311724,-0.7819873519652856,-0.07383321964723334,-0.27354712770967105,-0.6865194970884996,0.04888694163033549,0.06510447924802557,0.3037200700171624,-0.8064478314237657,1.5178988849397408,-0.04415190374008503,-0.7930881358375966,-0.8481574083084331,-0.834327902018772,-1.042230111554613
-0.9223977920142347,0.03850901491886239,-0.9345938754494998,-0.8092195786476163,-0.12210316554906726,-0.7206669967208068,-0.28235879556758775,0.5063471242334893,0.6166013536612968,0.8930441925695796,1.0590355109772172,-0.11820780628824094,-1.3848695531222697,1.4230669533660982,-1.401531836808402,0.323445003183441,-0.6921467327024262,0.16331229961223317,0.7589270321796725,-0.20897107218880615,0.7335983682824916,0.6465300586528918,0.6342831460331755,0.6401813650774525,-0.5438406364485192,-0.5132429321755353,-0.5185719345726184,-0.005042485325608974,-0.44463599303452717,-0.13530077190917714,-0.6585013578513266,1.3528504998671769,-0.6550813002891505,-0.07360769894528078,1.0133739143059242,-2.1676054845121198,-0.7350393186270077
1.1963415750168085,-0.014380926401525189,0.8504692851332301,-0.30660685242583463,0.20051408607349047,-0.570618010229523,0.13472382188038515,-0.5447173117367088,-1.1731573604263779,0.6354281455266073,0.24547284417190307,0.25513396931429744,-0.7193430550161387,0.38157053258554474,-0.09109836455202208,-1.5512425444213067,-0.480834686848441,-0.10145410120761938,0.7416177127632333,-0.2069219618138765,0.30762205171021634,0.6152533800862184,0.054055482123641155,0.6152526314513453,-0.37692372086769443,0.08394001019869891,0.8432222458140703,0.7948543399391356,0.6418552139862604,0.7017426416814404,-0.0029321128489544477,0.3369776857238892,-0.32723520676471113,-1.0541724479711683,1.5954678803443163,-0.8443689447654728,-1.5417744343808881
-1.0457874490708017,0.9375686172522312,-1.0657663954855476,-0.8440152538457782,0.715055809665587,-1.8222148851565954,-0.001911208236923261,0.7100753613680078,0.8234577573748179,-0.4131630152534871,1.098762275672375,0.6185897801398252,0.626375382372533,-0.3496576197396982,0.3595773629298441,0.5967994348709177,0.6556724946799626,0.7033030513451094,-0.7152374456239607,-0.9771596126149694,-0.6590714223365436,-0.5224481697843089,-0.011785196659178057,-0.38731917426680856,0.5762194269194945,0.2788945777992942,0.2848011846656322,0.1653256725565973,0.07550095936091636,0.6870011698387404,0.6188337230928868,-0.5780776285034885,-0.08013547061233588,0.7877328619962889,-0.710047777694323,-0.23323978938793793,1.291364192524463
-0.04423246631078492,-0.1853720398072656,-0.4220084417291778,0.9644130235445789,0.3878170760152207,1.5831934591822607,1.166795952317823,0.7361609073094256,1.0979778209313482,-0.4330997176395377,1.8122223895033347,0.7913186496455474,-0.1215166217559818,0.17921390251807554,-0.0598987760640828,-0.8033572503822797,-0.8827715670862483,-1.6903865490551861,0.5714441615378972,0.8604635481845616,0.48524581634618924,0.08938466365805654,0.08281131450265501,-0.7471931901738693,-0.05065687348785728,-0.07121694864003714,-0.9230842562907716,-1.0068549152957724,-0.08799658626145437,-0.4706517153821313,-1.4574390377320707,0.44572760285567486,-0.3878669934799036,0.978354603804078,1.323211579505094,-1.3911503909730814,-0.7983634392929448
0.04780879526748235,-1.1412848356476581,1.4445766509185916,0.8966634433371786,0.600439574535123,1.5571105990485274,-0.4802246396583469,-0.9777683799135303,-0.7480477835262167,0.750084892545754,-0.7858278781674168,0.26260745906728383,-0.5189789542902479,-0.030600679639713958,-0.059469119916056516,-0.9389716955626184,-2.6365584754316815,-0.9603267847145205,2.6193417703831368,1.6629161409819435,1.1226687784784626,0.8626993960858004,1.2996409316536417,1.0960167728094252,-1.0382320847820494,-0.8757400307232484,-1.4104548247636821,-1.7114353503075335,-2.6349808774882733,-3.0689982436164454,-2.639387557334838,-0.3066678929830405,0.9831621365177596,-0.6660913384796877,-1.8195725928386643,-0.29103178243634614,0.5783698811208181
-1.7475558856842224,1.5807937175661038,-1.8506390991811088,-1.8964776023715584,-1.9233297347685032,-2.6878690868432695,-0.07920951747469357,0.035394565244657256,1.2988577707572528,-0.7688255477617194,1.2951644969811638,-0.14186269212796956,0.7049688859250386,-0.584218024051224,0.2956927790069201,0.2972354514813301,0.4427093228557178,0.07538873104826677,-0.13508326613008145,0.41427364908103,0.328575530383101,-0.22097244490602297,0.574636728597734,0.3581462547737148,-0.2875400045191748,-0.13446443184179954,0.005666656583210698,0.54634298996012,0.5068882507364794,0.7975915165405444,0.30030944852868013,-0.5501233326127243,1.4425855723153813,-0.7216943444025267,0.33941185566656157,1.2500860777259566,0.40316382381058613
0.13021809352082703,-0.07796888422991782,-1.4241497200068753,-0.2748335558992658,0.47841041904514314,-0.09332668437370191,0.6696784980402691,-0.15978767875026406,0.31491536008589865,-0.2179819703028816,0.38801442126107255,2.245328740506333,-0.204108624845497,0.928101749637959,-0.7520330171867811,0.8275938099590451,-0.8693507536222799,0.8044556999827126,0.7069712890915776,-0.59317758947724,0.012404911959063151,0.20069612513058022,0.5777441658147211,-0.08269053238715443,-0.1891072399798854,-0.3209542553312043,-0.7732029099332471,-0.45241832428435363,-0.8327104916252285,-1.5084301319089146,-2.1107021586989205,1.0188317253561,0.8810427745387679,0.21228256316675725,-1.2854139379852259,-0.7377868776513625,1.2000616082522975
-1.1350070487641102,0.20399805817873035,-0.3459637472459744,-0.15926929261983083,0.09410677152893177,0.4206595954249483,-0.8499629197958536,-0.3187929437183938,0.7180816682172664,-0.26766005205035664,-0.008522309880010164,-0.6244613800143981,0.21276057809756976,0.005906232909271363,-0.3335732070098622,0.40251794081414805,-0.07437914522615963,0.32083509016351447,0.5074971264290197,-0.3297626186125615,-0.8981240942130576,-0.6377254725292026,-0.8836664626620708,0.0019646380732508415,0.36119049719265117,0.5110898826761275,0.2882353667931373,0.7876688521032781,0.3896876896468681,0.2807467285793723,-1.324507788907734,-0.562450755557996,-1.8015946441131707,1.2949640442310208,0.8946445365430309,-0.9750505697180862,-0.24429271907900185
1.443701164049838,-1.8115832023135194,1.7813210634773249,1.040103889061097,1.7201627402721034,1.1069675008327624,1.4528135014034917,1.3935570748949104,-1.0882144028371796,0.7173520503497188,1.7502868900142419,1.625163896799687,-0.034486571704475416,0.262338425087605,-0.8986203531076812,0.23093669922759164,1.333570629766216,0.45686010848790753,-1.1902151414072157,-0.3945899675212839,-0.35308886376404564,-0.6169143405233487,0.24022655376279298,-0.5748356943170853,0.9349797671181782,1.008612307472441,2.4598195296437364,1.4553330977528491,1.5658322393960133,1.4922036620613974,0.9649651673377903,1.0837885730963543,-0.6515668819837279,1.515291359946741,0.8121957675438299,-1.1564758571576366,-0.941052347941235
2.727889633548329,-1.3351294862037688,2.0225503061560643,2.13662038590909,1.6469033127257011,1.4563344694260443,1.4667170722146172,1.0431118326704119,-2.6106057208043834,1.8938468519210883,0.4824926450317368,0.040670005861785714,-1.0976641979819581,0.9134395998360103,-0.8276804401954627,0.24534437011669485,-0.7685023462581723,-0.5344103768529189,0.9844021312509971,0.17996841009921805,0.4863375740907489,1.1642886818550764,0.6792602081749562,0.4727385268228214,-1.1665567560043915,-1.245072897009894,-1.6139592779601912,-1.7637266074932267,-1.2284266033835793,-0.14079346052498587,-1.2263249117671309,-0.6283195354554949,-0.1797093301292728,-1.3614467346159582,2.03410328796345,-1.1744282192383175,-1.5156462984778207
-0.7673739986280027,0.4322544995891482,-1.6422985548135813,-1.5845930666336845,0.5000142197138618,-1.8033770307265584,1.29171036808437,1.5915345768999736,0.31288720553142196,-1.1836039566615395,1.5627068813587404,-0.6634942650676091,0.5563642487693131,-0.38285758137464887,0.085823635975419,0.4086865649606393,0.04152785783171071,0.08252512099578636,-0.38695250996591124,-0.5375459345617807,-0.06244245970119925,0.679719326489875,0.42701519233839375,0.43950451266464624,-0.8666665519049778,-1.2002886281080913,-1.8544815763062907,-1.1200665765546296,-0.7721538787385197,-0.9158611385287686,0.4374390719180414,2.0110824182932534,-1.8780539033993964,1.037038607221642,1.3753194126579154,0.5113397768658658,-2.676610525168918
-0.42085240614804753,0.3873852096943601,-0.3868420501021847,-0.7477897420299864,-0.5497065928009663,0.07884028767853934,-1.24444525777934,-1.1822326844399758,1.2819248109755124,-0.8505994932541548,-0.40215588774886707,1.1086737929526573,0.453104196745042,-0.4016125026502403,0.2758788114468933,0.47555636845720783,-0.8021587626994005,0.5570127778653089,0.9777271572625851,-0.17524736497226287,0.1693952028173795,0.17184710146657675,1.1637840988586552,1.1081627246383172,-0.7700432841309746,-1.0509701680071137,-1.293829384969245,-2.456715039866787,-2.6890363221151095,-2.5529537260065243,-0.5822028073032232,-1.6723079221851824,-0.889794528200983,-0.026137650568733694,-0.21823410647823197,0.021984984732724658,0.10655130802249983
0.14787769567944445,0.19603990898730478,-0.24339603490656458,-0.4766985567346444,-0.07705096677554836,0.06652813495664567,-0.8609813957994829,-0.7632906328906022,0.37582985619887344,-0.48614102659865893,-0.7992864518523479,-0.8564952968255812,0.33478193921518545,-0.46773742189561157,-0.10656695821825807,-0.3815718612678994,-1.1626628129215213,-0.7106396593099492,1.2324094686960638,0.5624098872284801,-0.15187808423279267,-0.383126453591348,-0.18442435946599944,0.5037893748062304,-0.13713639646728404,0.06675193291251844,-1.0716438097380703,-2.4429817025071663,-1.471457975562792,-0.9820282102115085,-1.1307717909318784,-0.9913519704050351,-0.1927225931667604,-0.0068589108892467875,-1.1379615220747512,0.9347355897349803,0.6867278129411818
-2.1163829698535155,1.7246882436084021,-0.5663764179279103,-2.038369517446874,-1.1801258533316605,-1.2547457050277198,-0.7499529606432195,-0.4170715403597153,-0.4617783959155385,0.6017549208741734,0.2746510771756234,-0.49296016173048735,-0.7858741271940327,1.4133857772632181,-1.0229870369603087,0.6856535534342508,1.195860427911732,1.1198444718562157,-0.5668360331813587,-0.8582356831619994,-0.2553514288054945,-0.15848500042980224,-0.1542242914970017,-0.2768437051504033,0.12287523205972593,0.5003258240476255,1.2051358713643074,1.6181357756747423,0.9353625387701722,1.088487399065438,1.194471449248761,-0.19335952899191372,-0.4550115713058459,0.5376453216717696,0.516219654539155,2.003056697295984,0.399733743377301
1.6497100388579666,-0.625331901564382,0.5800542920178677,0.8736803829548593,-0.02697778474474848,1.3733337045909744,0.09395500180159493,-0.17271832510335142,0.2581884234936079,-0.37246951812809403,1.239818225778735,-0.7435559446420953,-0.30589930492673834,0.6042082555356288,-1.441491463301823,-0.7925832205057568,-0.2931794662745493,-1.0595460121098312,0.4107283727914681,0.2792633631962459,0.2713939704642358,0.014468035175339358,0.09734688441844457,-1.4619782209961891,0.6847020970724346,0.655072673669501,-0.20451491061279434,-0.5933820284645986,0.1869020925729557,0.011186367965804838,0.05577198828637639,-2.0142565239302868,0.011043731739039941,-0.44370295053791,-0.1127641580553732,-1.8665147126507478,-1.4910968736020456
-0.3453207050657882,-0.12794229290365652,-0.0824345423512326,-0.23783773404720504,-1.7764653655917557,1.0704504716167513,-0.56684068632441,-0.948552093009199,0.8206099539160487,-0.036952364239170615,-0.13948619897879705,1.5212261452573124,-0.9700036859043085,1.0833906394191581,-0.8837179414532538,1.1302259801183279,0.6293284494044744,1.0466166058755297,-0.4363892450817155,-1.067004890034919,-1.4486159691255809,-1.0952339320106532,-0.6547980091485068,-0.766587037533679,0.7861044299019982,1.1305800279955551,0.2884083357504457,0.37133131432096517,-0.004242699293973478,0.0823393875142467,0.9487893033563904,-2.598701915820477,-1.4040338770952978,1.127038078961557,1.5057233291749668,0.35505985977691423,0.9355256340254557
-0.42775370480487573,0.1206061016357444,0.1118723032098722,0.18695603473594233,0.32340908097391163,-0.03458899576404218,-0.32929222197728536,-0.34946460925108663,-0.552471645346987,0.39757602856377544,-1.0688816933836456,0.10970046416830674,-0.09864955143516857,0.2994525046525464,-0.11733010660816258,0.8158439136734089,0.14064291474561622,0.6521530924260913,-0.38521721059299596,-1.0667054614076488,-0.965935924035896,-0.8704201281431947,0.22746191600758292,0.5980038698802641,0.3454962536940871,0.31492051550423417,-0.5831630565312245,-0.19480077023800452,0.347529149388862,-0.025874386231763965,-0.415377447178093,-2.0056569763468217,-0.46652817889922993,1.4528648750050523,-2.227036692154514,-1.1511671888899768,-0.705508902076491
0.6799619429481129,-0.8201035248082392,-0.109261396038041,1.50391461212406,-0.4021635405960658,1.0164103342844308,-0.9655342206274269,-1.4333289193026657,-0.516749202196043,0.1281978298558568,-0.7257165004866677,-1.1718246307016487,-0.24125308668375184,0.5107422190237298,-0.42070041175878276,2.238891207608753,1.7021499502783588,1.453362263740888,-1.562533551836553,-1.0950659157942455,-1.8703529634364413,-1.713521649188611,-1.3751922385823014,-1.2048863354675503,1.6247861217909612,1.2489909469552003,-0.06746203562685545,0.6309918873273285,0.5853590197688959,0.713671028550699,0.8779487023861225,-0.32949939302707637,0.1569426491853001,1.490023246432406,2.145233297535653,0.7659342403916578,-0.9026620535149623
0.06512089069770369,-0.5155311428727158,-0.3606730753641914,1.061426793818355,1.0645166337905216,0.6173471721670891,1.972876082338613,1.615805620000228,0.3137240545158221,-0.4622074674971935,0.30326214407732266,-0.3666414887487791,1.1137069946570088,-0.9859971565987978,1.2487401924273271,0.5425258411859821,-0.7071709507960975,0.4937774754088382,0.987188582133104,0.0020523215540358265,0.25740463014014064,0.7805330261178433,-0.44000390381403337,-0.44658360040552536,-0.15475989071178936,-0.207975111022099,-0.19635904624085307,-0.41571866877387065,-1.1734851726622455,-1.7363997950599215,-0.8515696721173909,-0.3042281555194535,0.012623606135972854,-1.8006845279637418,0.4823851879608955,-0.3002062539141519,-0.7266861483162069
0.14597940043830684,-0.6336898400896738,0.40160924981038393,0.6218811974570116,1.3763439480087907,-0.030893533173910175,1.0886265830683535,0.5764356461151751,-0.22405353739199294,0.4658959923505339,2.660866447284367,2.5172454184739546,-1.424022293867397,1.3961839505980498,-1.6943049855068877,0.944727022655342,0.4911862128401134,0.18038086015673538,-0.5876181729803444,0.48828113383084004,0.36851011370893705,0.16835688493027373,-0.034123379608363646,0.26998024425532824,-0.27834726573878393,0.13242924668332948,-0.3629283893367567,-0.5117418153698117,-0.60380815580564,0.7843632387408204,0.7111219206482785,0.29293017613280137,0.45736111327286366,-0.19350454767690245,-0.8681256256188216,0.0005317729849181914,0.028191399155599577
0.8364298055825228,-0.6978483196199174,-1.6093393569886418,0.5989527924845973,0.3381442689245028,1.1675469405917032,-0.16740941297799683,-0.27775915658989103,1.1275334263120353,0.5792063892997128,-0.8625841619547937,-0.0558862321768777,-0.5001583775047255,0.5569011909710735,0.10454347960526678,-1.5683361194787873,-1.0364436658139953,-1.5918599249654775,0.7763098077059272,1.2103327224720117,0.4907875456142006,0.29737482249034025,0.9349238625594635,1.1286537751293557,-0.4094865129833575,-0.5589673312904935,-1.5709259709957508,-1.6096042689242847,-0.5140578210000352,-0.12085694940870917,-0.6096812516764268,-0.23481616694271956,0.39796745303282793,-1.8915999601737918,0.6852110368814125,-1.3165519724889252,-1.4485247932752623
-0.14841319871367784,0.9128366219050201,0.8321493897617994,-0.3811374915406644,0.10551249175199034,0.47234666824507876,0.5053196922971389,0.09028900735042834,-1.3392583040874824,1.8700399045104277,-1.8486994458810186,-0.027291071591766948,-0.3030125806897427,0.20710204828626272,-0.49033395843962535,0.9778972525480224,1.8283294810470139,0.8589940126429779,-1.2037214699904597,-1.24485673326554,-1.2450660495007444,-0.9282842506003245,-1.6004361080468672,-2.3509205543464367,1.661884708486343,1.556782598764856,1.003185591867203,1.2080107510586762,1.4280345213773313,0.7516155010008478,1.475248334719086,0.259589595900924,-0.41237311981269514,-0.726778960106036,1.2509506104507013,-0.45549751471245375,-0.08087271348271631
-1.1635609500833692,0.3136387140775105,-1.5089113652788566,-0.4417766334860826,0.09674148320017925,0.26376141126247743,-1.137482224181322,-1.1703703956464409,0.9270900438200068,-1.4073001177308482,-0.8651976886356002,1.414054325144556,1.1121136200156772,-0.9179422367941297,1.0663375391010286,1.216784449807826,1.1772571543142456,0.3618786162275234,-1.2271376173407185,-0.4853608372220901,-0.7600043731247189,-0.8512376792614048,-0.9339922851815439,-0.7755044932506595,0.9555169243992344,1.2349417847168374,1.2105057496896257,1.3995712455764022,0.9685164444775616,0.7261588469562592,0.10643278168674784,-0.4869539252701411,0.1245660822001221,-2.3518414806910535,0.06303112807896241,0.06318443797779497,0.3598285126261135
1.2232426688432356,-1.1556900706691815,0.8908964074082355,0.7570758192050916,1.2861340942860573,1.5651568762224295,1.2670816772323175,1.5796915762555417,-0.9731105163501159,0.9650251109953234,0.8012565889541481,1.6984343123372825,0.3248322886278027,-0.26309227679563,0.8275337682218706,1.5508218115391412,2.037795557053841,1.645987948590123,-1.7182076316756267,-1.780047090375037,-1.8812156157383673,-1.3113927321475567,-1.960797904466616,-1.706994400833641,1.3766569640178916,1.6208765881658938,1.0102563296879532,1.634691851514397,2.024768850809442,1.2933399504193348,0.4625509933237229,0.6731222089315171,-0.8124975867990097,0.48343830213861194,-1.8239321633337577,1.335962424197788,1.000237462541759
-0.6165807357012015,0.9731994673383864,-1.3590912640021797,-1.3811600320574515,-0.9158386015417038,-1.0391637025849498,-1.1155277557749808,-1.3168976792742104,0.09000652870220521,-0.4732193112686599,-0.466025005542831,-1.1735474944119169,-0.44080964446992776,-0.08612880374626947,0.005886240182550229,0.1422266621704748,0.1452167295172829,0.2412844540327949,-0.2924867767443301,-0.009663975953389185,-1.0434683475955884,-0.6925772123331012,-0.9698510483970012,-0.7493258423039354,0.8290796372100802,0.8761021026171875,1.072544456385884,0.06574678246442056,0.19764423573306056,-0.19318342051812415,-0.7442448597839565,0.5531290851656159,-0.27297268506174777,0.25349390931227267,-0.3468344441668969,-0.8254804084072789,0.12034759664748591
-0.5609162980141473,1.6319819929542134,0.5126680867685096,-1.308202744480209,-1.8060829456611902,-0.8234200916698997,-1.7594076690248956,-1.4341358741058094,0.2180028556942973,-0.3782804004211047,-0.6331698335810746,-1.4555983445601681,0.4849906874295399,-0.8514731797790792,0.558544681632958,-0.3282630225293773,2.1980322115254323,-0.03772093183154182,-2.253275727611289,-0.5432602381057743,-1.24989546781375,-1.3043871052175573,-1.015840171219037,-1.9873026923729666,1.748599665589122,1.8210392093185122,2.5101031874423714,3.4270528008221133,3.7034321584051355,3.3247869713339413,1.5482747371651646,-0.36395559994117305,-1.072831462047957,-0.3955585999782119,0.991867567043004,-0.5803863286357243,-1.3114700186567343
0.21333908681261307,0.36445718012755335,0.1519573577812594,-0.8753917459455864,-1.9960405775986247,-0.31926804244856316,-0.8466408814867704,-1.514935574559967,-0.806653638679612,0.5399127255219136,-1.560692590283909,-1.308301544337151,-0.47288385905840635,0.46825760641316516,-0.18915606984331976,-1.0890303098302512,-0.029380345673289347,-0.957768503394747,-0.023990404143675575,0.14667205272009975,0.018658717564766267,-0.52643049238821,-0.7729361442201266,0.14232504612425428,0.10550606439394744,0.38535706799287867,0.8185268132916669,0.4644743051637091,0.35566021128283254,0.9384822613987708,0.38448911989157164,0.4920912802934114,1.0872874766181926,-0.7525335930236641,0.4469146472962626,0.9221052186426082,0.09477714915276761
-1.3492981230442007,1.0374770050696194,-0.7985837332599807,-1.2951463282088815,-1.0717408974114115,-1.2702078806918913,-0.6121244524290246,-0.6888580177347489,1.4307034696012235,-1.2497786434348848,-0.20171482216856584,-0.7277868090885511,-0.14497368329951948,0.3095021814960796,-0.4815090182199169,-0.9959429680279668,-0.6883505382369103,-1.4347190379935535,0.8065638479393263,1.1881652997098961,0.8657614405853556,0.39213659205152696,0.14386918745177402,0.10839709959519878,0.05215476769586403,0.13056249196110012,0.24152047632374404,0.17974612983136598,0.010656060094684148,-0.03344418908042169,0.3504625716722528,-0.22848765755707712,-0.2762988374045501,0.34780059966821764,-0.20893200089617708,-0.8905855986055574,-1.0475407984211573
0.22200107754693993,-0.514473637544351,0.5414953823100005,1.4982101441496414,-0.4301827184254224,0.5830311184568598,-1.0164470232817895,-1.2611675094779657,-0.33640369105711765,0.7584879933030766,-1.3716945725070162,0.6002433699283525,-0.5665943021979716,1.239411580418094,-1.446077755923631,-0.006414856844365209,0.3422180362705558,-0.014464243486344064,-0.01460740455168648,0.35112333322700384,0.747366601084875,0.572092312488563,0.04703226824328477,0.27596420694843593,0.28307566572216314,0.6146527515553929,0.9987803139054294,0.911249489256455,1.2590884805246483,0.24965450506681747,0.813962648759299,-1.5545026808287914,1.0857792056103297,-0.9718417862487708,1.2618896350741018,1.1211958923353984,-1.1020392831331627
0.9421615283530611,-0.14940716722307,1.4110260592100632,0.4529235752972525,0.33010306893480457,0.4480753447468944,0.29895919027087137,0.2988511319975442,-1.5131564065212413,1.1645131458344626,1.013368788542652,0.05832745751964234,-1.551756149234309,1.3328965610137533,-1.0318985713567346,-1.7625925359877834,-0.9784196876699722,-1.2450169926705903,0.7634400773159287,0.7218840772491563,0.3469519704615932,0.4569980525313133,-0.26414963020131965,0.8126152076049908,-0.8140084397073293,-0.6033422426507732,0.9202135143208652,0.16103705582172403,0.2632473463125965,-0.043943021043624214,0.07123761119512864,0.8619961918521708,0.31946910709949516,-1.039583515360024,0.6905494230053062,-0.03606047209807394,-1.3332697454432008
1.5851047325440253,-0.843255592553479,0.34697564430041616,0.930508121916403,0.8046044956673094,0.4772780538663046,0.7220971275108755,0.42986053798115387,-0.037420283864394055,0.13269642351157535,-0.6932899229211611,0.04706331786564038,0.6574802252354435,-0.8546957273529739,1.03686523955389,-0.7620845939783878,-0.9298222405760862,-1.2498677839538201,1.193951258900438,1.5332893114256312,1.1154649909335446,1.4025945320575985,1.0180700925618587,1.0644956715831129,-1.4668137544938626,-1.4516109065144627,-2.050529575750777,-1.8563447794147918,-1.2870299165680577,-1.3651296753414564,0.32237511498781884,-0.9416111861813741,-0.8997450804218015,-1.1619985234973607,0.7678982066083446,0.277717510524665,-1.851501043363978
0.7312767718847406,-0.6155819044802318,0.33027792160628033,0.16138745615658487,-0.3261110952588171,1.378864874828146,-0.41852524801524116,-0.01793370864740438,-0.3550018359236691,0.3111235241996257,-0.2480053297033255,-0.12110201685173742,0.0182298061121144,0.21470934818611245,-0.21759789376826166,0.11073824785105993,0.773383802664466,-0.44989565348425287,-0.7210839157269853,0.593896290891531,0.30211876938528465,0.2262306345677534,0.35896761519635734,-0.6264832693329067,-0.01669165220077661,0.09842562985420103,0.4772612933848964,1.3322178074173765,0.700772854708301,0.6533493858568495,0.5061679483595783,0.8513689071347552,0.2579670514791759,-0.16780139865678906,-0.4641003711321475,0.34244037425790924,-0.5816994326068311
1.0697297453656789,-1.0354860389545781,1.6190494101236006,1.286368430240136,1.4341574122765333,0.17309487714330546,0.5926746819082015,0.39466253728138473,-0.42560361106053984,0.010341436944282197,-0.42987625342374575,0.06151169964127766,-0.2664682628956562,-0.177200406128763,0.18052195042271194,0.08802720812684452,-0.24168606271504853,-0.051145634898004416,0.16487585111057163,0.737402871940656,0.5583329162310495,0.26834767312894836,0.9343503091985781,0.6909742880865848,-0.8329324319580167,-0.906859613251352,-1.3404729939379725,-0.08791696212809032,0.5069205319511417,0.38104483839981973,-1.291125575463345,0.2839956368510608,0.8268703045779274,-0.5446086909969037,-0.5612455694514277,-0.6462445083023324,1.0206104039195303
-0.6715220036184529,1.748679520904457,-0.7708515809393204,-2.0807176758756873,-1.1292157102177134,-1.6890207135904765,-0.7787593473936749,-0.23688712266080292,1.92670186935253,-1.909707152691609,0.5486437719440536,0.9863057988977486,1.626982497032164,-1.9889919691054025,1.9101933705991727,-0.9667971259156376,-1.1728387196202916,-1.0320566573785943,1.268157742646594,0.624031855058002,0.5887292930231391,0.5234181061003054,0.7691546695469318,1.0049018359748083,-0.9985995273309043,-1.2225292496879006,-0.8144695082260762,-0.48863511652314345,0.07581605268850558,-0.9203588932374714,-1.576127379330829,-0.12281547970093694,-0.07677591419723015,-0.3474075546664498,-1.7587054715588921,0.36491724379158047,2.0858826310589067
0.8179260495903716,0.3838310766130667,1.5139042785415966,-1.1295180797762596,-1.2358763318145658,-0.7305278382546639,-0.5838655052012788,-1.3939520375606786,-0.9358721388282084,0.4914186791953012,-0.6833228148770626,-1.1349303111595739,-1.1079602770777954,1.1229736153423984,-1.1203781540857094,-1.23591701432854,-0.07828502524635686,-1.094939693233826,0.4634355967962916,0.33568850325285227,0.10631066424984925,0.11078696548295824,-0.14433072891024076,-0.09464409643252619,0.21716666446061367,-0.10223189593748731,-0.9066077383163612,-0.02366903708159205,0.6500878737657173,0.15323329418693127,0.6818068039738888,-1.9076614082123822,0.0776274205856879,0.5546667388170942,-0.3122380617480093,-0.8031781857297492,-0.5877664747350214
-0.21559366732239035,0.4138673755831315,-0.008103058877554295,-0.6649502532798173,-0.7747720007833622,-1.0034468469331443,-0.3570736010949547,-0.30391598193044006,-0.12264806621363115,0.46422444015444675,-1.1160608235064713,-0.28169994591726977,-0.8063430450988099,0.44740108945233054,-0.5151951889320718,-1.0839400320815793,-1.3592630380863628,-1.0957143183480602,1.4347870482642173,1.2846058998939238,1.3936543439714888,1.7298293030683833,1.3591021749818857,2.0865485812982807,-1.9811884772174173,-1.9615139857122537,-1.0778624575259217,-0.5640192347626767,-1.1434546785620925,-1.4915884900119318,-1.2363667649141972,1.49454276398483,-0.5593828991827138,0.9942189473861713,0.8874386524686084,-0.5315536669337114,0.980191848428754
1.157597101770973,-0.8702044390343454,0.5235554055700112,0.15486939510633543,1.2516356701292766,-0.13678246385041662,0.5916941296594079,0.5962885564674352,0.5976689105288883,-0.6897913543853714,1.290399376696125,1.0792720562858629,0.8316767946394469,-0.8382028716697768,0.34114724109177125,-0.2050934628542431,-0.4430735783013465,-0.11032214543304421,0.20209704870738288,0.2466970563384284,1.2573623053547507,1.5827313343743004,1.5825825567706902,0.761666715859888,-0.7653414643054642,-0.653464024485105,-0.3395984700848013,-0.28309138150154306,-0.8093433440745785,-0.298827125524143,-0.5345072650240739,-0.4002219057624908,0.02678148029664994,1.4792671205497625,-0.256713143382164,0.5345694113418372,-0.4186572572595517
0.08299924058477609,-0.737191720142265,0.5358541203053703,0.8677121785374106,-0.8788016203953665,0.7301022672543143,-0.8041640969953384,-1.1140286826246444,-0.5594069423985805,1.4139229602689538,-2.2044354568697746,0.2743453059896546,-0.3491339293711199,0.5504018171329829,-0.757911570144337,2.1868887553939205,1.3850183039230983,2.49053405123492,-1.3064505256501104,-2.164355218162323,-2.30530318030658,-2.504071685130355,-2.171998290548556,-1.0313949854189113,1.9382874482821688,2.344983916446639,2.8005664571756625,1.7410578852350023,1.1026068088197096,0.835303317571146,-0.2963543028216826,0.5932114307175936,0.244515296016683,0.09501912717449719,0.39557938775757523,0.267939628990686,-1.6053821080232622
1.074349424052719,-0.8927412435955979,0.6505642235857195,0.9553052031035677,0.4053098132166605,0.09861202463212737,-0.9809343428424184,-0.8864059041369294,-0.8524878790448485,0.32975538427226564,0.2109980254511545,-0.1902251754733387,-0.9341478783762985,0.8729842126137526,-0.8270071297440404,1.098625757808658,-0.09201884108108496,1.2102689527601376,0.23058827157798695,-1.5315698815057708,-1.189868503338763,-0.9976299711908176,-1.2000562562157946,-0.48627299576529465,0.9574923716907269,1.0291703723165053,0.6483528861368406,-0.021238346510378613,-0.13290281723977984,-1.0118404511290247,-0.99429169484981,-0.15214200626766755,-0.5872454446210906,0.3812109487072302,1.0639659251902456,-0.10226980125217354,0.6163168486717316
0.14272736583471646,0.5812048560530428,0.6853762507350268,-0.41881177384859897,-0.07226758753220598,-0.09573459144311383,0.8910105095911766,1.0122061618692624,0.23630255895476696,-0.5983380244297968,0.7638366230775799,0.9880759884741087,0.6837964210778112,-0.5895172809320426,1.2255387186494169,0.2376027918471573,-1.0359375984036343,0.22564506041578908,0.8094809875713174,0.15252674402133717,0.1416769975652341,-0.11948322691883789,-0.2648725838807413,-0.17295210304652645,-0.1144563878969632,-0.06106164023841653,-0.23549287053945486,-0.6501173933571194,-1.2028163128166633,-1.435788335330707,-1.2517862631060077,-0.30893337969940865,-1.096946167184047,0.2231641938455597,0.32257578643947354,-1.2919833856220129,0.17595193148472218
-0.8015389385591682,-0.43411821825610486,-0.8894914400743719,0.6593389828960857,-0.08630894269104206,1.4359360992579526,-0.42578465886954436,0.06772548098707762,1.2048244898113138,-1.5704548715378304,2.1763256411475664,1.94806722099034,0.124986507906328,-0.21777258859615398,-0.17174657240663302,0.583272243926615,1.2471306661626116,-0.035638862470250374,-1.135748329162389,-0.2143218227562001,0.2782089309360983,0.019604157882382952,-0.08272607092654194,0.11634624242252822,-0.09134533401898495,-0.11742617292934297,-0.2738954745987009,0.8400891080795586,1.025938524849031,1.4249559094619115,1.314266530619105,0.15333490744439734,1.3139336233810577,-1.6316995975315565,0.42065758489724914,-1.041156244614342,1.671652483679008
0.01896688357779576,0.33512768460619513,0.6029846085119831,-0.04348006394358143,-0.6164236914934746,-0.24876435531781385,-0.806740865210563,-0.8471050223827227,-0.8076590283120254,0.6447391058959406,0.25459538904036955,1.4200399774684267,-1.754149345515158,1.7106802486122545,-1.7686849445869517,1.0533695281206472,0.9822284388335013,0.5607204468242337,-1.1648454224889617,-0.4002515562119568,-0.27058776155585157,0.05800356445691444,0.048410199719970876,-0.5466814098274272,0.2126301140047424,0.10499726750841964,1.6281496258387274,1.8612875597762462,1.3562580641155562,0.9150494600057454,0.365395221649571,-0.012193482765682353,0.6174847133262514,-0.332930345466961,-1.415167085016995,0.25117089730237974,-1.4957394420250067
-0.3575679082358923,0.7076165098267525,0.05102939922143654,-0.9877181934497251,0.34012500762071834,-0.34236239068414326,-0.5034698397197388,-0.6356526225116429,0.14509731203018175,-0.3921396861475356,0.25806824549428214,-2.145447210658939,-0.8188871345324807,0.3086672357874486,-0.7131825085156902,0.7071405459957825,2.211361155153054,1.015544921581514,-1.961808258444572,-1.1005816419577865,-1.315217342372211,-1.3148744757325619,-1.1843218519763559,-1.146792872105504,0.6994405500865793,0.704311280557706,0.957855574924708,1.6977563756892957,2.054413043269042,1.4872698511564153,2.020987106635895,-0.3045097328659886,-0.5555137015489645,-0.32835167532842313,-0.3756697974630684,0.7088903671236406,2.59561005881806
1.2976875606379052,-0.7085976311179727,0.68047229469781,0.8499071056399633,2.263136370699361,1.6627059004182172,2.344639034572461,1.8823494777701952,-0.7594684174486568,0.4755057077549686,0.3439111425656865,0.8400995705367176,1.0146982137432583,-0.9664684103935549,0.22815858319616988,-0.2939873438061681,0.2238298244363512,-0.492086290023113,0.1832559309830577,0.627756792864332,0.020956670844206538,0.21630942764934905,0.8466166701200538,1.0099342750692357,-0.7896029523699278,-0.8356432389385895,0.18320716886664226,0.4209867192551454,1.3938101396757352,1.140620902948534,0.16085658322018978,-0.09373197883677382,0.22593830240575968,-0.47342740828258084,1.6819133855992083,-1.1421482771691962,1.4578580976863695
-1.400088942970525,0.821124348526298,-2.2318678529247595,-0.5879121525378064,-0.6254363627199381,0.1135294545786857,0.10466663331505893,0.11915965194240091,2.0925367383398226,-1.232649567476969,-0.12497290824630015,-0.8568947714607803,1.1914088865561896,-1.0894960505196891,1.4607281840108306,-0.8408146298340129,-1.220917571341654,-1.2108312918094388,1.1325976919994665,0.6185267398365141,0.8197332473300458,0.9483618479185377,0.4599370935833717,0.27169228206470586,-0.5318006605508807,-0.6012663928249224,-0.019758569634134103,-0.5590855679418166,-0.7614443117124433,-0.5592242240371691,-0.19271603590380346,0.3865951986558763,-1.50358508713306,-0.005614021169007966,0.052438214470107575,-0.8709725247172593,-0.06281672685003985
-1.7266647254224115,1.2932916781707553,-0.8819380989566806,-1.4753261517288216,-0.8696211116773093,-1.5903369909974479,-1.041171321872449,-1.3295555971843074,0.9861674584691139,-0.9134758802045069,-0.21761513242840816,0.16848333260653425,0.41482609481769855,-0.28192820209133895,0.42841578174062894,-0.10783486806596032,0.04314473645186595,0.9126059959068883,0.15273754937310688,-0.5939727076929134,-1.0275424610244634,-1.003596070309725,-0.6029920374219808,-0.46230030757981355,0.9997229360575087,1.1789428461616809,1.4896371737186165,1.5793382942146148,0.9561674049644625,0.7717010004561082,-0.9236071368243033,0.4570487299680605,-2.0112613708204687,-0.18337245088231519,1.8527217061094248,0.10793103074992821,-0.3280156575083054
0.27581454061327976,-0.5953076141109955,0.9331118121408191,0.32664946430382286,0.7091283480892159,-0.6196748330191751,-0.09981339253489625,0.22411179701578104,-1.5478574184818672,1.134735467984316,1.3061132337793884,1.261819796411252,-0.7076205815137369,0.7882934624771042,-0.3078429552673407,1.0415419431360773,0.9165626562204643,1.6377577692208831,-0.6070023478140203,-1.1890220511973963,-0.525616958793274,-0.3990401286836089,-0.30754958970741697,0.32334618285239586,-0.2385696084936204,-0.4768356932413433,-1.2993350879765249,-0.18785176443706006,0.21346782855896973,0.648894468489494,0.962760591663654,0.0045200435789882806,1.1063408108957042,-0.9468565064911838,-0.777860988484131,0.08642622557819414,-0.7221303177290612
-0.35001889640382394,1.4570125749297653,-0.11198176994140505,-0.8787470478724484,-1.3811894523608532,-0.8756816109887628,-1.1052418601810408,-1.6726223737065147,0.09738070023390419,0.0796642731964831,-1.2075239511041131,-1.6108916611579158,-1.9402720061486805,1.63491670599929,-2.145018928567868,-0.2555035545747283,-0.43663387847765317,-0.29198767123663744,0.2803531933737622,0.3423015628548955,0.5482838245227204,0.5888405842234378,0.46180567200885947,-0.7593014473893079,-0.16963743022935648,-0.23318182088046482,-0.5327562808498136,0.011541383185054686,0.06069592831271859,-0.00850102497590704,-1.2212285625362673,0.5796428008145073,0.2360144655528466,-0.11521798337628363,0.18312147971152923,-1.6590437278941703,0.05778383027795208
-1.1861610644898977,1.9226240761498505,-2.3709079140555613,-2.385490551101734,-1.3932985266850988,-1.8641384319074694,-1.3226199756297885,-1.2238048508238888,0.874436898495991,-0.633500901563076,-2.3051512447545845,0.24528619183124625,0.620854979067931,-0.03933175187067837,0.23404778538805493,-1.1044577463346719,-1.6867151120014627,-1.4964698849577451,1.7231923817451764,2.100516240509865,1.8983291619415352,1.4706710077624017,1.5349252869461276,1.4428581604559414,-2.2157177296463035,-2.316592850528083,-2.2221846357829693,-2.5714655643779705,-1.9827075100610128,-1.4215493680927918,-0.4318055604101585,-0.4609185427483738,-0.04634712854530763,-0.6011027356974288,-0.43602962964584113,0.1354464079981489,-0.21965366748750179
-0.05703160789911433,0.2668725881517681,0.743777629451111,-0.0874056159928688,1.2568782413916053,-1.2555205133172231,1.4605846048060618,0.7572218195480799,-1.493269624380535,1.678404522263618,0.7864416814176894,0.487268759895168,-1.6216209444109748,1.711413838845974,-0.9199397636541986,-1.7341103660484842,-1.7227046659933085,-1.1716374358120578,1.9607353082831878,1.1857135366584015,0.4497628231005712,0.5802653866614088,0.6627053557606694,1.5660510590240726,-1.0112789587974131,-0.9424146125473187,-0.7069422779892873,-1.48023165292966,-0.5890064979852394,-0.4219823375308618,-1.8409954476470063,2.1767690038848415,0.2391777547122247,-2.5726131242855064,0.5426249545165647,-0.628302078342532,0.4395137489151539
0.24944725707644363,-0.19283615619991365,0.4500527155141082,0.09636727825955267,2.08625934246631,0.09654550227607704,1.612650043184493,1.447366502317235,-0.6764929963455409,1.0262313299243524,-0.6918906579942217,0.6035929076817373,0.3590975764517642,0.16421643139830472,0.14888020959863713,-0.10351684454037331,-0.17437862437613758,-0.3363558245359944,0.6147015449154424,0.7280771535742121,0.9465282772448322,0.6947984082722017,1.0869701418868616,0.6434600125410566,-0.34081001427761876,-0.09976157745316168,-0.1410936116791525,0.3175359396024529,0.13679176628230874,-0.45952822806798854,-1.1799032640021712,1.440616197815561,3.2878025121231564,-1.3557978078715678,0.8468898878164959,1.6223625026095583,-0.32398059536314927
1.2278528194893596,-1.0548853212599736,1.2876492558927586,0.8998372668098457,-0.47759611721065964,0.24597180321880854,-0.5058272513498688,-0.12040549472187134,-1.3891869948123252,1.432377591065289,0.5444058713171477,0.3009851396640835,-2.1500319297865538,1.9134454646777537,-1.616549162019694,-1.0240346669570615,-1.1106721109070048,-0.47217763819804937,0.9706722129653772,0.4969045242260026,1.1690281336835169,0.7978716230046624,1.1445984693595506,0.1805126016800701,-0.20480184725536874,-0.10506872842694649,-1.0878049572413053,-1.0354025572522263,-1.3958309247563048,-0.4105469466723133,0.4396265512244354,0.7205468403978118,0.8873412588142884,0.12367030381895304,0.5531492887920455,0.2235221916937934,1.290873773169434
-1.90506921326112,1.451237148299449,-1.3900871682037612,-1.4473528663209942,-1.6276354855328223,-1.2185839357629158,-0.9191260792629485,-0.7540472081556525,-0.02687446774510506,0.5261475781786362,1.0072132627991714,-0.7838363197067935,-0.9718285788716423,0.7409535574135099,-0.9487448793243748,-0.4245493387509738,0.14319454560556216,-0.6159515419564036,-0.47479741438413736,0.9452669353426264,0.6393520959101773,0.8725169446514569,0.7604986233952731,0.37307575903435825,-0.34152564510516287,-0.3904522785642276,-0.2796793516423124,0.0008660722980970537,-0.6033450214906069,-0.003198430809626254,1.315706955811429,-1.9719737535891195,-1.0624667566353778,1.1222498469469808,0.9943347200798601,0.3966625558750799,0.07225083947684521
0.16728503609400103,-1.2336798518077043,-1.2063111503166888,1.2849464000037079,0.4474540305001728,0.848847867351124,-0.5717153067650492,-0.7653310202216538,0.16325864801232995,-0.48078451929438776,0.7193076594981246,1.2309631735674247,-0.10887289071190388,0.18232074180673077,0.2929192143213026,1.501480439153354,0.5470453475915614,2.0975712314707002,-0.3772666428426872,-2.5515341599454984,-2.6113196393796723,-2.672660777568368,-2.337303365147476,-2.786833555898664,3.000168627097761,3.1326829105472287,1.2241477626460304,0.5201860792665692,0.35422497227507943,0.05651786963945459,-2.2793578344785903,0.5647884102758578,-1.7091006335529106,-2.381415631537394,-0.06501097391508306,0.422678450884461,-0.2885063589482153
1.6474861707023005,-1.3863433304674826,1.5566643020032902,0.4111309123820241,-0.039954637567910296,0.21254954939387824,-0.2159541297655257,0.10465055151962886,-2.1967088934294146,1.8207104633554994,-0.5406778542654566,-0.37384067120568204,0.053540336699496295,-0.0007323482898520108,-0.21386171916202712,-0.03515450826768631,0.07928457357544633,-0.2905916908431166,-0.028588526882179305,0.30531896266310987,0.22217812636367984,0.5509524655295469,-0.48487415742548834,-0.2699105956444674,0.0949280081386757,0.3265841033363774,0.748129300567247,0.6905357699616179,0.41173516480938693,0.3115424214551044,-0.7364387746208709,-0.37385775927819703,1.0761982002124444,-0.8314296814844258,-0.24309266263838555,-1.2469540339139682,0.9217896833769689
1.5994273693998502,-0.1904037167276033,0.9740172084465407,0.2762296312662189,1.1021564482805069,0.6558278056637524,1.0076610089669875,-0.216134237405213,-1.2384713051344145,1.13188722229907,2.013358950115251,1.679589849026417,-1.863432254739791,2.1506482153115978,-1.8583918520771676,-0.7440145137108265,0.07449706682255806,0.4866591378757453,-0.08031798075314728,-0.9040429182942477,-0.5982131479034383,-0.2372501264087339,-0.5000428717461062,-0.4579569748329317,0.2846155341090674,0.2812377768526409,0.29080175115922596,-0.4555967745566306,0.045739558954882506,0.31928583285685236,1.7462558343260297,-1.0131701591875815,0.8741023316472943,0.4647079842039571,-1.8171772363657304,1.926714093662702,-1.5787293223255945
0.07265817727704162,0.10969491152071358,-0.44870800251686804,-0.6462194607610512,-0.35092382173348896,-1.0858570480153042,-0.536918812634037,-0.5117229970727618,0.6653139158064467,-0.5073855629787613,-0.9381855494521075,-0.15527206120547138,0.8080607181833496,-0.6393896675024359,0.2571718873999901,0.33382232083978386,1.4117560570896186,0.376827690927563,-1.52101773430058,-0.2586352452319201,-0.47847027861653857,-0.5985681609832373,-0.5403127835661525,-0.25996178594137886,0.33802437089587467,0.7517583708898119,1.3788411069576667,1.2639019841123496,1.7559532135776594,1.6137059406000187,1.1386682528089882,-0.3992084244734312,0.5878895925417214,0.9094909231209337,0.5892814941480441,-1.657992511990959,0.27625786485001974
-0.6221017106924535,0.17517920852260718,0.7611073783239537,0.3462858008572709,1.0766766354669717,-0.7718015186284455,1.0395727615749342,0.6020919423554478,0.3340345532471056,1.3387842719257788,-0.39399934867471453,-1.7542050981522366,0.021273797732490253,-0.9714435603165459,0.8721971029852049,1.9743740733386796,1.5132827241308104,2.3837738252481424,-1.2202361627275389,-1.9886187913272277,-1.36533026858261,-0.9798546915833865,-0.4098216885106214,-0.4190125761492709,1.1286283470921419,1.1944425330592534,1.0826625249992754,1.3392655984617903,1.8175575665486063,1.6345667216101827,0.15541413745295568,-0.9027956997102754,-0.8256209271639575,-0.3831258053013454,0.12110518517077737,0.7727722645111844,-0.021725813515047196
-0.2952968154335754,0.4049574000656553,0.19843590328172941,-1.0308619655215225,-0.41335556313308297,-0.34134406415464474,-0.2021367044956676,0.024976362233185737,0.5028143706469853,0.1589224775000745,1.2648001034885727,-0.9017753026174498,0.11815083067340246,-0.5142220660830426,0.7900175797771061,-0.10317644931604039,-0.27363621080532563,-0.36027621156422995,0.07845931121272105,0.7021030330180188,1.4849336326068416,1.3052971966660631,1.611093595740889,1.4023798437620827,-1.3228557587803398,-1.1675275067477349,-1.2120766365686462,-0.43064565309110625,-0.7059597436623206,-0.3849609651342332,0.9983992150871539,0.46599442945691383,0.37221256931598234,-0.6446429589315289,-0.11997690254912628,0.5948436688631542,-1.3787555551734654
-1.0225817254305458,0.7492344219779682,-0.565741850665639,-1.892563619324748,-1.2441482618738475,-1.1333256122221667,-0.48476551783211247,-1.4859391893022433,0.697178626871758,-0.026056300338980824,-0.5298128336101295,-0.5918463798883085,-1.0830604435317346,1.0075394027829412,-0.6589174824859094,-2.377302898662028,-2.7565861683867805,-2.7176633121589173,2.439216186143441,2.7207245980594172,2.560030613379433,2.430281568337744,2.399985470068835,2.1879036375205287,-2.966786982069804,-3.1770004238463847,-3.5023188591317713,-3.5721516381343035,-3.405261567059145,-2.8053006437632164,-1.3003157567982218,1.5704669085916136,-0.7344375371000429,1.2495088720531695,-0.24338288410286074,-0.5063269448018005,-1.6599568113168124
-0.47009466432361513,-0.17443876447517825,-0.9201345494914612,-0.7227847424609086,-0.05049756702813638,-0.2633286700974489,-0.20258652010163228,-0.3733721886362352,0.9350989227666426,-0.933041701101604,0.08223979992334764,0.3262300099994872,0.8254143438069087,-0.20090933387600252,0.18712669024192366,0.6811493495463168,-0.004733008538318455,-0.5308496792417248,-0.05035977528718376,0.36594782872356457,0.17016348786667865,0.31485721137700057,0.3526211390974041,-0.43060017370412174,0.32836553806247165,-0.14175357213289994,-0.3567199852090047,0.04058513411890799,-0.8575202320402066,-0.5833878670706838,-0.28824212896218043,0.7838621437925174,0.6772268418207722,0.8277481361166698,-0.0888146304059497,0.6428701124155289,0.908618666167008
0.058319925296597186,-0.6990155018825762,-0.635114890308747,0.5705012343017098,-1.5481356950300524,-0.05044298897597547,-2.45875392958632,-2.4948720155660826,0.40805229820482664,-0.36904567060745536,-0.18639061888707198,-0.7088521306247549,-0.8767585419676622,0.5707500695577148,0.1530306844142249,0.3721636299994852,-0.2759113830814899,0.933783940277794,0.5113248638370642,-1.152272257457202,-0.8309923059325028,-0.17556517415165518,-1.1757084574999033,-0.7561588757971124,0.35827181046824275,0.35844555270355,-0.2067296607016292,-0.5184799789046738,-0.4325729426064006,-0.3330508221128683,-1.8492792485311238,2.7121207521913586,1.0029950833791585,0.8899996909920552,-0.28898760989498934,-0.34609683971493227,0.8636927164715815
0.4571912239406342,-0.3692076267404777,0.6671508329228283,-0.47701389528230875,-0.5511017410751552,-0.02556006724003452,-1.3634951467154404,-0.8591595601764068,-0.5942890130589411,0.9190661383751616,-1.6368726255413324,-0.8595756399970654,-1.1161286114090385,1.5736746502532926,-1.5483457173968618,0.11134910811450952,1.794696424786491,0.12123597829508663,-2.126465845311559,-1.0926947326394991,-0.4429637335420743,-0.1363640771484746,-0.6516979907952534,0.3135488330831606,-0.23382760199214095,0.04171985449471203,0.26868111728545807,1.210660060110268,1.4605025444526814,1.5626407019707027,2.764529204470652,-1.5856561024255025,-0.5512512462377724,-0.43086601264210944,-0.5819802932371563,-0.7057830080769011,0.11713719167464076
0.8464276427983577,-1.5725848875258661,-0.7728695771809381,0.7125026116084645,0.2134689170424879,-0.16411476331771913,0.4490429137220496,0.08257707542186189,1.460704451293643,-0.4447167426829561,-0.2555253422061798,1.734643992487615,0.6977227403428413,-0.8054789848313286,1.1173602686441566,-0.20338911190817158,-0.13997735475490544,-0.7901494225454825,-0.1709019191177677,0.7774704067951196,0.7560336687620679,0.7084573973738916,0.546168139207176,-0.13600858994384185,-0.11241667787407233,-0.022128411607522974,-0.27858376261306395,0.4142362542731024,0.00367690429315923,0.1002728542563945,0.27662708600536007,-0.5425347647334862,1.1548962636265663,1.1439571778928523,0.18878601120145014,0.4449898434666121,1.5758929974160234
-0.13372390638209455,0.12581530277677147,0.2859056620528014,-0.48327880117980165,-1.4522110066344416,-0.5548290187664731,-1.067241911993109,-1.057234311226945,0.15636526044220075,-0.5663277431640594,-1.0207763173832523,0.7162649312421576,0.6072635175148406,-0.40988337749849507,0.19578077427292256,-0.8018248637319674,-0.8488480666719982,-0.07033424546865925,0.5655198727449401,0.5790941990121105,0.7277086844173033,0.7300359800665893,0.8246112337704912,0.8343396307226386,-0.5620467680072685,-0.286053341246143,0.15517635759923926,0.15937265402073472,-0.5928988119820511,-0.4082285882696989,-0.5328439511511974,-0.9776662985036697,0.11920257158174682,-1.9013949739230007,0.4343578187357954,-1.0385458983115174,0.37071173348432745
-0.20891503867159694,0.13089226417855096,0.2754173314274593,0.1316224213722292,1.2319907456693422,0.9805128484218539,0.8647416297635657,0.8178840800644711,-0.10168103410984883,-0.14737918901120853,0.22104339275684085,-0.6120452431970231,-0.28277525327897496,0.12100061823449224,-0.5215387433404531,1.5612550256854816,3.3846180943818585,1.9128349215204163,-2.706087883160942,-1.6766730756212174,-1.1765551552229079,-1.6003135758180373,-1.2403041134436326,-0.25114116172463213,0.8481786099136651,0.700300274255494,1.406037091817052,2.5252612848813345,3.062966309366389,3.2898559256061914,3.326619682085394,1.1854858632843048,0.5031694307697712,1.1614161477940599,-0.8255075998493819,-0.25230999803295157,1.134843829472767
0.8698468515125476,-0.3251603424861155,1.5559378843993055,-0.11936135964531408,-0.2612956828057178,0.2519339356556832,-0.3014558114928152,-0.2798882812073639,-2.3319796816750245,1.894502740387671,-0.7736064655577273,-0.8767389008154669,-1.1712770645034745,0.8283786003513923,-0.8469126745345017,-1.8509913857953673,-1.5178139620147542,-0.9546194991786142,1.5209746709145548,0.86178018933587,0.3604968865623968,0.6512293920498837,0.11908365915483085,-0.5938607424967742,-0.21802349031057577,-0.1899530142376905,-1.0337635705887842,-1.2589453638438257,-1.406385676735295,-1.0276964027164417,-1.4427042668919807,-0.2582648654147725,-1.3315272178361277,-0.031094636991939338,-0.4541607092371176,-0.6240899622165854,0.3512091259299046
-0.37013877045185023,0.2253116589695553,0.41571735496664813,-0.32501758223612753,0.12837719147501436,-0.29739451214887613,-0.2794713219910999,-0.26829266129599916,0.12586285974835185,0.04171390163130968,0.24401825054055945,0.35171295554860943,-0.24494470220491768,0.5373728896925886,-1.0522803094127897,-0.29475165837501216,-0.7647360214279936,-0.9144923099970494,0.4213657742494177,0.9230581174764406,1.0214934660223944,1.2508270032062179,0.47762863738999795,0.8420862353138518,-1.4059945303035337,-1.3487784434947423,-1.067602022072793,-0.8557524020935422,-0.7738961864270967,-0.5228771618307512,-1.2712027839158941,0.15005726814353387,0.23872689978781167,0.16351470643876248,-0.2572437617687091,-0.3645956182036488,-0.3064491646738037
0.6891364902845962,-1.2000485033466675,1.267831169031213,0.9282352973591748,1.3199814581162053,0.660845926556529,0.6875439163614673,0.653171463682111,-0.5242939634064607,0.8633714042424536,0.6886468185146737,0.3965951357035176,-0.518150002441602,0.5183161646587909,-0.38861234712614723,-0.3185418381205056,-0.6701483400621087,0.316559407604014,0.5892804256963418,-0.43064773989396593,-0.9997654059244553,-0.8673844431349673,-0.8874115144811884,-0.8573668032048273,0.6496016726491712,0.13501143144887412,0.07987877195610486,0.43046498606227396,0.13591197035703448,-0.2785135331365705,-1.0133871777571386,0.5923371107749197,-0.6857968345904537,-0.9059624856627386,-0.04695102014825632,0.4079742475958863,-1.0449645005093076
-1.7008358481869188,1.5478579619668797,-1.602065164357991,-2.1194529595618383,-1.9897085684868738,-2.3191281542335274,-1.9347701431361235,-1.7528692674612096,0.8287984290805978,-0.31773361781938025,-0.8821702986042871,-3.320744807525722,-0.07700472372622327,-0.8674827518891082,0.8403445856887847,0.8880904716027767,0.611702260053924,0.951877200476001,-0.3855905177578104,-0.7609084407552531,-0.9825248308398233,-0.7197135008784713,-0.8128115150508848,-0.07290353376825373,-0.37747744251702114,0.11737698393187149,0.29271229171753493,1.5547899118187063,0.6561139886104672,0.19739540016512516,-0.2066295383799295,-1.4872529181158491,0.4856120554988024,-1.7709271304722178,-0.18049445657681065,-0.6242805384445437,-0.6159676785683169
0.4536339065521005,0.2197418520180131,-0.6853446492347411,-0.008723735858849257,0.25347284149655436,0.9278131032807377,0.04066778246451915,1.0258643582746891,0.6578029687207724,-0.30945140252520253,0.2619876423521051,-0.5556597999826994,0.4213260088314321,-1.0649233731641672,1.1897906046936046,1.2770301042263439,2.3576669970918656,1.796338806056525,-1.714761226420051,-1.7909249196388004,-1.0776750865151206,-1.6393037710430085,-0.7881617117422578,-1.1311434829913305,1.2163368185178314,1.4886824413957853,1.612702501499087,2.22746830569071,2.326332981243219,2.543165224684383,1.6330036068787666,-0.657358477518463,1.4964271419925983,0.14237774383503396,0.6106388650867475,-0.22021833942478408,-0.28879473123999744
2.1273447158005427,-2.127801047018132,1.6157037577342066,3.000580477354708,0.49164238221292494,2.9765991502920564,0.47164160352311113,-0.31170374291505426,-1.3485405063424405,0.7638283664994523,-0.35683514746945927,0.8798759075247157,-1.0379739472884508,0.7960132763073604,-0.7567852334914358,-0.21107853477762628,0.18833557943375698,0.06971128268222651,-0.6348898581714064,-0.424788321611351,0.011232118077698432,-0.313069167541244,-0.277973286158637,-0.24096213999076793,0.24957512657110223,0.4874649991314925,1.3839576254473764,1.6233481942677588,0.5088649224762264,0.7027755011764282,0.981093555333694,0.9543708642415417,0.29708837528625653,0.584122832575548,-1.7109178639055986,-0.5326011506742192,1.2419267943191954
-0.9632916425185423,1.760001680694317,-0.37005788788556876,-2.45012550715903,-1.0325366101287086,-1.4909500992131306,-0.880501775862019,-1.1237707132169283,-0.07121574560191796,-0.015650356893574736,-0.3660621896184985,-0.306737712419175,-0.2290212896334005,0.34644996195362904,-0.42740837660438946,0.21600096551654194,-0.4666541604976533,0.2633645244104421,0.12595600669660548,-0.24767122286423984,-0.3500882487389834,0.21241396285395656,-0.1556802742140445,-1.0288182168369973,-0.5358088178640608,-0.1707083802603368,-0.8276486793963853,-1.1927364088047703,-0.4477722306863234,0.025265775992428213,-1.0556491320772832,-0.5844090668066616,-0.915217627025306,0.7347573186443684,-1.5328618416410988,1.424322619019141,0.6814817182717546
1.4358438387109878,-1.1615906009432684,1.70370982165992,0.5627915194199568,-0.09971784142369644,0.39894748645514333,-0.2739837353849916,-0.26469182479347475,-1.0712599573434478,0.22611677918099674,-1.667669102500764,-0.8936247722407314,1.1621593970261412,-1.3052721670810274,1.2404928751825164,0.3025169037374634,-0.5391113237604855,0.8649762470016376,0.4045408177965022,-0.8070585800695012,0.05100373927824096,-0.026108029463126424,-0.3867864961016939,-0.06656236380403523,-0.3531647260011005,-0.46802324673827306,-1.3531139180105678,-1.6070887019708449,-1.2197005259291234,-0.9710692237899845,-0.37119919117959,-1.745005873260764,0.6402419832182522,0.6273166661033145,0.14257806975569318,0.31740533013549743,0.2661782802296999
0.6842953230653951,-0.7923907924179947,1.5023099414578822,0.03910281308228952,-0.19288285128624305,-0.1745726419380913,0.2577259657446957,0.6989334881172953,-1.8623437149018194,2.1100725463020154,1.0727613459590604,-0.587928553171507,-0.8915305534300603,1.0516611179561053,-0.6271920956974142,1.091489599943248,1.0869715657348087,1.355792995181252,-1.147620929762951,-0.4076524252747937,-0.9649013504291474,-0.6908756752920605,-0.9585875319962178,-0.5208297501653664,0.8309672130171493,1.0101035834023961,0.9213422244751531,1.191223981023707,0.874954898813045,0.9438810478306721,0.07997990982979343,-0.9370773963694508,0.4114252921406294,0.4016933428689245,-0.6569380190234806,0.19424694709016813,0.7760399978625656
0.8680030572970332,-1.1056948127694581,-0.18771014785475595,0.8589412852948382,1.4937753601002797,0.25193198841500525,1.7264546765957791,1.9660903594776176,1.424022294396292,-1.1812770089121587,0.32267200238072297,0.4011288100201883,2.8905080355425743,-2.7399574212600224,2.8904685967056087,1.0705316593834036,0.3796180738504019,1.4487711609029135,-0.47262691649098126,-1.6454904728437212,-1.5623761373463299,-1.7165552388322138,-1.2790426025015997,-0.725115395902336,0.9841826772291183,0.8159016475652193,0.9309959675266715,-0.049443983147367206,-0.16291603463015145,-0.20472722581525865,-0.23206453325386175,-0.3237029994762371,2.0987626018472056,-0.8845903801296082,0.8360794348906507,0.6599235433707885,0.45235101527154337
0.6595116819260829,-0.44973014093760344,1.0527560291773095,-0.35429520261359565,1.3325869992165573,0.5437028335777581,1.874600315872195,2.135285864070025,-0.4915181001264029,-0.17688950278390939,0.4324831356796281,2.904722638162965,0.981955496452674,-0.432567973910095,0.810842640430384,-0.5282387262384063,0.003351318535336097,-0.7059290550107847,-0.05243845241891142,0.6023016286007234,0.6528870891029842,0.4937108002572239,0.48504262813275417,0.6682081881182562,-0.6334758042248199,-0.5713255867377453,0.0014396733407134172,0.22715155596658027,0.41880823183273264,0.35566067602206347,1.2428802570082496,0.1273983940251756,0.26088112970507404,0.7992569692035341,1.1228075076477826,-0.6240475784023641,0.20157631805200757
-0.6671609149578587,0.5188024801395379,-2.0061366585972857,0.15393951819270535,-0.4928687338398528,-0.91561354984806,-0.5098792829149567,-0.47394365609139794,1.4648412120882908,-0.003814200916194731,-1.0806062546382484,-0.15947244072376354,0.1567035645181922,0.25782989580646115,-0.9765230095868898,0.46524336750104983,0.3470891599788232,0.3136201840026812,0.22494958340853394,-0.37160849369929083,-1.6137392312276493,-0.9798465045647043,-2.1087151331011627,-1.7650884645472633,0.8689204450603135,0.361661779711412,-0.18750597447463782,0.3885740859897319,0.013547947455378986,-0.172860317813419,0.298229056828127,-0.10916479860868401,-0.5940273071354465,-0.9959359588336352,0.18292038382647677,0.8366456243083185,-1.4617111634238023
-1.346592941269386,0.40773686767617223,-0.754599656163605,0.3334202179852617,-0.49165639685241586,0.5950628235287597,-0.7058972294004358,-0.12260787504639584,1.176352795232882,-2.3198322647317835,-0.17300682756759767,-0.8595759160350478,0.687102553719068,-0.8446636536554059,1.12959024403353,0.40963282075986657,0.050017566117016105,-0.49067041872108,-0.4246320918624775,0.2815552536140416,0.1712339690049093,0.11915092132835292,-0.44739679832386076,-1.2400067025540913,0.5503031194028323,0.48562544666003277,-0.6010467184191652,-1.3991397822586935,-1.0894106412950615,-0.34664257785676794,0.25817013845447756,-0.6502576919902768,0.7870733289517804,1.1373562448065067,-1.128148930206009,0.3209885889826972,1.0303116677283075
0.4611654301929748,0.5312761021217538,0.8057998423683405,-0.1402686763377288,0.5132117743900391,-1.0139437208845246,0.3789355197071834,0.09893759940070271,-0.14040970820950469,0.0999198872302804,-0.2880962117706832,1.8757824477693013,-0.1515791320828166,0.9825523311645997,-0.7021065818970192,-0.09830598726681157,0.04029110177887877,-0.3657191042096003,-0.010710867845400701,0.5804832401498274,-0.0026105174438631187,0.15864078327085457,0.094966289536393,0.6476429180757499,-0.45989462733548114,-0.8574848001174101,0.08713300085658042,0.5044424450948412,-0.009818493359626822,-0.3258983439797587,-0.7404879445674825,0.8966648789350716,-0.12779616259816357,-0.04846784594761219,1.0071282713028538,-1.5956605958357855,-0.47905335301722785
-0.1461254622038719,-0.06887532672808605,-1.1481855269858952,0.5138916061720694,0.8771545535655678,0.2967798153142596,0.385907966414324,0.7335676877006858,0.3988355807239126,0.3606931122520815,0.7978589677072904,0.893613186003149,-0.9013151374653192,1.1761629041213997,-0.4480783548274189,0.39999624444125503,0.7098161937931291,0.7227243310423134,-0.5400700447059495,0.3271271261291698,-0.21735619668601375,-0.1654556789368847,0.05193370170651363,0.00775788092503764,-0.16285778099922585,-0.4976639904175371,-0.07042785065265042,0.5394225666554122,-0.6034907071758098,-0.38474911655253047,1.3791400452648894,-0.16716464027398117,0.08396368234781038,-0.015341077373580418,0.1479331735459287,-1.4621330773667331,0.982492028756852
-1.4367081183307215,2.15203389898308,-0.5785992533862241,-1.8660437932697076,-2.1338102378505175,-1.4983023186173525,-1.7362676065314016,-1.4940198752178822,0.11093504275590607,-0.3348688541747443,-1.7666341033983324,-1.596671704707569,0.04251121075193035,-0.5619381379392016,0.3501215235940358,0.0401848114055576,-0.37950135102715477,0.29931331543882445,-0.06476214944501482,-0.3861198944040703,-0.4740226051825754,-0.37585610093387367,-0.28077378474418185,-0.006819536377701071,-0.5231711323493516,-0.5198065521472729,-0.6463760615691819,-0.7206328038633083,-0.3000613034386485,-0.32912006218835543,0.35078969272085786,0.16985784232626902,-0.9433476289909809,0.8972758691120649,-1.5448093439453259,-0.6021003492942371,1.073819017717187
-0.48279504704924586,-0.2192343982078836,-1.067742655844456,0.7196802477757206,0.4430036724316974,-0.1581956597531255,0.6013648838595294,0.6351704960016007,-0.6426272617600896,0.6466962719782008,0.44221917982028697,0.20181215782387682,0.32857732343756973,-0.6444127480701586,0.49941572566733106,0.18030896255463322,-0.1942662771620007,-0.3256475237594816,0.5763019436837115,0.5450480801446927,-0.35276665957467446,-0.2702364946699204,-0.06016768251379968,-0.16881988629002767,-0.01682549999836582,-0.2099463427316014,-1.5083083855424455,-1.2663597370351654,0.13796725415378414,0.5510266605891189,-0.01944285487185223,-0.597222402989198,-0.12245630385778015,1.0322236069233797,-1.456030935040459,-1.3545710822228527,-0.6788894223272027
-1.0929252157869342,1.4963589037303613,-1.035653729504786,-1.497203501143967,-0.9226557467124071,-1.6810939419041524,-0.6828696965702008,-1.1640992137930566,0.10409626132293132,0.1747711015562753,0.10363075271852912,-0.5427096455993474,-0.3375663435791784,-0.19018608205584436,0.25700436068415083,-1.3602077313010905,-0.9335849890626656,-0.5748551940577138,0.8350200230103075,-0.2713323500932817,-0.6155282449981357,-1.183013003255078,-0.6690691812266317,0.5993781814116712,0.7040317674473968,0.7649047911115328,0.18967787004856104,-0.9756389681039943,-0.540214011927462,-0.36554924387651105,0.7256450151426139,1.463868516285798,0.03360641592071886,0.8024057095243786,1.4713749839031298,-0.26640374880356005,0.8513407503064329
1.9286904789264048,-0.8628747804056093,1.9456135422524556,0.4731987219313818,0.27554349833641223,0.7997210800857955,0.12841208853960107,-0.6139822720812299,-1.095230051504635,-0.25001562065188027,0.8320034100595132,0.6226938758573313,-0.6835739952870962,0.7417537093637889,-1.4811653539567242,-0.9144603773337864,0.9621993786402867,0.6324107308976551,-1.249298100721536,-0.7219110166766084,-1.4677536407865897,-1.256410442107989,-1.0099881214581736,-1.1591649190649165,1.7266273662719143,2.10765240965396,2.108651552520484,1.6094514957078985,1.3367854252045654,1.3750653696538582,1.3489773998504986,-0.4286178374839055,-0.12847912089774524,-0.781714826616662,1.3048850751707135,-1.045758953718948,-0.38691923048883037
0.8346352631954658,0.025979890223323386,0.36977192083415344,0.2927051492697849,0.7565404338261787,1.086735135279134,0.9927150940151515,0.784078283797081,-0.18475078596849004,-0.3991771116292695,1.1188099728150884,-0.8498723856484579,-0.02715310071167667,-0.585838946174644,-0.3411255133822818,0.8517766846837137,-0.4460040683380712,0.29735622206876205,0.8500902719201366,0.42242411503502636,0.4243045014241257,0.24629683106469577,0.5287322487600283,0.05877553640139834,-0.244236244101696,-0.40516532617886913,-0.0458031093672073,-0.9930025270493552,-1.02988782416695,-0.801227521014819,-1.592359301049281,0.03572239580297392,-0.5995393932114002,0.794471520803468,-2.5792354401817805,-0.12514223330806962,-0.38129322462214726
-1.0155734802694352,1.103889432722363,-0.9396120711145941,-1.191244697683953,0.5617469367304606,-0.766436041339361,1.4507838476040678,1.2817460740328546,0.3973901334234139,-0.35669214110598213,-0.12950747791317666,-0.867573159890519,0.6799264617405392,-0.26825658758356247,0.34564410581294613,-1.2122323143849871,-0.9673079017811493,-1.1661057874523273,1.1052736853975473,1.0679294927493,0.9889590005908728,1.4862263177908392,0.6283474071393012,-0.422072742416907,-0.8051074767802682,-0.8475691054258783,-1.5324441859523643,-1.6271031217504106,-1.5490890690867278,-1.7931590164972255,-0.9825864369559035,0.9919438347071129,0.295773510110261,-0.7760714388209838,-1.4151353889643592,1.3918731277959047,0.19735869100161274
0.4885980168881793,0.16191748298819583,0.5639906461023011,0.9167949696085197,0.3881658424860376,0.3394588440216578,-0.10448201861418649,-0.5562218716115631,-0.2308367186886426,0.16680877199267485,0.04376299934445849,-0.07537193108106882,-0.05220397065554597,0.6814049419407496,-1.018792165160997,0.49801750500736236,0.2836867427869683,0.12479283479385843,-0.4439059989232293,0.1274136307820188,-0.05246750041826759,-0.2805978263642976,0.1733638794852089,0.19453832292103698,-0.0960320833828368,0.08428196135950512,0.45753186062854323,0.12290948159217167,-0.089000468405498,0.17273047992865326,-0.7216179698176476,0.24019823555855188,-0.9382518313386966,0.8195927457422635,1.0937435126199002,-0.0765532073570675,0.22286577079928793
-1.1991832764254295,1.3008229081674159,-0.29232881287961837,-0.638641968730831,1.1392449284273345,-1.0617114819721747,1.1220336025980362,1.4058572763985153,-0.12723872722469584,-0.5822423174506054,0.4624575420114899,-0.3477313507619643,0.8676625779506911,-1.3534752774240302,0.8293335203882718,-0.06321566860446157,-1.1577768515316937,-0.10991314340881231,1.3006652349676924,-0.14182774483153351,0.31962258192364146,0.16614355468576716,0.4174224727055344,1.4163813016524356,-0.3281415392177144,-0.4987634184923398,-0.44767140387583737,-1.0722070297219553,-0.8027705750646283,-0.7413005530891594,-2.2136667754948816,0.21535181894998517,-1.1781131600725603,-1.3837689072794912,-0.07035235872617074,-0.3314147058810474,-0.009463058900581826
-1.8697231132751913,1.004214787899966,-1.3114060828100214,-1.1899167646923237,-0.8188061972179499,-1.3705650873458886,-0.7750879282487105,-1.0414229359809226,0.07669921665502463,-0.06253866011575884,-1.3109883235050976,0.6143444774521626,0.175713314490715,-0.0131912508213981,0.18045504955503525,1.068419442719861,-0.6519030419619776,1.0558967780488644,0.7189501681288603,-0.8290912525220797,-0.878451340181848,-0.09808293351273548,-0.0854142606060535,-0.006970457432948171,-0.003579418786458508,-0.19929129499435083,0.6388307625262813,-0.2757936578588751,-1.4070135983180707,-1.565583609108239,-1.3746065481039622,-2.003912322284429,0.7248425045075271,-0.05812351839043648,0.6529394747701014,0.3632648122831378,-1.306424708541524
-0.7313802132126646,0.8679377048207438,0.573586413839438,-0.8728976947172856,0.8574230498608706,-0.7049688691821809,0.1946799706084442,0.41886218425553867,-1.0596239817037185,1.1949654589262841,0.09692246209703724,-0.5979895583410696,-0.3378891889627006,-0.35036208124966955,-0.19066521485619875,0.6798508778167004,-0.902720970617058,0.24677496456040365,0.4138185928047616,0.5020089461199303,0.42825980429891625,0.6310199476737752,0.9708493702952752,0.9045448575622406,-0.5131040107822252,-0.6155811094806636,-0.9222996743193619,-1.47256211260141,-2.501899675390531,-2.8116387842480783,-0.8387244060051313,0.6390868578203227,0.6313654918143394,-0.7821462168532727,-0.11399049540838452,-0.7268466445470353,-0.16061799446507116
-0.1744423290376017,-0.48293655907857946,-0.3508969512874929,0.3367698064303046,0.5842600477409422,0.4203259869073777,0.047239986968972504,-0.0756011799572324,1.7127326258098856,-0.7705970310888294,-1.245196806858358,2.461976564898484,1.4081755579408013,-0.7766877201083947,0.9459623144243279,-0.44160738199372906,0.9667772415260321,-0.5281540416939485,-1.3544612440984103,0.009474580684901833,-0.4106086367970456,-0.6867345494923369,-0.4049699742743957,0.23351233868345295,0.41584822841849944,0.6343407590643929,0.11887069078962016,0.8965191712574485,0.981693959888339,0.49058450310165674,1.5539348637475636,0.01669774588395332,-1.3294609556814372,0.901267326074051,0.6053887427770527,0.8207231186870599,2.1066616793770057
0.3677514930348301,-1.025481275632734,1.1057662338895184,0.5089343622198842,1.2475127261881205,1.1150156175131511,0.770160706905012,1.0266822779900173,-0.9661982206292726,0.9445177147170378,0.6122250878600267,0.3678926953922007,-1.6076249874730937,1.8464146090497382,-2.0156067559231916,-0.20753178559105245,-0.05025783499191775,-0.14766602596293346,0.12648973147434528,1.1007512790992522,-0.07613476843590253,-0.016533789062086475,-0.23983327970283252,-0.10970057641148252,0.0917440492635649,-0.3918409200456756,-0.2355675653911788,-0.20950859468819522,-0.271808503421856,0.1095651282887801,-0.37361206532503527,0.5006085615549574,-1.8610276823369845,1.145423258119988,-0.04592660275362162,0.47077250409027993,-2.676014008028571
0.863169270687981,-0.5752848915253144,0.9712127658052787,0.9382143678375916,1.394307123074719,0.7095168465366064,2.0637519613345185,1.3801606421307226,-0.8256929129335983,0.24111268859257778,2.1261034753498773,0.6883896684984555,-0.08371696049612647,0.17011943825323958,-0.4589250192025926,-2.0008086748059037,-1.4136553334259039,-1.5261789543201896,0.8379788681379179,0.7559683661339263,0.5983200485898551,0.20644103217863466,1.1999317032429764,1.6601643973825044,-1.1057851978548514,-1.2936243755687502,-1.2839648139036528,-0.17794008631915353,-0.6333573120682091,0.2432664476524746,-0.0972020400647341,0.14378093357766072,-1.0250924256556335,0.2332698482315122,-0.49118439863378033,0.012132561712150255,0.775785424190759
-0.3851635183502338,-0.011965115490836835,0.19256176429303057,-0.4497161330400485,-0.9428178126119873,-0.7357184008305195,-0.1968090892228122,-0.8406249976620449,0.16802402735430522,0.16912831020854574,0.8663720553629393,-0.050215601735113295,-0.9298650532316509,0.9527545620253082,-0.7828962987463778,-0.11304891000874083,0.6660309383818545,0.6023699947475402,-0.3718660406803544,-0.7339972207995721,-0.784779114069926,-0.6696349775239628,-0.47206778731082527,0.39936792700768264,0.7819872608404571,1.161432068943989,0.3758219052436759,0.05695108217209783,-0.4488615124856737,-0.33508176304415394,0.9615194910631997,-0.5954316331893221,-0.1284285243308608,0.20052666952921935,1.0112955814449212,0.12816281854175143,0.9528130343760152
0.6637333501184728,0.3565843389495352,-0.32862005625306406,-0.3823763558748717,0.09061270877453825,-0.9491134065505987,-0.45556354873178945,-0.1863800863550019,0.8599022057782486,-0.35865875321307406,0.1790079985347677,-0.025189667209658147,-0.7352607020639006,0.4918556286346686,-0.8664659223362049,-1.2728404756053446,-0.8161746515804839,-1.1263382127631567,0.3748349526518961,0.6957511018937772,1.3880233849660255,1.0872473966636818,1.1841611516857207,0.594891584488342,-0.5120158775478681,-1.3309259888870038,0.10201155507391779,-0.14471507464014466,-0.39411745998228814,-0.7888747462806578,0.05666928905429055,0.8518500629650494,1.1778509322632187,0.7362355466334347,0.15109803537088268,2.0250747754670377,-1.329154614213146
-1.6456038471253414,2.389786407358623,-0.31881772073850395,-2.5237534578470133,-2.309132241132222,-2.128384356609146,-1.5456883201125402,-1.045693446029391,0.08748256749674282,-0.14675582285654917,-0.45910380600429374,0.16412310639546995,0.3530245147375004,-0.3086954541853591,0.8414569232557016,-0.20290993111917652,0.6101397824494408,-0.45780992717346447,-0.3422333190633173,0.32686287055476226,0.5864951982829004,1.1271428048273728,-0.30225930544270563,-1.0952767618150097,0.38791347521587777,0.33542668451084623,1.1589698660538148,0.6611226947531823,0.35412738683019807,0.49857654584928296,0.7231228244705394,0.15863105430925675,-0.15332447090863124,1.1513452851468338,0.6032763535293664,0.920117852708192,-0.48937647168797316
1.469458560511497,0.33381762172786356,1.1157679163091745,-0.5913085202412982,-0.4324263201525266,-1.4152123155758631,-0.9251302267871738,-0.7056858385949492,-0.1731184710156806,-0.03615623619023169,-0.5136069927482039,-0.03423604385675273,-0.04216175955102255,0.23290279026025046,-0.2588003088750192,-0.6294930680162805,-0.8053929636983623,-0.2209856035252131,1.1603776079385073,-0.1375327862025962,-0.3172034901181874,-0.17319764639203114,-0.5994402046947778,-0.08983599777352622,-0.17069494593422535,0.246106296593494,-0.4036479161760968,-2.2077971530513403,-1.156122607258081,-0.5200502744619137,-0.22288861039846117,-1.3225541789601316,-0.7813011910599226,0.07229340115892083,0.10630867002064222,2.1836481386961215,-0.9912905650224937
-1.610132079209777,0.5880696101029947,0.4580952877920737,-0.15191806108491868,-1.0386960578862372,-0.4648355158991859,-1.2116746466963566,-1.4626269980866837,-0.5091193333575275,0.20707720149436679,1.4684803773087243,-0.8937375951337582,-2.323250069337617,2.0097973151066624,-1.8949059097303556,-0.8724014381161344,-0.08761461597975599,-0.5762670972794497,0.20577593931338234,0.15467285085331917,0.19454936243766688,0.3483758811325177,-0.16673365102800414,0.04351067388329108,-0.16307664998238397,0.3559834500868034,0.4229465032688347,0.678091185258812,0.046844661612405816,0.9075981375636181,1.183423403362622,1.2642980067184828,0.15355789661113944,-0.4623387386407697,-0.5401326718976556,0.5077747029404404,1.7056115031166137
-0.5234138904363251,-0.20684557630687597,-0.18915021006854682,0.5058894425854156,0.1609085318089741,-0.31717250617728127,0.9105124836644873,1.1104434828300531,0.12401058999000443,0.23524663838198057,0.26040053890814835,-1.1889839353575289,0.09293640602485503,0.08298544683452526,0.1196322971428834,1.228251080368622,0.33639066842768095,0.9694279320224518,-1.387351710300652,-1.3711244938025628,-0.81317241713822,-0.48769202087677954,-0.7910761529561926,-1.2635171234437108,0.5988271131468303,0.788095107514513,-0.33261533601955817,-0.30949637105525085,0.11912380813576161,0.6750579138770384,0.39479062209248644,-1.463047043478918,-0.11388250435447736,0.6795754247984864,1.5631919829427365,-1.5060130246370544,0.9961764215841764
-0.737489983385756,1.1379225801565305,-0.529706979361906,-1.2033150151056176,-0.6720900968163553,-1.104723937464592,0.633774054991184,0.8144448787278755,0.08785176395885211,-0.13560682063322796,-0.89638239533839,0.09597469673792518,0.876544682796788,-1.029684836581227,1.3032676287315237,-1.279009224607706,-0.0730029950949584,-0.8899472982401699,0.370723955265074,1.1160589010041069,1.2191564538105175,1.489465867205709,1.3649401576968332,0.6906917908343663,-1.1045069670452201,-0.7474707279938141,0.47649165388857445,0.4285435513621714,0.6557263906235684,0.6749668449467964,1.718215543407809,0.858443960442011,-1.404216120087812,-1.8154321666087587,0.3046378893412551,-0.29041903343901504,1.0419014186397315
-1.482612204234525,1.0877781767209138,-1.3916370960804416,-0.40812102746224393,-0.9515068300284657,-0.05967014070918394,-1.893035204578372,-2.188109921800809,1.5478893180043376,-1.1299364562643286,-0.15358649708480268,0.46604686480476787,0.8187755852599349,-0.8122580424461532,0.5851469686572437,-0.9603572055772758,-1.1672337517891032,-1.0321589282788919,0.9800952991569377,0.866786576046129,1.521341731391865,1.2495627864888734,1.7019116728789254,0.9605372000876656,-1.105504475857625,-1.3206449202612407,-0.5673752718850669,-1.7657192333633496,-1.5890729702972022,-1.1231788867358898,-0.8269779837608754,1.4419536479292112,-1.3981621804319464,0.9408090831303374,-0.40828668633991505,-1.735674438898364,0.06809515960062115
0.31538399456297433,-0.6888918864633098,0.2265511003558489,0.8794404391896998,0.5607081746053605,0.9232651325183322,0.4734188722079457,0.6194292457642498,-1.0676530153042776,0.5322499379268396,0.6822925422803238,-0.937901321277505,-0.7163365974589175,-0.07098004275157117,0.2830694082813831,-0.6908460431023611,-0.0357965899703334,-0.8682891936650085,0.0006830220569826431,0.6044982206764663,0.1710275863343544,0.19520632120211018,0.7894030027376728,0.711480954880189,-0.5349353414297113,-0.7504325880908084,0.03704959526992946,0.03151794711559268,0.4071748318784217,0.03257299859012536,-0.10411741041451143,-1.1402419917906836,-1.370801843008836,-0.6719273974571505,1.231780473709451,0.5040288201969888,1.1936878305490912
1.7144175243817679,-1.6896297301365286,2.1736630271043684,1.5350151936460876,1.6429849844227509,1.620422874581646,1.5734724952120929,1.4908429701626023,-1.5494389217612494,1.370491582644417,-0.2550655746926126,0.3155547407046919,-0.30935154488184957,1.007640117138209,-0.7080021249913568,-0.46993577875117454,-1.1472011844903334,-1.3381649203646517,0.8737959471330399,1.3702511643653532,1.6532757857168654,1.4493067920786262,1.888319835399018,2.0965751067289733,-1.8486049335967047,-1.3158401442161936,-1.1974828290388004,-1.2024591808813088,-0.7928454223941988,-0.3296400506711258,-1.964549585761877,-0.16089228698383465,2.5277732895905514,-0.20402879956782213,-1.3780168790309753,0.7222206334697869,-0.05366512854070744
-1.8656148292409482,1.5573844724823136,-0.770706941142952,-0.9393669051328908,-1.385471145922182,-1.2766865663975322,-1.2837630039154058,-1.1183075058174459,0.9560245069880842,-1.3763557859387405,-0.9454794002528467,0.3386168390508048,0.8575212444762366,-1.3558430226155365,1.736586920999554,-0.8725533731006607,0.35766826338252444,-0.9288229146879221,0.11642115780408463,0.23191204449703073,0.006592480482569192,0.6418711122606362,-0.5362498132204616,0.17474875645517746,0.1254267723320105,0.046476151624838064,0.7756962244245439,0.7115083680361319,-0.01682182364262903,0.40813704255677824,1.1481140542327355,-0.25368233191379524,0.8780595038200306,0.9471808075240542,2.193657688851471,-0.9172948192079644,1.2381521523484889
-2.351881534937851,2.4008033121192334,-1.4468768212408203,-1.427950980421784,-0.11286898117614155,-0.3199563930992656,-0.006861953829776531,-0.5762057653492181,1.7533169211946966,-1.784801652549221,0.18391564459972884,-0.825325683711686,1.8284154632003802,-1.544360016532001,1.288603893300439,-0.3458215460772943,-1.360933685894249,-1.1636676396743102,1.3404301273243302,1.2210909733612174,1.165605577385501,0.42721071568581004,1.4895769197722724,1.6537972823401605,-0.9876248068046293,-1.4579676796134742,-0.4147698772200678,-0.3542669789516672,-0.5883880088062039,-1.6329579433195447,-1.8673955688529216,-0.2088965731521446,-0.6024202038238524,-0.3785419460581661,-0.23166745470853048,-0.6858583477350635,-0.18636166284559288
-0.9107020912303672,-0.2719290374698584,-0.0502675158048575,0.44327320856478963,1.0710207671757201,0.7398088992203148,0.6277335613703178,0.9145127089681672,0.37024870698525325,-0.2775893306837761,-0.1993562007656691,-0.35699350380815903,0.7096063584916587,-0.6126937191153173,0.8098721273150549,0.32710935817726683,-0.8620165481138308,-0.03293693299129521,0.6955126135352061,0.015273306660420028,-0.2471451806541317,-0.40708228184142375,0.5100051755010728,0.22809495953965608,-0.4711454186037982,-0.34243192143634954,-0.37170176441194847,-0.5827843981929994,-0.2969378677147128,-0.19178943366932977,-2.1436571746524926,1.7837998077232387,1.1309191743353266,0.6797161970141277,-1.3249910456572758,0.12256992659066233,-0.687583504002156
-0.26042258834876125,0.4616677857412358,-0.484509095441918,-0.2903288710136346,-0.9624393533092623,0.13393310206905257,-0.40599191962518033,-0.5899979159605099,-0.2251230130049032,-0.18368962919145407,0.6920614788458438,-0.5218215368587914,-0.7066371595281762,0.5820743387694098,-0.36772871805379825,0.7012793733466736,0.008176809505506713,0.8834917046633509,0.3549171776635948,-0.8093371290059308,-0.7908385550939874,-0.7773977652864387,-0.0015746016713204265,1.2910024513921166,-0.18603560675569925,-0.2330317679792074,-0.9018029895876085,-0.32792320587700297,-0.5684754548668226,0.1775714795703233,-0.04863872911172264,-1.1287146753528086,-0.5762876899323991,1.169061143936283,1.8619625615766198,-1.2310512249637127,1.6649738699191101
0.7582850618192151,-0.7595709533692404,0.17802475164487547,-0.3171591408441184,-2.3794672929365883,0.3979333034697419,-2.1285719943714883,-2.1972159399455475,0.21342100958674365,-0.3758584191412525,-1.6987835004232263,0.2609341024915823,-0.12007693224755953,-0.11746029514770273,0.24105404891013782,0.651874874058587,0.30023148830538954,-0.16865337501189695,-0.05618156726479708,0.40292660701844907,0.44687559493503104,0.47165668590750537,-0.10200263338983274,-0.07426589178733127,-0.5877809762699869,-0.5454797362403367,-0.15673144202654965,0.5540712806651994,0.7716770700540118,0.3732718138536229,-0.05923819627692627,-0.3439156390005321,1.0972231804182815,0.1446964750928566,-0.5168484261780202,-1.3064839881135417,-0.06558023664530001
-0.5092699672010471,-0.02286095652491665,-0.7858896589959956,0.13309632042811118,1.0193182880287353,0.2111855439193882,1.1584226956310661,1.2437327934588709,1.0616182250155735,-0.4936632840112772,0.34260563161882873,1.2635348700235345,0.7600405417877728,-0.680384677605148,-0.08279992135050492,-1.9221136054243282,-2.0234413259108233,-1.7776837850680147,1.6051575691508202,2.35744990226648,2.3568203922798614,2.2918252573183056,2.0515211961607753,1.4140748488271349,-2.3081138918236537,-2.862385609380562,-2.3446383015446264,-2.0852888452545355,-1.181528145363733,-1.9825707519119364,-0.8912250450817032,1.4582746487973015,0.08402017160884986,0.34522845808040314,0.19245667119005244,1.2179263117453172,-0.8950063589495474
-1.8954826839936985,2.4318366180580853,-0.6508114394252018,-1.9371248751357069,-1.3824777817036187,-1.6071278297229035,-0.5337040597737815,-0.5714800461824234,0.8994711458846638,-0.9079064453518093,-0.6140556728343526,0.6630923536028398,0.450106899090929,-0.4541752279352763,0.8242484848352987,0.4065231880423769,0.06949778466301718,0.37753289122896555,0.010669815116582295,-0.18078009806802758,-0.13997758551688505,-0.14481506561983257,0.28207297651509194,-0.5863845529238677,0.538622376521662,-0.20007745842547678,1.0050641848542035,-0.11670029949913482,-0.10868254173796867,-0.10437001113541997,0.47450375298994385,-0.36022773448251527,-0.6687554138629456,-0.08376640679582145,0.6688458049902589,0.0883586404554742,-0.9052415454009156
1.2833372207267857,-1.3474034056709254,1.6492878829739237,1.3317084456983108,0.8404655777596161,1.8402064901393853,1.1830492649943032,0.4820208792025063,-1.4416502550187922,1.0498671080663415,1.007485614706697,-0.5727043981076644,-0.4778006153373309,0.20597369216515488,0.13571710184725533,0.4693107420988594,-0.3255611120813424,0.28513307793120424,0.35792353128341114,-0.3211433254593971,-1.422512228805462,-1.4063286886863653,-1.766487379335779,-1.639796412507397,1.8277979101960937,1.8344800880608674,1.4881880593190504,0.3055817361360733,-0.03819767363115317,0.4534023096918808,-0.42361947800789945,-0.9704516442278732,0.6945792098450206,0.1502369833701135,1.1372379375042327,-0.5878413795261257,-0.9023551855018636
-0.9513016299404587,0.6168833309917346,-1.2140417125272362,-1.020606033219817,1.0925344033638122,-1.2902810752986877,0.776658688246316,1.3426790348141673,0.8257228294807492,-1.154175386558154,0.9851366220307024,-0.16298222560743236,0.9175356862955565,-1.5262749102834756,1.635819047876294,-0.6544044407056028,0.1545597471317783,-0.8127540094227834,-0.5836289011599329,0.2599622023884834,0.1887340237255087,0.256341381778611,-0.5502611787236731,-0.19748510143293596,-0.32673393927827415,-0.39843485525339584,-0.24620736774081542,0.09797239266372895,-0.2693829451584215,-0.05178382539605158,2.2655375600866736,0.22324309145689614,0.14228735360962277,-1.076364209382821,0.24921816790868748,-1.7275478313589367,0.7518855795536495
0.6198638782434925,-0.6918247752552906,-0.02634454310353826,0.24592874390897457,0.5285193279588537,0.07808834847180365,-0.910104847953232,-0.7279563165363748,0.6371304547099029,-0.8016794849825836,0.0181859102692548,0.053800841111560686,-0.0013614829880109402,0.16897634251633956,-0.36139855749773003,1.7166502018576453,1.7945562194117162,1.6463692034435005,-1.5066447068416633,-2.5077837236282963,-1.5669656063433095,-1.3559806954297928,-1.277979712193202,-1.9734124902326688,1.514071166738547,1.3282055846885148,1.5609360435421105,2.0792094023628565,1.5765031550515245,1.3885027795499096,0.7037764732569294,0.7635606252481081,0.40783944984356085,-0.257304410022139,-0.7017503474665042,0.8297050632097831,-0.13928245369083592
-1.1785465752617341,1.9181168207502617,-0.9186694456968117,-1.3524479126912243,-0.42340511738552883,-0.40951471449839494,-0.05109034530223202,-0.05135453980554699,0.6956828723221353,-0.5823590947812106,-1.7129216276147554,-0.44769567740321287,1.616330159414223,-1.4211088794829387,1.855962235159592,1.1264334136127585,-0.08090970015681005,1.198571418664981,0.052125996457602464,-1.0152911030444254,-0.9478471117056767,-0.36242967435379636,-1.1351004170573986,-1.4869904462509789,0.6377748520725364,0.7151687376275822,0.5715667664281548,-0.6918214176631757,-0.7944984292424913,-1.1057606881293305,-2.1472462574422475,-0.4298225556693841,0.22171160655917835,-1.247411794084521,0.16810530716332778,-0.7148852738987321,2.1250652391263856
-0.2077239305644264,0.24254851935852467,-0.8459002232978475,-0.43022740627507255,-0.2533894939957171,-0.4593012136245044,-1.0619269281025336,-0.9733533715967566,0.0324556667826205,0.3163964328829581,-0.31953570897984784,-0.8131228551449372,-1.2639710313788206,0.968542135025012,-0.9325679539664794,-0.1666005380818955,0.11828135735840475,-0.15344528439543687,0.4795081732374488,-0.3759041511635814,0.33983435075411217,0.866210049879276,-0.3745817727277767,-0.5879876178972301,0.12795265998957067,-0.09008427299357426,0.3665065082372886,-0.34321664767523014,0.14007522058760302,-0.36908167947291265,1.098301020307354,0.5133573841049177,0.21102605217877168,-0.8596808625186968,-0.4728167745013349,1.8431037127254197,1.0747334124716643
0.3404537831134611,-0.3304838050556206,0.4023573190261685,0.3625628869340438,0.08075750097652731,-0.04496629290729742,0.34084576319052373,0.3192659246301869,-0.586198787919536,-0.29032624548298613,0.6348429164710369,0.4817117430818099,-0.04603499789278836,0.09162748379711501,0.0644299474556021,-0.5868055078613029,-0.03813056054087288,-0.726877231281723,0.4193677152741824,-0.4023578970734145,-0.419350607280298,-0.30708962264230266,0.14278373782062367,-0.3517922015672995,0.6076674044484485,0.5092449799910862,0.06858609934395367,-0.13840312674209598,-0.4029881366293524,-0.26616144698556865,0.4387059526405465,-1.409411712199636,0.8175370875954101,-1.9590214918070077,0.19824739527817223,0.8366987626183479,0.19704210799197147
-0.8917371405251209,1.2788276102109495,0.36108023192377725,-2.2131491001900843,-1.3993254579824241,-2.303440495074655,-0.9049869083629313,-0.7778747169311703,0.6525096501089823,-0.12222289479878724,0.15383715568089426,-2.0615661249262063,-1.163080384494764,0.9581119315011246,-1.2735248149095704,1.7001249030354033,0.8314871491761491,1.893013982155693,-0.75313098731962,-1.8560467803714082,-2.370689180049589,-2.4135716716369684,-2.0663651080219747,-2.181264468128557,2.6305504128776183,2.402791047338536,1.2059124346755368,-0.337976177614629,-0.3685965298722186,-0.34471314806486736,0.11745331574274598,-1.3540601725043748,2.6336438251532805,0.2979168021226107,1.5830331398814061,-0.8391299638861177,1.2804192573844169
0.4107114687694444,-1.6479901704046123,0.5426442842149186,1.4310746274843649,0.775245130062844,1.2813414156915335,0.5058958428193968,0.9357161497835075,-1.287704110013933,0.9097744298197717,0.10342526843878527,0.4557898378745031,-0.3738873497460189,0.009011030942088294,-0.11631093516353043,0.0002940075238019574,-0.12778447862881487,-0.64301863083434,0.08059573192319872,0.7163338177277442,0.4323874620064059,0.28793274891061654,0.17588212624518337,0.7907128811661027,-0.8057642606043055,-0.5378076416382911,-0.995160174451305,-0.8241835606315328,-0.3070795927261395,0.11859641186668012,-0.30384647702701667,-0.47686688459562415,1.274033217078689,1.7193313301563087,0.707236833741451,-0.74599425976174,-0.5140040732496947
-0.38584293523550134,0.44990940867120316,0.43574615912695175,-0.010648309258444105,-1.407336687203051,-0.2513060713396102,-1.0989069043616715,-0.33847782309187413,0.4734297365166393,-0.43913066067321,-0.46687643096208153,0.9721098063744137,0.18172819003942736,-0.5114643048662475,0.4941928596491983,0.10617439235116341,0.10623370037008116,0.4165148542826586,-0.6997148795134306,-0.035236847693585115,-0.29236410123945933,-0.6735578323375007,-0.6645318502966826,-1.5166901453546582,0.5555021513217906,0.02374486095031651,-0.18961385615091433,0.10423715758913907,-0.07183176114057567,0.13832813806096642,0.11707228947979374,0.5488547625989606,0.22592598266386535,-0.418960175034717,0.1557086619725735,1.7035729733661562,-1.7981541899147315
-0.4855623707313708,0.5439656760460375,-1.245176442929163,-0.3485061034341995,-1.0369725242012946,0.006835113394998188,0.024612597869576702,-0.09430566114487755,0.9619319555645999,-0.4374147651398034,-0.48775252363946,-0.3395616639831341,0.3356848435906711,-0.3767485813372956,0.062052212103515796,0.09337272182044509,-1.1613861948755186,0.27577770071227986,1.3374328541941212,0.2297239921074745,0.09252041249471525,0.37940598672935394,0.1613613947025572,0.22154070880529536,0.024519337757508544,-0.15394031973334704,-0.04484528826771519,0.2929071139172515,0.030889121440372706,-0.3044855412591848,-2.04447295182947,0.7196058466327669,-0.314095196355225,0.9960478790318866,0.6897310771400478,-0.11161098998504483,-0.9807718548191282
1.51258472699478,-0.813469595016622,0.7183007448585808,0.6300427139684036,0.3595261726519991,1.4494497220534062,1.0609308206381254,1.2469799562267179,-1.411945572026305,2.3780365134188277,1.7198217805797844,-0.6174450594059948,-1.9142916719399505,1.6209862817163019,-1.7377646084821832,2.3632434531587356,1.9420124234026377,2.1493300415044785,-1.902446733907198,-1.562918197450952,-1.9345267027147497,-1.8603790556545747,-1.5250719878051684,-0.9362240081776823,2.128216011118308,2.335468120789112,2.1661413041639723,1.4687561957121902,1.6715206248419339,1.5743652790898062,0.7630180714540996,-1.2156404883989416,-0.20219897174284715,1.155903149744119,0.7616140726182172,-0.5428181978875658,0.09318773829821583
0.33969286164945334,-0.11886486933999527,-1.0610762778569056,-0.44441594691025726,1.4608916038420907,0.265892407132113,0.9756156494497259,1.1490763524313106,1.3072820464899164,-0.8149946244412437,-0.7581193963039767,-0.5874629446464676,1.7050331667975778,-1.8411147614263523,1.8906927402946605,-0.20068030986230476,0.8012032116835853,-0.18870685019154765,-0.9197300752134296,0.5861349148857097,0.5094809632370323,0.6222457058537649,0.6013596109281547,0.18898847550938364,-0.9833469856618904,-1.1732286099599807,-0.6413557195438594,-0.7123156005023995,-0.02509294725235053,0.02157021255242396,2.0889454278450983,0.6826862968222107,-1.2770374160618658,-1.1587339321932137,-1.1340722753774095,0.0009327046890118428,-0.2561252391355661
0.4755776618039673,-1.0622435660971463,0.29289392192242775,0.015348878991046073,-1.1410352122590008,-1.3197170542655539,-2.0441873227826135,-1.5660871306136506,-0.6934752279293108,0.34671429523455344,-0.5146438646554502,-0.12100947367214426,-1.392459427125028,1.4707811491940117,-1.046915018686394,-0.004415612595143893,-0.5206343570917309,-0.9274940100013673,0.48891252057434,0.24212092825421586,0.058663389337140284,0.15989260266799923,-0.5810741639124732,-0.6132875595712721,0.7992084231601164,0.7972242586425066,0.640847803702112,-0.12955706877433007,-0.08719657395412751,-0.8215887005591437,-1.3433615482219552,0.12714599287013667,0.6790209542478617,-0.9443347652500611,-0.009890464120996334,-0.5474427357693834,0.7329655221913778
0.727574709450945,-1.5855221763599712,2.009758174104389,0.9891147441383997,0.19154875151034084,1.2043183971685552,1.0883900469044283,1.5186572818131967,-1.5086148799220784,1.3941370406999216,-0.38259386773938175,1.6847011717106073,0.23390155023279904,-0.09887907255955611,-0.38393531451769525,-0.8260336746705486,-1.193619354464385,-0.0579847522209728,1.5700509098090114,0.014166120197414426,0.5906606944353522,0.35703965737167365,0.7380772873099022,0.5596913691724994,-0.48695356534564715,-0.020018788969873864,-0.6835656584707882,-1.6521878532861405,-0.5705126728433061,-0.6828126642578057,-0.29492852129394614,-0.9141172925094198,-1.031386941108937,1.0215998535691897,2.521237738903074,0.21533118260100403,-0.16361008599346036
0.5642434087129828,-0.11125363089326702,1.6128839970712003,0.6040608431278182,-0.05433123104373801,0.937736458204889,-0.9792545420491271,-0.5321015378495727,-2.4279915081930996,2.3001438935291234,-0.8786378758070545,0.1806211956361705,-1.7470960971832212,1.8048049970867717,-0.9564664712092854,-0.3767061755056823,-0.4853594703053112,0.06845339461892808,0.836211994392917,0.21224575032797804,-0.36873368903236775,-0.5976529786454456,-0.03645041555765203,0.331584230914096,0.2956412590448511,0.32391182475582114,0.6973600305337825,0.449209912018473,0.4636728991741077,0.43378315623245767,-1.1636101498489084,-1.3671654531755124,-0.3770820395779222,-0.05679068882611576,1.166003716657779,-0.10313278563323668,0.6608064769850474
0.3414275619097187,-0.5764806294602665,0.5066261573830132,0.4632593612276015,0.8865328168425043,0.20158438728912464,0.7731358598571297,0.8782872863823229,0.4472743604124849,-1.1007121337791594,0.3581070055831909,0.053318689884343455,1.4658882881413375,-0.8771071101579603,0.5358146158346031,-1.0298857236534067,-0.8937565336576969,-1.3727081512546373,1.2277735180134919,1.3003964978278635,1.2597209099853728,1.0707343948439976,0.997199984809088,1.6913437004779075,-1.7569137335642215,-1.1127191232449987,-1.8196457771227692,-1.1492291998839368,-0.533474795945423,-0.5130349243524889,-0.7787328623220089,0.19019276108605232,0.6849330660201071,-1.2499837272293708,-0.5572812784295861,0.8529780187017788,1.3721279882645383
1.239984060142775,-1.2515379348305349,0.9277077445570292,1.4368593682061128,0.9836698091408572,1.8641216306324224,0.7541236328427321,0.4249071117383541,-0.9188762628107376,0.22888395675544548,-1.4622971860295193,-0.3022432623778834,0.7205616373229057,-0.12682357888411513,-0.2218825057685952,-0.8053468001518947,-0.9211098203781322,-0.3441724264971798,0.5728867687332281,0.27341902902841264,0.422472956131224,0.5536870286743638,0.8228248569302777,-0.10252225742868548,-0.8256358341557698,-0.4180682281627695,-1.0600705104992396,-0.8030419713878869,0.2907076366814159,0.39805930112506294,-0.8301549975472458,1.2454247044163873,-0.23946348083641833,-0.598921530913558,-0.6574622052167532,-0.4174544312048724,-0.16652180695664337
-0.9742945876677435,0.3378633910216965,-0.35246832970493763,0.4057902918647314,-0.27249605327277737,0.49658278854195337,0.0387653865147435,0.16447055006593034,-0.13255307430158653,0.3364946950730562,-1.2483767469760902,-1.4671634791179164,0.16188747707740214,-0.12862399811728492,0.6075361244888837,-1.8221350783724384,-1.3135038392343947,-1.507160624454387,1.692821150812761,1.4154540468693873,1.6025122456202414,1.510944541118362,1.0928609033906524,0.33143830602915914,-1.756332686498165,-1.8656435374851466,-1.4472154198484874,-0.4071885825820429,-0.6504480316492998,-0.5287350413798871,0.01588053625100569,-0.0032814092860400748,-0.4991234749021906,0.452966102750252,-0.6909164761602207,-0.916189665733387,0.478578185110612
0.12936764870242126,-0.10120743746776373,-0.7160956530764846,0.13273128645271326,1.0730632889978713,-1.0075592482267743,1.6410545588869632,1.0593720561579925,0.6593236320929465,-0.2715614979392532,-0.6858537589083609,0.6890875119392281,0.520058428926687,-1.0974965211673107,1.2436916683761343,0.9166670368234365,1.37203825826932,0.5087267620879097,-1.4745645241365253,-0.33402274984821834,-0.4692594770401966,-0.979016448041598,0.12340262574571986,-0.42057670781387985,1.0968993678077783,0.7096883532828404,1.064223346544153,1.0793445213866537,0.6559524601811308,0.7275185083373082,0.636733149446396,-0.9695964313787893,-1.2173082943951812,-0.755309930419873,0.8180836833612384,-0.3776661393815275,-1.7036822448311641
-0.3361947833885686,0.24731818885882967,-0.06679231337574379,0.18849991403837416,-0.7008881414635086,0.23534553961411245,-0.5305146616994764,-0.28679760810641364,0.5982625725764834,-0.298433057034499,0.17588010060477927,-1.754203956913206,0.11386678652674627,-0.19364355068530115,0.48818966834495064,0.1791445807699178,0.633381861903715,0.7243322730348435,-0.4140629015615262,-0.6697873022092126,-0.5019623328052336,-0.7863922742981074,-0.3930089921152611,-0.33576694480811137,0.6163173895894494,0.4262134190578583,0.733614036650217,1.0205324570970433,1.2580937140436645,1.1740003672508574,-0.3678789577822614,-1.898728462865271,1.229767267919117,-2.727226392280584,1.5624405278778715,-0.383795981526554,-0.16293006742590804
0.12213683633114279,-0.8128864775361161,-1.383761027447178,1.2731032204538568,0.37658611218796056,0.8624974240737945,0.006565170374558602,0.14187126206554984,0.9337994071546031,-0.44125440559871615,0.9854604838122628,1.0015655015220268,-0.12803828124624828,0.7130388258726738,-0.9469617096986966,0.26295577409184384,0.746150079723882,0.012044236882520907,-0.5560963926894462,-0.3494472779399957,-0.15715063220748246,-0.2280638436545107,-0.34595599801186466,-0.5252327511241918,0.49472748894489593,0.5749546965440321,0.39553904632701475,0.4393822415068774,0.294352234949492,0.24879479410606853,0.2234889715346154,1.4843316769170252,-0.8463385481112782,-0.2854555315644627,0.5327671084579074,-0.1048515708048661,-1.2097506692910658
-0.7313574289970152,1.0757554575540254,-2.2658133649406254,-1.6782973752502608,-1.9527508190096574,-1.6956261799163956,-1.4113317938732528,-1.8711101398357457,2.2771686108085167,-2.1186965386083316,-2.12142622443156,-0.20220378835149982,2.0645323921927696,-1.9235347368332687,1.9407750242705497,-0.03371828595408995,1.0417659614298638,0.6181614435309759,-1.058177988294594,-1.2719122507786065,-1.8864388661893878,-1.8100691054791849,-1.8321909953180298,-1.0972934407912025,1.9341038858354533,1.948381770871087,1.8253963544595795,2.6482912505213205,1.771816338656411,1.6183157692152226,1.126109923725428,0.9987658580843156,-0.5944355276598612,-0.20479077165372916,0.10602192543540467,0.6107997774243406,0.09131618031659969
-1.6711435462967064,1.0181926356867537,-1.4089517704121297,-1.3054562090771062,0.05001516296167009,-0.8285542961492122,-0.7671879302131457,-0.8874067865623083,1.056789805688082,-0.32167094782293126,-0.4978794347598979,-0.1736018908611589,0.6544033427909348,-0.852015473011061,1.6159912660214453,0.09266999932478995,-0.034092987086147004,0.3306281207962132,0.07618576910656061,-0.3645219604042026,-0.48004543643149084,-0.30033532496318616,-0.008784747706853165,-0.40416224808044315,0.33001572590284317,0.49351374786245333,-0.273732717385382,-0.5085452307305843,-0.5979930115147963,-0.6808553310405654,-0.29525173386298303,0.26213908830714194,-1.8225051749693753,0.0443317951787521,-0.4977583113385987,0.5558940056038174,0.1770720684935733
0.7922480432646377,0.15160203643159167,2.1867440416884096,-1.004129574894222,-0.6412825079979577,-0.4229100389088249,-0.9241079059121943,-1.142723491641494,-1.6489378287250167,2.3689453191226884,-0.15083912197981925,0.3450067744801889,-2.4602154527772964,2.257969117588947,-2.396930088874551,1.6672514677526409,1.0511494702770574,1.9087787074710072,-1.4935416320612356,-1.6948576047211696,-1.5278702939671593,-1.446150253550096,-1.2749377016433423,-1.5610499581768975,2.0525680587352375,1.7190029376781781,1.012939284437516,1.2526416278291426,0.36120069110619524,0.13054448292646406,0.7979794362168753,1.4330538646153057,-0.017992770188011587,1.2885097472795664,0.2789379625228233,1.1787571491256754,0.17393235649830202
2.431878887074491,-1.9586756529221783,2.8522842824206047,0.7951198759476713,-0.09042877147970801,1.022105700893105,-0.19767550470315307,0.11552795940897145,-2.727432043338892,1.9979889084006357,0.18809911145265784,0.12851390989861178,-2.4831606233895984,2.7262109479424876,-2.3241416784315816,-0.7626485222865408,0.07095241085933048,-0.39391273574912977,-0.06878586476442182,0.4056413585756597,0.39157386237275793,0.26783901252806147,0.6290828570779395,0.04746136155084868,-0.4291182036901587,-0.6250020262067959,-0.8349633049061325,-0.4773993413472021,-0.3872796649591729,-0.2904180179616233,1.1333327296176052,0.1843138217395584,-0.33720115986179594,0.08843394626955958,-0.8752643393755917,-0.8424946056644502,-0.4994696531843078
1.0729942342228356,-0.9683397360306506,1.5406545229796242,0.5856360457966036,0.7558202328710418,0.8725420166361167,0.9354192901145725,0.7306537706043871,-0.5348857316801006,-0.18965411715087294,2.34052873618663,0.8993514885300563,-0.09666589077660663,0.05916398350351398,-0.31190240828284194,0.3028933931927718,-0.3890248215646813,0.5132887906749465,0.28955571771315314,-0.033999935324736566,-0.0045816922035296255,-0.12135860810023145,0.4520813864737078,0.4208723234959895,-0.21495140441565982,-0.05854073352490883,-0.6544287104887653,-0.021213009291224976,0.06570358313784067,-0.843477085789876,-1.0683089167302606,-0.5674306515233296,0.1874425657349996,0.27701803495443283,-1.9954769752045256,0.36374468624025874,2.125546943092999
0.8604911776960683,-1.6122879930082503,0.6177719664543025,1.2783487349195088,2.13738769947621,0.3585613524766352,2.5546099903997526,1.7322060140693247,-0.06710639517922078,0.03196266373234588,1.378420555025006,1.691674519257708,0.10713196742817774,-0.13991038123720764,-0.2125840006489946,0.29743339010965747,0.42911251979782816,0.35484418840089377,0.19374653244112605,0.1872636866788471,0.35797053491487657,0.4061360783767121,0.10648818083316294,0.6403974776441861,-0.7823387019416984,-0.21699363911817712,-0.3942657886854523,-0.07575226152341503,0.47460893456470854,0.24952702044242864,-0.11098881786626487,0.5141179889176342,-1.1940383263232808,1.0860548981556426,1.5917448149708848,0.7040454328374088,-1.243820804519307
0.23808355895030497,0.11147769138359326,1.23884063111095,-1.063645562937534,-2.5398673508761354,-1.4543551817302027,-1.4140693587449986,-1.0951364419911165,-0.6239968970984388,1.003464815019315,-1.5012270125890892,-1.2524734392185706,-0.7988233898567539,0.37269881333219673,-0.43586730248081906,1.181711604944721,0.7838247534806498,0.6703542699104436,-0.7621737166999658,-0.6321052081477005,0.3117958391792843,0.4274104502041001,0.33942078032159867,0.23600798141507648,-0.12657678448468787,-0.420397786699159,-0.46116236213919726,-0.36927549378507457,0.2742678736183148,-0.07583696717557523,-0.20531536069102316,-0.8648487576806075,0.7499411677443444,0.0454444769529242,-1.0617157352344744,-0.704535734930607,-1.3015667327966003
-0.1787600503788719,0.13144391559969762,-0.475037751331341,0.09360187869112382,0.5955113731768283,0.2331220249561303,1.029636329692731,1.0237985570829722,1.0289253582808677,-0.5171623086339218,1.2125716309490813,-0.9506311428573283,0.9478876823978205,-1.034486393910881,0.952392874606932,0.46601002631080957,0.19400426191745815,0.4280056502340799,-0.4065515860737885,-0.40746494165854674,-0.6398787264040987,-0.7085198353942865,-0.6674724978271345,-0.8774546988020071,1.1349086735548788,1.0677534451700947,0.5592336757816991,0.7030810144920981,0.4394002986864689,0.012484695823297884,-1.107131541657254,-1.0300650677789474,-1.870861077059168,2.1622992121944136,-0.37794667331221754,-0.23560237777713822,1.5176226639186918
-0.11841284028144744,0.202366564730715,-0.8934228936175611,-0.44433305157567066,1.2053362412001571,0.2690002314545556,1.6252174331662668,1.530332789077125,0.00868561802026118,0.08060394796539705,2.277696788309204,2.574190576791276,-0.049996035638063416,0.352726680701275,-0.3915683073017669,0.5171578820625492,0.5403834330945507,0.88592972440748,-0.5038138828209863,-0.5379990803554046,-0.3119891797858899,-0.6209113879587841,0.150382379611043,-0.4958008032951134,0.4687159888822063,0.35031283250327544,0.11952580787214241,0.43732267964335547,1.4118665355020124,1.0911770462016521,-0.17011356514663084,0.7296719711011941,-0.09164154516414819,-1.2230218869268514,0.607261340761926,-1.7856974830690961,-0.7112368920934566
-0.13118857594342187,0.8790159220631274,-0.48163409039711286,-0.07292557015503524,1.2838292262810447,0.14867279036619183,1.390328236763503,0.8083875325173904,0.40188217428759976,-1.5368976416196214,-0.5253826404571896,0.3257962286032023,2.1730857136372173,-2.4965406362953404,2.308483387897721,-1.2607524247325184,-1.9824523802637,-0.7606374533919514,1.6964897267500831,0.9043075544260486,1.3876028597154262,1.3000495223473847,1.0962169313989394,1.7306164107855662,-1.9412724562379826,-1.8281963124581064,-3.2388535222968096,-2.1214396200906274,-2.315574228016607,-2.617578992817114,-1.1995434525621496,0.8134656485660383,0.1198501703653707,-0.8949062291352784,1.3885572899879801,0.8844852248027102,-0.9383607200940687
-0.6799977281936471,1.0892387675386122,-1.5778338881235352,-0.8908419543655746,-0.7410487542692816,-1.9168118015602924,-0.5529994428747013,-0.25472000709587966,1.9075149167271117,-1.9729284997583176,0.2659028260039186,-0.6876951800510864,1.6200681734411249,-1.7760383594907931,2.3670934530861243,-0.8034837049565542,0.6756790425888362,-0.4672129418989262,-1.0691702718009375,0.26231346025106705,-0.5916777362526595,-0.7591142141749944,-0.5095044422653158,-1.456473495475699,1.4379109047832452,1.0552592425920069,1.0806760467330416,1.8086823758184978,0.8373041271418007,0.592703937822188,2.001430725515312,-1.3069725357694237,0.06107259444524302,0.6464123867155233,0.206399620338487,-0.24350904929403389,2.129744409115096
-1.7038265783515416,2.1086334368603685,0.360811756620726,-1.796783057232455,-1.0081760750226993,-1.1143367183782895,-1.4087565075680062,-1.3220839727782376,-0.3164591165444632,0.8599767383879319,-0.6085122488523437,0.00923161401259665,-1.146237845979248,1.6333551127838715,-0.9856715995816157,-1.1677644468498016,-1.758012548996381,-2.0420717094829666,1.7884847077913943,2.175797848696398,2.0476674991332633,2.0478809457008857,2.8178295913220035,2.150940012572109,-2.442262306378245,-2.324855029535071,-2.0935719449240797,-1.5023056943632056,-1.8765694890661704,-1.5282679199483733,-1.865968017999366,-1.2701890827378022,0.1628954572474315,1.2839599429043844,-1.250383537783358,0.7836878620480312,0.8853572724624896
0.1808949548553439,-1.5548169300439458,0.5014315349687358,1.2531294641742479,0.9670067718795148,0.10749941456997048,0.8030573830538285,0.6606739479511032,-0.30908028289419287,-0.6361505379214908,-0.4779347162453302,0.21665513085116092,1.3580769660772487,-1.2139242168049773,1.1866915245763934,-2.499764502552904,-1.8891688835767753,-2.2929752490025628,1.7997320319624348,2.0588447405357546,1.0581725587740507,1.4621408072718025,1.4998405131967367,1.6320632538058386,-1.7173772171986341,-1.32293534298124,-1.300237688828585,-1.7055021991471062,-2.012931127422884,-1.2787196230120295,1.121707768582322,-0.4818091836544739,0.805435971881368,-0.16476881935767845,-0.3543645692709598,0.18015639918416182,-0.6074918448357703
-0.30459132670670985,0.14087787299715426,-0.8093926186441743,-0.20450453969638197,-0.32458764474286467,0.23460633693518554,-1.236370647258424,-1.6403208275145964,0.6855350456220162,-0.5596002411750722,-1.1479033543019277,-1.2857407552852158,0.042930239564670764,-0.06271675019521562,0.0829240516111142,0.4238256126560552,-0.44049056433787664,0.20687418843487326,0.6876816835995233,-0.21744653942685377,0.7928958552716125,0.352874539704257,0.28500373732534134,0.10086024409679775,-0.5771288177507305,-0.9953849471431746,-1.6558282010395042,-1.1765506775698502,-0.6148668072276529,0.4560385899081097,-0.20009071594392921,-0.7469316759288255,1.3513384911904944,-0.9710443971299252,-0.7330479922057085,-0.21302369226302786,0.15960227612754047
1.137091580574719,-1.8975157880838998,0.7457172695032457,1.8468405939523769,1.936304881929243,1.155410330123069,1.25933862151681,0.6399743857233202,-0.29132248124983773,-0.038537716429611214,2.105358829564199,-0.3142883942966502,-0.30530241506100697,-0.18132986016418018,0.6314633715965525,-0.24658714548888727,0.17145114438898565,-0.7579830463283357,0.23114849767033788,0.9049191178186301,1.033979277792482,1.3393027704477123,1.3169448574518858,0.7176054393889576,-1.0648805075310108,-0.7568509681930489,0.3749282700418464,0.03057411785505016,0.8589667408182631,-0.07113795302019754,0.973310213926823,0.43580905578701684,-0.15624058455676984,1.7884145282914863,-0.09015154918234387,-1.627732808153207,1.792437701474049
0.7305695751505119,-0.34999910142631363,0.4389921956881704,0.7475819946575197,-0.8731117735039312,0.7734418641879172,-0.667449773963847,1.097531728337895,-1.5757544889326625,1.6962527938572343,0.4338229606719473,-1.1674410087257978,-0.691447293501555,0.6678887688424056,-0.3949935347131817,0.4257308878563374,0.8686334964668678,0.8000487598385423,-0.31565168898885404,-0.8354522995820985,-0.5735670339850021,-0.40379179285005806,-0.2237309992093244,0.12266362292913237,-0.014770284680057796,-0.33943921476046135,0.7353459055135961,0.29657916132914686,1.1035309618577134,0.5442867575939853,0.7012338542169354,0.009192706210665223,-0.9834395047490256,-0.7537490248798251,1.1852456816185817,-1.4489891539477384,0.6075104789947587
-2.086864770443516,0.6954251293883212,-0.47863589853068483,-1.3081368369641084,-0.30308059991366704,0.1697785747752141,-0.20892386197931356,-0.6642739494368293,0.42996640624735405,-1.2243606756251837,0.3268755866107256,0.21322232082617604,0.9663211524145495,-0.45753353091062715,0.5078179650901528,0.05575538610412284,-0.9964808755664731,-0.9405065642205769,1.0051466169506773,0.926034479878225,-0.03597142818211952,0.3017329017307467,-0.49066851573979575,-1.0494692657262965,0.440421919386125,0.4898948362706713,-0.6545013211041297,-0.7001991962808339,-1.5172607756878602,-1.4589611830770062,-0.7741272000191808,1.1212980276440279,0.5732818499554617,0.37271371654279706,-2.59956380377611,-2.6331016158251277,1.1691782525158376
1.721211436621135,-0.8607477553124212,2.7458368446299573,0.3194245642735237,0.15189201323605175,0.05533561703099257,-0.24928237391529223,-1.0964887074802172,-1.884835042558704,1.4602889178902851,-1.476201454542123,-0.5748977039664491,-1.5535784569437558,1.4731954266935288,-0.6618661134630551,0.2643061308770818,0.18097342651911383,0.6267234452947531,0.005040119459623488,-0.4195330637330415,-0.6092701059030823,-0.7112546434106011,-0.5917541104675457,-1.5109358602152587,0.9105120939522913,1.0036719589692282,0.6505440085883806,-0.04596440897938329,0.3871600143180097,0.40228736918220415,-0.11606832390538699,0.2772553854402928,-0.28316818973717556,1.3435358667889472,-0.46485860163648707,-0.5923681320114864,0.7144372943510114
-0.5459428663551292,1.3812529563411136,0.36320795135487915,-1.0938207910744013,0.19579364922781498,-1.3020765979662716,-0.8632039204227305,-0.9398210724692002,-0.0467075822072752,0.13484251817958517,0.24989859125469674,0.9475319971695303,-0.9244755654121484,0.6558884263323276,-0.8993189816853124,1.3812863959572779,1.1825526618280269,1.8396762725076572,-1.0735241525109014,-1.3049945681185655,-1.3938112261189053,-1.7666447735752204,-1.6520353649384965,-1.1360198135679005,1.7496081102094145,1.778973443497811,1.9938273026943367,0.051750039089275265,0.8002896781019871,0.8640070749731321,0.5539526378881235,-0.6804875328236406,1.290152631969776,-0.4045232392561791,-0.5378159660054598,2.262765686601908,0.8329537357573602
-0.3883583841149753,0.227252552798886,0.23853499440663387,-0.24036331713192205,0.8056476795353076,-0.43750736625061315,0.32068650449998276,0.21561737341453951,0.816212358476113,-0.8654378838178969,1.2200070701152455,0.18702506478238015,0.15415367982323602,0.057721745445810754,-0.06498319478443368,0.027065438991827704,0.5222351426260589,-0.08678943647138992,-1.177254731288234,0.4265484966731551,1.174554579935519,1.1803984301886268,0.05891962765267918,-0.5484824166138402,-0.7971509095994368,-0.8584684890203909,-0.9020996507293825,0.25634583838374336,0.7116992009012401,0.3484953955946479,-0.3913021177995356,-1.9217367424845544,-0.6108227638496616,-0.5842543710207196,-1.3136921002038642,-1.3213458969217962,-0.00833866052253839
-1.7266134442333902,1.6792948299547463,-0.9910494458066169,-1.1059610962471964,-0.5705608768546675,-1.7415829523717676,-0.6123173479615442,-0.9324603064024627,0.37897880789854516,0.005553323823031181,-1.5302640760337185,-0.2967544044590994,0.22349600282879228,-0.029730297456309993,-0.023070407764386288,0.7003945437647706,-0.06244974702062055,0.5662487310749301,0.39341382476982,-0.37736098318216316,-0.01109470423061033,0.4151932574630523,-0.066908673890955,0.011872514944381697,0.08616565736629844,0.2587409794865833,-0.1719622282024245,-0.4276439118861752,-0.6700156036189032,-1.7177617327005448,-0.3016944536475802,0.1400398520071371,-0.8715842720808296,-0.5161143440630637,0.5361044190125515,-2.671579650678643,-0.035162562839277677
0.24969192677018023,0.6893721232781346,0.2566046566017341,-0.9693239757858106,-1.1034386292014067,-1.3461536744229092,-0.780177529144516,-1.0453839258535704,0.8324727212151035,-1.5009304835911106,-0.3181497314441758,-0.3834150380905206,0.04426723639098917,-0.31351530998536475,0.43815740680493603,-0.287916147502243,0.391648916276823,0.20830508437174347,-0.23871135647731148,-1.2867877385610564,-1.9017285929468783,-2.1358718361353017,-1.9248696938377012,-1.6357754974598442,1.8889156872087471,1.4722653630017875,0.7489437713304682,-0.48873929380111647,-0.3258906679065092,0.1840984542093491,1.0561070577124843,-1.7417051158117853,0.14867712421717627,0.9327443149696932,-1.4725545507347517,0.9405768279780122,0.2064065053866353
0.3967826121817541,0.8750919789665192,0.34356962481279024,-0.15586047100027983,0.7973589234099471,0.49165010291635297,1.0575263890184354,0.914153209332667,-0.5111680511164496,-0.13813380708391998,1.4671179741950842,-0.6322860195779099,-0.3709783553498595,0.5604234008404966,-0.8725470187105853,0.85893295384926,0.42138996726195843,0.37091427529191795,-0.2634706320431946,-0.20896937971686788,0.02047827203583501,-0.25243406418051956,-0.4398260258488663,-0.21282628677350704,0.2750752726146675,0.5082181369162351,0.6014643089474634,0.6085121501385188,0.04667103957015945,0.26949189071343177,-0.39035545404683347,-0.6928132824255887,-1.7702482061254008,1.0906454144500757,-1.3570016735297659,2.348664223963785,0.6479752414026702
1.7213927401224403,-0.4931955780576728,1.2883812912896533,0.1557601313983278,-0.9583072512229949,-1.0061875635081718,-0.9575836085413443,-0.7145459952578144,-1.8673026585770844,1.4321181194838657,0.3905887795328307,0.7962044994167548,-1.5642750423853982,1.7249055983495185,-1.4701149643862308,-1.2417928924459627,-0.39111452353698795,-0.7724039685212731,0.21290785257963857,0.902739298040255,0.11170922781349066,0.2871804844605905,0.10127149223539203,-0.06325211520320874,-0.5013033813901818,-0.6098022394450195,1.1583886785273676,1.3266192670612758,1.4905282088228813,1.6222314146341548,-0.36875423738094965,-0.7573092859740217,-0.47380620302391,0.06872333974006904,0.8027704919751152,0.27248948143840007,-0.3135400664010213
0.8439646085363546,-0.40835699884155413,0.45852407249938254,0.18161976992768086,-0.7560242725303209,-0.2122359783282133,-0.8394505590994572,-1.3389530944146621,0.5861388294322639,-0.3097368655598446,0.2291974401134269,-0.01261385296572507,-0.8765494615277689,0.23889843068692485,-0.31840466137977336,-1.8502250097805872,-1.5978097591750557,-2.067326119438557,1.3351659933771385,2.1739082152124225,1.1835992542829765,0.9800329767545639,0.18141779331723715,0.45861232891292136,-0.8175005828091584,-0.7011300083597688,-0.034010903308468586,-0.12015282698801058,-0.8204210399547665,-0.8086021746206632,-0.8033564365426304,-0.5449169978526998,-0.33368320960203773,1.9099718939066084,1.4549325021801824,0.2632546497962326,0.06942411826352203
-0.5334123228997667,1.3961309063643512,-0.6803562429334161,-0.7024057878259093,-0.47879196610219105,-0.41861142107050436,-0.7662753136970692,-0.8560778391809447,1.1785478975923804,-0.7220888037526022,-0.2905144605156648,-0.34691344263679025,-0.6062761722335386,0.34266094230428146,0.006688858504706372,2.16334525761276,1.8339564855780601,1.2893084792263254,-1.7985265853603614,-1.5643527188068553,-1.1910006009037186,-0.6325861659223085,-1.0532395116968565,-1.273844698457237,0.5919590908002661,0.47095359718993907,-0.3186178857005977,-1.055753083382293,-0.5488834320017748,-0.3175529067360334,1.4754087117204864,-1.3490885884445554,0.2267683823521605,0.06697221866080619,-0.12819244082894932,-0.33836707664768145,-0.3390763813519324
-1.8238174013682256,1.0026425078178403,-2.005835921598322,-0.6185800058060211,-0.8005410879798754,-0.7248837680242503,-0.6888994198444941,-0.622510579644851,1.6207031833545096,-1.2761191327633226,0.7150152508713856,-0.8050111881497425,0.07323408794409621,-0.2970990338816941,0.1708120943414339,1.8882350963651306,0.8329479282374564,1.7818398449114021,-0.6592275469352823,-2.516069422199369,-1.9041233963218442,-1.620809915239641,-1.7078174893148195,-0.9295954584154275,1.4033830295265748,1.758622115243711,1.0022981390805474,-0.09789424167012106,-0.42982437915193206,-1.2710204438719575,-0.62283527597256,-0.7608440150383019,-1.0123927363103142,1.321812930912465,-1.2741656649735336,-1.8301992854571885,0.06340703143015808
-0.6070591229787765,0.12387188392245364,-0.5853820543924977,0.8716677603247532,0.3752028316269076,1.4742126018025061,0.8593780141178889,0.6844784150186585,0.0651517231987657,-0.5230841568830407,0.5854832652197289,-0.34939564402595696,-0.043650113705396676,-0.03722729754405561,-0.1561580557359886,-1.960081602006751,-0.1422964591297416,-1.7318351895537425,-0.4347309045100336,1.9554513011074053,1.938540949621996,1.6393900446019591,2.0396073415509,0.9177297179979348,-1.7005230848596138,-1.5178135705004845,-1.3676854599378283,0.4068183262267437,0.5253630325328911,-0.0208435262160485,0.9557486189419389,1.1023771814532237,-0.8934697692517694,-0.39496172612605435,-0.7602275312299229,-1.4849281049203904,-1.2277366184955942
1.0401591654320215,-0.34580330836494383,-0.16773340587456767,0.7655980755702025,0.23506550816228483,0.5180964373595593,-0.4299142506328655,-0.6714362173383122,-0.018317049347440773,-0.28329894865156596,0.3410972511318316,-0.9674287514267401,-0.051559380567564705,-0.1057301952001246,0.31517771223825913,-0.017106253196482176,-1.0604051267371675,-0.856781470936446,1.0587439585107852,0.28220302825275634,1.0977287115128365,0.882080213615398,0.3214160342765201,0.936238331723987,-0.9906007555307457,-0.778146677988678,-1.1521449395729322,-1.7895678318426955,-1.6309226328102742,-0.8811867486473073,-1.3588024871853752,1.0996328149652987,1.1804622882068347,2.358670241414319,0.960345899520532,-0.34527285151363213,2.4160593146646
-0.42539781055617837,0.3817264776782953,-0.6832866496722793,0.29393909161603127,0.17783703823295097,0.04317289977643389,-1.0191239847230344,-1.3465672921982716,0.6746560197595632,0.016779341638771247,-0.1316947229509739,-1.151354743394988,-0.5706104605601333,0.5917758030470577,-0.5246126906205515,0.17219449025705302,-1.1944905537474482,0.8264585791022366,1.6093780048830777,-0.20452551667013794,-0.021363959157181554,-0.17607925719002449,0.8845154547294867,1.9064393541358446,-0.5312393278867782,-0.30053616127888194,-0.8905543992914379,-1.7238657550436332,-1.6282490144881059,-1.402033371444045,-1.3158286556173056,1.4873278055358532,-0.011475274002955017,1.5983931558547817,0.06513104197776685,-0.5379379150794744,-0.7383137657447917
-1.1335328541234866,1.364527601391339,-0.8693582772755465,-1.3772152721310174,0.4224991166571347,-1.0085210351004208,0.46737999128318053,1.1450142940039543,1.5372347606301133,-0.23906172736964612,-0.7389697241439466,-1.0526067141889013,1.5669700161014513,-1.4139422604147176,1.234124561784284,0.7553261128249948,1.214730988780562,0.4494195298684237,-1.2216189725495743,-0.6342222226274339,-0.4934110759327572,-0.48180068815407334,0.29716194316933486,0.2915250756423,-0.20863519302555267,-0.2682296095988061,0.26016538044631055,0.027537691696499656,0.4935234512373805,1.2734290230647662,0.537622196616351,-0.028549365419525397,0.8828010225836581,-0.09226773109472547,-0.15323659215026714,-0.14267977090109313,-0.38736631935473853
0.15075315611698017,0.404346088680329,0.2860935451392976,0.2807124355250308,-0.7809618831122499,0.38357070983855895,0.06633518942029677,-0.9052911737168352,-1.0720570490070995,1.2440795656405674,-0.7965445115777289,0.6717916471210412,-0.9270257983604552,1.4409542949524152,-1.4196830899109179,1.7894325548407801,1.8307954205182537,1.7995558309823543,-2.3380017448668626,-2.061431070144027,-2.3913721003892543,-2.191741631379112,-2.4791355054620214,-1.0887049247962581,1.833240102130743,1.8361220521406265,1.1426277197259407,1.4463648967755178,1.9759276051248278,1.2860674209044316,-0.1845518981875211,0.23141263693175254,-0.5495348385937606,1.463396434120321,0.2625476787658769,0.8065628519046031,-0.8198668324338658
-0.3614360886283012,0.8519849955384662,-0.08538970791860849,-0.7388622799913137,-0.8298062464296089,-0.5853664695592371,-0.4892164857969873,-0.015379767345298454,-0.08295955265516101,0.263750812122618,-1.5523104942012287,-1.0357831321755293,0.03117890987412015,-0.09428882335814703,-0.07404504218894652,-1.0604316074077795,0.05212207527249837,-0.15704912717648536,-0.12098729764143579,0.3194093086527199,0.6663035783711253,0.7100247443472086,1.2195246560927413,2.045424865076165,-1.1707887948585696,-1.082759974347324,-0.622197051868709,0.5940249063523751,0.077164303782751,1.2177490571400877,0.9074874062423035,1.1170214579164635,-0.053219952401368086,1.4130583902432998,-0.08959820842557746,-0.6116890584166184,0.5357942572073586
-0.4853945338592911,-0.6586282801920226,0.00034118332513959656,-0.5576248468654402,0.3696407546525906,-0.4820675624446305,-0.28785815796506903,-0.731507843323963,-0.18287080931526042,-0.4342245382947492,-0.4618716053916938,-0.8385580608641109,-1.3074088210019637,1.5383947886763834,-0.782639705734808,-1.005758440845672,0.10430538043626997,-0.7664636031396024,-0.03389112904815207,0.9911784917955743,0.12277095454867896,-0.21938413570994514,0.4755666601909013,0.18338935107412815,0.18300257656446922,0.3470078352861437,1.3946396681724404,0.9812760476571917,0.9226133741260663,2.018808618434672,0.5815990910217936,-1.5030575047002666,0.22072109177034857,1.5813777473303985,1.5002582929835884,0.8270572272837108,-0.23105322005708726
-0.7821301162533243,1.0672764451584642,-0.26661598052467156,-0.7246820965678564,-0.397298535255669,-1.6970476444250517,-0.3830833775754813,-0.2445387079204075,-0.1170777425409879,0.21580123620604638,0.6045335996810772,1.0338632304588022,-0.0366987664204805,0.44900646384666676,-0.25007805743593214,0.018450305957662845,-0.6439717163762365,0.6235815224553288,0.7080324001581431,-0.30526986108961335,0.6397838750537045,0.8871980156472079,0.39725016520005435,0.336835820604824,-0.14753555350008812,-0.26475868729852514,-0.5355302542219733,-0.5461560498576982,-0.9935212911869189,-1.1529250406305713,0.06093127754269724,0.7635486414416035,1.7819851888617089,-2.435958519039582,-0.8039952114683169,-0.605108040617387,-0.9564209413844292
0.08955269209035419,-0.44227966553827275,1.2952958137496418,0.6547266856854191,-0.3949965191440537,-0.12392921985912882,-0.2858080516605869,-0.22347453054770194,-1.4274226790673068,0.34728045443302585,0.21038113000561384,-0.09747558071275797,-0.6480318748365753,0.9487689044817065,-0.6475722806544031,-0.960879145047916,-1.3991400479754612,-1.2649048924683328,1.3706972580411947,1.3976020233518613,1.630200318543688,1.4741850522633437,1.2208693144787692,0.49462495790636063,-1.3590742547738321,-1.4988868317509516,-1.0128360084640256,-1.5989604672837199,-1.5723565174236627,-1.5716031216458226,-0.9354875036370087,1.258151831249265,-0.21939328284349877,0.7513433432320074,-0.9192812599692061,1.0165271454697604,0.574693121978495
1.0216052707701682,-0.7251274418040522,1.8565139596809836,0.07087870103168026,-0.010726577499294902,0.3917863676598087,0.4171266198486551,-0.04887561646050573,-0.4293840803722197,1.0653678506577766,0.19645379434164487,-1.081657518178051,-1.864775835349589,2.066843994834844,-1.7743493035929856,-2.742219043678657,-0.9577232277296172,-1.7134931776196842,1.4522168946394953,1.28764293120603,2.40468582077877,2.0222010073374026,1.9517500300302575,1.1217513553634761,-1.75050103124105,-1.36526675258785,-1.7204288115091535,-0.6354581784041015,-0.89136329478649,-0.21083449961091846,1.1126049408215009,-0.9238314237155845,-0.16709796235547714,0.5750669317646363,-1.4409031059027353,0.059873202446613344,0.7020102967915726
0.501548602858903,-0.6866162390003051,0.09010073326324604,0.7696956843779347,-0.7762051913758443,1.1964373821816532,-1.1424446679306437,-1.1131799058222966,-0.594146244772206,0.8116622267740609,0.7552312179190822,0.21959029116302242,-0.8255019197905544,0.7076684641588882,-0.5785776906382285,-0.21159369131446365,-0.6889177620808556,-0.593185091253204,0.6844590996808889,-0.0888165538641551,0.0907874864297822,-0.05008949719675755,1.2745144198363445,1.1527415038171436,0.06809251893475846,0.27490326629892586,0.48100152560074305,0.3544698564667727,-0.31934391715633376,-0.5285680581650238,-1.7703494624733074,1.3381046816158784,1.1206190476490463,0.5041537239297013,-0.5939830438480461,-0.46494806993604787,-0.10906382212400605
-1.9808826124701147,1.4526193280575967,-0.7581558241831731,-1.2469305349400492,0.11943422911107761,-0.2563030822024242,1.0315519144974459,0.775173038253843,0.6558856836950069,-0.5752692229204835,0.23442725133985817,1.3943846843157792,1.0105357223769043,-0.7877412346060372,0.5959931519849787,0.892264706200097,0.9078816982065516,0.4931777020262621,-0.8350873753601634,-0.5929580245931944,-0.11584604420234733,0.19861026157779182,0.4716410130958683,-0.5919770052389054,-0.2822863633850676,-0.5004459519440908,0.42085409417309355,0.3280855129750749,0.8024449527508014,0.5824974653709915,-0.08958860037542928,2.0103098443360667,-0.38457471009825533,0.2525349301868306,-1.1482313953169958,0.042713923787981896,-0.6728306449090609
1.5558154230821308,-1.6915151057157476,0.9735974710849581,2.0899668591915597,1.407581790304123,0.8400544490146707,0.8959478828657457,0.8282493200761872,-1.5167021952659907,0.6989988129664776,0.9728058642407716,1.1979295172349333,0.24805731312520984,-0.6817203829879656,0.4088732060022007,-0.0011852005390279806,-0.028183076121401723,-0.7139739479133835,-0.1518039179112871,0.1855382243613814,0.031612923844969894,0.0906998831839359,-0.05223577066974745,0.436592688758445,-0.901899377015329,-0.3557608283467605,0.5031728271817709,0.694358202776408,0.6396369797576587,0.23035493904016696,-0.2089766783590232,0.7358849889616796,0.2921072479354777,0.281870590840569,0.16718453710371628,-0.32194174170837153,2.02408032417286
0.7427405298131501,-0.1935106603296886,-0.6236578429838601,0.3730047927138374,2.1025597446610407,-0.18028726037170378,1.3125172049234684,1.7264372109098793,1.0175081933851138,-0.7580655520072487,0.33201174176592835,0.9797436250328909,1.5663357565368072,-1.0309957415794813,0.8223969365942111,0.654660307462763,0.8426936527543587,0.6922568199446738,-0.55892785775344,-0.42139043444651764,-0.40130126716419084,-0.29690988592745604,-0.4067073265747019,-0.24118881607660073,0.44425007316239307,0.26971126851831384,0.24304010710703375,0.40535925822892943,0.0751538246206482,-0.24937452669701687,0.22432326369491093,0.553322623822964,1.0318188101866073,1.3126603273670034,-0.03075088945625323,0.08677434071259128,0.2753880320871045
0.2876915851729566,-0.3425561752621278,0.6600726034978968,0.28381149797347177,-0.7497306104360271,1.0898337349194895,-0.4350267925751432,0.1986625838089197,-0.8383574537914972,-0.058383726784247636,-1.5689887028203418,0.13535416672270495,1.1714892653738413,-0.8041073497281817,0.9595480025592654,0.5091061083451203,0.5966614641288789,0.7407309277544908,-0.10893236750718331,-0.27576556435495114,-0.730170270676093,-1.048667197804586,-0.29838632435547924,0.1480263501677435,0.9124981658281354,0.9056822285005562,0.39529845628624233,0.24182424689045626,0.1782976590010761,0.2111730121476438,-0.23359584190220367,-1.1536652585341562,-0.5842167117468291,0.5722539237968041,-1.1352785924640278,0.7349864456549182,-1.2495340293966877
0.41030653096387826,-0.49468424818196566,-0.07220240594593488,-0.253916643385521,-0.6978758477357689,-0.41772299917287453,-1.391090004179611,-1.5773252529026265,-1.3586240980266047,1.0053646503510842,-1.3270421832467583,0.8268984859109394,-1.2229794773189187,1.3157878048906895,-1.3785910096926322,-1.0254016713403988,0.3295135889261,-0.5322890350860419,-0.512187299810239,0.5863823931549588,-0.14426725679755886,-0.09502931444235452,0.21206555163422466,0.052526802813655724,-0.5718556659925336,-0.23670012414856603,-0.03637178379369124,0.8386355448766609,1.3005765347219735,1.0129210851689656,2.0972438708951584,1.0260028160024877,0.34896914721436867,0.25110125400179956,0.5397679761790555,-0.1145819923778536,1.290001570324598
0.5731245344386431,-0.6824840355241747,-0.061797773696469105,-0.40853120222744244,-0.08892773926359022,0.032954332189490156,1.1498565969414518,1.190597004827985,0.6502955675492477,-0.3234868244512833,-0.15259662336314306,1.5640117962723117,1.3027971420647615,-0.7843244238081012,1.145810761125207,0.08885968480603264,-0.3640233790914992,-0.6242426277037546,0.3015196434715829,0.5957790148365409,0.608184387084422,0.8858782006410533,0.15121009631894447,0.5053235530721069,-0.8645162918148709,-0.5203783558151639,-0.37751352618750866,-1.3040025372184532,-0.5893084341300494,-1.4502929096848052,-1.0901641038840784,-1.0598805259788981,1.7799440670333424,1.1695313341207463,1.4712405128817196,-0.3983537041883927,-0.8543592332543682
0.37443127643814705,0.022025759011752195,-0.13551999533895145,0.5999910605120264,1.4985193728616237,2.4172454818193745,1.4910917845792042,1.779349728347879,-0.26278710239665737,-0.13568219052649644,-0.5893073015857846,-0.2684215180648424,2.2524414400422157,-1.8778193599962443,2.2988109329149804,-1.5323364136611362,-0.929739891779722,-1.1642275328023242,0.21602890149448672,0.9563617171768485,0.8200596308444825,0.2424828141449877,0.8697676926088327,0.8351086779699027,-0.7907903594259975,-0.9527407764890617,-0.4631996135993149,-0.20830641927033278,0.1029708616359142,0.7405717736730629,-0.30659095567232314,0.3295152002476206,0.9405261479395236,0.451339200739223,0.3075197369252402,-1.1560886597638098,2.544448843716017
-0.9986885393983616,0.36035832741959367,-1.2169636850645122,-0.13952479318926672,-0.47596548520840554,0.4957362323690398,-0.5494639472816641,-0.6747863865212583,1.756728614327229,-1.5032112285138883,-0.371084066403131,-0.1654355464424517,1.2323860780097444,-1.1999097395284266,0.5592088210446452,-0.5012698266878757,-0.23483492243570692,-0.24675480099226857,-0.02919048641959581,0.672648847345529,0.1013268544493294,-0.017628265562409266,-0.1363387894923373,0.17642205946848627,0.029606349288661758,0.16521863837253511,-0.26382990306553633,0.07407476272322475,-0.26473671942872157,0.4913561636603391,0.16650139415137485,0.43043834452222685,0.29241672444680117,0.5464625549203035,-2.6056984107739636,0.555159385360978,0.029371304591977492
0.49476025372675997,0.501352851147681,1.6064795163661123,-0.5846624528818473,-0.9345000665126909,-0.5867965986254022,-1.3403614286342058,-0.964480719878349,-0.5651635101036554,1.71226718444257,-1.2933675465211352,0.18706069549879548,-1.32201228257786,1.3985654429829282,-0.7997759318478447,0.07098240957160842,-0.16223354826192318,0.35066719996390877,0.6973971071362957,-1.0822515016120584,-1.377232973499342,-1.125712989916441,-1.1747135820703785,-0.42905198416063983,0.8853824847313443,0.7639126247065476,0.3573967590357927,0.037624773619770534,0.09372352147121416,0.31486504962012757,-0.08572427761918659,-3.3208835054828403,-0.2262199097105956,1.893997097865092,1.9434846732848465,0.3230935915897359,0.9114254880290178
0.14444348050576064,-0.5028775269790593,-0.7237003305099939,0.7055153091300637,0.5179138466590999,0.4851189952166962,0.3084420326709927,1.2704370203992115,0.4730844765572676,-1.3242538392667293,1.5689785361877866,0.37281208828990053,0.3668556006738184,-0.30791698949666335,-0.0761284441457221,0.018469141331846503,0.45322678288527907,-0.36674583699382984,-0.5371276302451481,-0.15789988971612534,-0.13277908583546413,-0.07618646214317641,-0.13556909916866988,-0.8637071634584168,0.7820208358937865,0.8615665893599826,0.5487327649299142,0.8474834450496005,0.17934654030348138,0.21559314452854703,0.9152389572075389,0.36542437120713694,-0.6132177567085306,-0.39742996503987377,0.6981982471198769,-1.2148088235830585,-2.010937216720573
0.40366439757385536,-0.5986602236695757,0.1797353058213483,0.3905063212040439,-0.3062179456514111,0.6175863623682166,0.3299038308515976,-0.16982051951460642,0.09720786289857823,-0.47315958573179934,-0.032478428144152784,0.3709734250839561,0.779998908172365,-0.7253819492464506,0.5883001621874936,-1.2939921052286345,-1.469621118516652,-2.3504361754182357,1.458911866499431,2.9598612502630592,2.125573554677859,1.7277357657837817,2.35089510565305,1.4708728755913938,-2.0942619118716697,-2.0482866070634196,-1.2026599661608568,-0.5005581195013182,-0.4620227408233691,-0.8206657501388631,-0.8823004801941204,2.5716703254050035,-1.0041575875949023,-1.4739190553680943,1.9126461804187482,0.8127632993685463,-1.259049247035157
-0.6677272874052086,0.585728743660417,-1.6253931437011482,-1.5484950887461004,-0.53520974130651,-2.3346266087543692,-0.6592946304477686,-0.39644188442003364,1.3004430569809975,-1.2289778521309143,-1.060316397321505,1.8277353878617655,1.1588823690122663,-1.0392547205926517,1.0150793606018318,-1.0885018897791923,-0.6475519569042016,-0.6165427404669714,0.39794958033769384,0.049482952451314385,0.1988033627953427,0.3133871511792755,0.07114328391051641,1.405248263356373,-0.662134341610249,-0.7474776819714192,-0.08873377477321992,0.6621161904296857,1.0439797934026698,0.7046883244827398,-0.851410764316052,-2.1216104094033446,1.5396707182678357,0.10719205427210408,1.0434063018688782,-1.231131596043604,1.2142523849422402
1.0887109433461277,-0.655802194045207,0.2640995376330974,1.0724170951041991,0.7446612186916702,1.1120736691312305,0.15612227934299794,-0.27265731695352885,-1.1089024513455195,0.6797841749882395,-0.9089389027211925,0.06388978599201597,-0.1677362199809241,-0.2511223532385545,-0.44384328208720375,0.3157178279279948,0.828216366927169,0.19603118870313455,-0.6859306544025114,0.07462577842120202,-0.4236675266197881,-0.7548032263818425,-0.32822049150519117,-0.15442837598711018,0.7262115150370713,0.4350375121631065,0.07712264583907032,0.009901579631906916,0.5854565795001275,1.0026963067361458,0.7795294206320769,-0.09231546581638653,1.3419408257184449,0.24874851597995615,1.2440163264211859,1.0074640411292985,0.25436538331670083
-0.5915175572142796,0.4014178144887821,-1.3147249453641203,0.20116675766654485,0.7314228155654664,0.0049605604585192375,1.0113298715011112,0.6622881392388635,1.9039997818178318,-1.370887948884309,-0.536711337013515,-1.0032872197313378,0.7028323714768503,-1.2010116240649797,0.8969103740493973,0.8615840800058063,0.018259582574134594,0.8785083757866888,-0.08443716199492665,-0.4608358585827521,-0.30039081906153836,-0.5463382397406926,-1.056159490759269,-1.8712525766156651,1.12938434445672,1.401819489263385,0.392420781004388,0.19030061216333646,-0.15362315863960296,0.13781166407313147,-0.47454553797503385,-1.9774850911383164,-0.6669866441670639,0.7535113760312847,0.15432346793487714,0.6643906953789177,1.8836278218388482
-0.07031470769551318,-0.07480874429175012,0.30691284249249406,-0.11936688059334817,0.6985774287879705,-0.1360336935891774,-0.05590097761989549,-0.24444646952710652,-0.41498375185601977,0.6488398486460994,0.8201728191560884,1.9937573175806418,-1.88088129177881,2.0501505525924912,-1.872189326800907,-0.19096465490613065,0.4547747454842864,-0.22123363777510324,-0.33763675134131355,-0.6005918176424498,-1.063833475221726,-1.2446451483698313,-0.8197511033320964,-1.6773960683409244,0.8997096756238286,0.660674099139156,0.7535606225463756,0.9591261088592858,1.2227008597147615,1.2728659166938692,-0.17910015866349455,-0.9289904960701203,0.3461425653103977,0.14199121287185215,-0.3151542115735628,0.3948455461172832,0.41247530669630666
-0.5376153738469914,1.0908586523488788,-1.4210462635187595,-1.006085984096362,-0.2930512043239679,-0.7376197958582676,-0.09735680919222955,0.0987814756305838,1.0974816473042885,-0.8975488929714152,0.881966820511193,1.5185452034526077,0.34175328307048813,-0.43764884715786323,0.009404112621241795,-0.24190406220507205,0.7102360119186524,-0.10637593821953935,-0.669985217812986,-0.6230535538725125,-1.0818819688980401,-0.5653092694785358,-1.29935498369085,-1.103130379410403,0.933320763546356,1.2899197129404139,1.4835628993095105,1.0613724848724957,1.2075509744511874,1.278778631686493,0.8239181808777967,-1.9602203271600371,0.11561171105578767,0.7869543178477361,0.3232266368789987,-0.4058173180190014,0.09138180367710251
-1.0355591267439408,-0.4313904600167512,0.25672775492118993,0.052615559292873634,1.0233626991609666,0.9454073125986062,1.0742538221515459,1.8187620991322,-0.18970504762455867,0.24585141895982315,-1.3216275776423985,0.9188876171366056,1.0563264813116549,-1.1535849999724845,0.6662315375345063,0.9672932759066645,1.1257575861356313,1.1918796337931583,-0.6892420879202333,-0.5203087972417401,-1.5431374410598337,-1.9770055065273644,-2.0261922780301425,-1.9522372136858945,1.8499258176872682,1.6948029293031057,1.2617233301184452,0.038455846951972725,-0.08319140919503683,0.40810581829680753,0.13792194485014028,0.12021090726883236,1.2084707379509572,2.5287812699623196,-0.763471751312021,0.5517440770224686,1.5729796549524302
0.7063819946397624,-0.9384543018307702,-0.40411503408793514,1.7424424119307094,0.8091799002890935,1.5400860460653305,0.884205985783843,0.5585317466015712,0.15330037442526237,-1.0566390292282248,2.4600562888635573,-0.12540121890584854,0.05894593591567658,-0.32389754320747566,0.8951299343705426,-0.7659997529942225,-0.4398869769157861,-1.5759953545969407,0.4530560457858241,1.047916056736241,0.8509068666614327,0.33453704268673806,1.2471747792837082,0.5203814435048745,-0.9312110777486883,-0.7664580706900291,-1.051677227685264,-0.2540291600204418,0.15709357875446886,0.550009631896121,0.1534534499274876,0.7515760867375064,0.39208792740379744,0.8331459785139566,0.3838736500531318,1.054851113504254,0.9084221589738989
-0.5306674875928638,-0.02337658320721572,-1.0835646928984448,0.6091109054391558,-0.8218657134853473,0.6240921578037972,-0.4084517125422213,0.05104251600755647,1.2278279378150152,-0.7849948167661839,-0.0913300725141259,0.4657826798418939,1.065441821873347,-1.0357667048547952,1.0064180736462485,1.7770390677152146,1.0556523336333536,2.0938492613908988,-1.2682995973150388,-2.2954179480060413,-1.385716978961716,-1.236492382796269,-1.2639089407061554,0.02255245909370521,0.8883547700667075,1.2658565684718222,0.7063894189135485,-0.5990048604552985,0.10315287789038016,0.40268531347784137,0.467629302586833,0.3693428799211491,-0.02100497456086628,1.0081761801057194,-2.689327568291621,0.5683994688766424,-0.23129749683985537
0.12748212339634704,-0.343120575194435,0.5541275720648821,-0.1260485136991896,-0.9667135444401234,0.31409764748195157,-1.3457788251355651,-1.5919544436630388,-0.5052955369302582,0.5443534218474697,0.3459630919011721,-0.35357343913167755,-1.6860479584739816,1.8688621112789467,-1.430937410283834,-1.3492853886057599,-0.55089874858605,-1.2741879683540733,0.3313219186970943,0.9663949234533943,1.4864076221023232,1.4559758955957047,0.47301392305807843,0.15303729812395603,-0.769474530273267,-0.8580912341776735,0.35005412452646945,0.5535358175514602,0.8896119110053168,0.6212815827356089,-0.10545327502757117,-0.9648782084612084,-0.5494311640095766,-0.09381767778764914,-0.008675976812507402,-0.7005454043333862,-1.0795159404902168
-1.434379797367646,2.03941702154867,0.28379831473597256,-1.519095743864631,-0.9899089977926824,-1.165534823203522,-0.9119351066010764,-1.0064265892831588,-0.5603611367527422,0.12790758493076618,-1.1473374620360965,-0.6784746899601255,-0.02641861627855113,-0.708749013203412,1.2795463271580432,1.0865747647728008,2.1866208085704257,1.726716041451218,-2.6483456081457244,-1.9704603476289597,-1.6105920894551142,-1.6790714939866904,-1.7787398317245111,-0.9634386571208092,1.288735829586191,1.3623846059910611,1.2213061744772262,2.608359497791317,1.682507599736618,2.226245180418874,1.5067758269463396,-0.645455124010413,0.3493820147220391,-1.3440377647758275,1.2983988277270524,0.2418221050083889,-2.2864184724508836
-1.869601176130846,1.2063183043275088,-1.6101831264228852,-1.5301663022849021,-0.5728985417859158,-0.8359490889623752,-0.6121121143220121,-0.007740570441151415,0.9654890837821949,0.037361264279035855,-1.1750211448249612,-0.8491619162471761,0.4569265401554928,-0.5560667750758149,0.7765344404442327,0.5682904405328023,0.8130657995274567,0.26458418638141507,-0.7628784284504679,0.009901779570776427,-0.9079081689010243,-0.8610109831078883,-0.8129539784992107,-0.5200582739732272,1.0050842729893936,1.0959194612016414,1.5062073851818834,1.547448113838167,1.170650262628998,0.8046892368999715,0.002312731122793105,0.23246171229514548,-0.3523631278528887,-2.252889949596082,0.04291075437430197,1.1107937385938065,-0.45935935933431665
1.7381442961778149,-1.5420496127205767,1.6297988769547203,0.9347374950424283,1.0871231882142196,0.6836883882536279,0.9630515366189922,1.2744334256760077,-0.2190316118032662,0.16096529866079196,0.2532080115856478,0.42834977642058875,1.8358926297896898,-1.9607790751795902,1.668496453327132,2.4721412335644275,1.6437257041340836,1.8180862596524587,-1.6145176441409503,-2.144967653182556,-1.5293801743875484,-1.7810370290362993,-1.3614210577322878,-1.282308675913502,1.9073468571796164,1.649361982424092,0.8065612914685933,0.2104778746761779,0.3777792602984354,-0.058765791282819994,0.6504821295743927,-0.9337527024680551,0.22698492399606013,-0.4812606693133294,1.682773123591487,2.1832175356852077,-1.1666492582384702
1.591754406995852,-1.0437090941783158,0.4025027103446142,0.6805073482684846,-0.10708390973479537,1.2147062068945167,-1.1532461382749997,-1.2140302882921248,-0.2887668118934188,0.37676358915905256,-0.16530603752181336,0.4670326499811662,-1.105772794185822,1.095602659620444,-1.2246174578304059,-1.121241456324218,-0.4728627300315968,-1.0588677637855646,0.8663996608818266,0.14820767696997447,0.22698459162712167,0.2478552225519659,-0.0005766920814394272,-0.6825089009091722,0.11637146360879258,0.16895517821431832,0.895023618361564,0.4356351858836731,-0.02605654070252436,-0.27347877199743964,-0.2043440152189883,-1.3617951524836742,-0.0751365455069849,-2.533912479382255,-0.31660952274685944,-0.23317215159883375,2.4082437361762303
-0.6358078457503321,0.09065567441353282,-0.7949559467888463,-0.40679195661047995,0.49706600758559943,0.4140426087100926,-0.42658637112599057,-0.6347936895529492,1.6303535234410809,-1.3960657509296472,0.03225129101329912,0.35721364917696086,0.3083868878424673,-0.4319326449181872,0.5707814619269532,-2.3554213462927436,-0.4842960277474825,-1.8218236596579793,0.11504187315687317,2.188310052525039,1.7521653985179508,1.7417546181883,0.17141636440670163,0.5784059924198707,-1.175484151193022,-0.9308878885968539,-0.17422507200929066,0.12115266651194143,0.8740498385125891,0.22862251692179333,1.620784090542279,-0.27676254338902134,-0.377120299529889,0.5464432376536538,0.9549729515921694,0.8352646022822192,-0.6603082518963224
0.4419228751240484,-1.7061440614793613,0.2375330146455756,0.7031384732151629,-1.5018416013645304,0.9507011871656654,0.06687508630589514,0.25851091183985586,-0.806022359890928,-0.16342003361682186,1.1496455073579397,0.21668819911079887,-0.45079985827834707,0.3958299847886254,-0.15293104559523923,1.29105822898825,0.8685141730756364,0.984763566758958,-1.0497238659076782,-1.3619940642722765,-0.6685536606272215,-0.26936664688357287,-0.8310060897182101,-2.0582841980253375,1.2974224930592768,1.7024085287627568,1.2876356398574413,1.020083425560035,1.0179106974826704,1.1521270546414104,0.3040396877583063,-0.9793421558929658,-0.9884278841394292,-0.34599275099922144,-0.9336508233471137,1.1132515580053666,-0.6861353180713184
-0.474632210164952,-1.0785455746669985,-0.8992374613064879,1.6047899262596985,0.5477479591369101,-0.03478996790457647,0.8751588659999933,0.5266824980721649,0.2694744002931809,-0.7453881561077417,-1.2028391604899085,0.023885608523111543,1.9027270966139938,-2.264827397887873,2.2003363550521837,-1.4775627961129587,-0.7574740127664688,-1.0208252895205028,0.5153256812725567,0.6353664638103705,0.8369463177756779,1.3794483685708905,1.210158276748987,1.4754241305205735,-1.3314919877515687,-1.393684443246341,-0.7199942139490013,-0.06111191314909029,-0.27223452334097287,-0.2405300288575592,0.13994425439579908,0.3711544251837923,0.5259027213837435,-1.2724707016539627,0.9141120060097044,-0.8434145252179066,-1.4830483202920937
0.6574070315335109,0.2123546551678859,1.2457900994773448,-0.10088763017779628,0.37294010403884426,0.023929272040731454,0.17681945055883808,-0.03498004587543092,-1.284690320721919,0.962193005996952,0.957408504144645,-0.23044060559206747,-1.3434882867293472,1.351569085386297,-1.0241919345647648,0.6462461456211945,1.0269028464216716,0.36760707702861445,-1.0758677216048023,0.04626640771602387,0.9253676784946537,0.8069931336738496,1.4292634793575711,1.2295890107585028,-1.6806214243872961,-1.5237295029141398,-0.39382962148591677,0.6401361456043196,0.2882120410797531,0.7614647810153244,1.4339956697091232,1.2545200238542558,0.04558882425443568,0.16544612972989967,0.18176339683776568,1.764102691499146,-0.2974815707314843
-1.1211704231588193,1.2253032755686828,-0.23489004371351319,-0.31941406493966296,0.59071381216763,-1.3568326372697146,0.5245504657633732,0.3131826997018068,0.11392232870738715,0.4295213520988073,0.7556324395823723,0.6009065104561063,-0.1218933514944103,0.2123969764288506,-0.2432903777769337,1.2225796477924957,0.5475739608329662,1.0747040025309844,-0.9012761757785692,-0.9268346176524744,-1.4695422275827499,-1.7868858144191446,-1.577381701720718,-0.9199638991536997,0.7875126321279413,0.7193301234323951,-0.12146709948001894,0.7674770579386078,0.3072041284938085,-0.8297403105565939,-0.08346002278712426,2.5478805753911895,1.822585607350528,-0.7002479265297822,-0.27243446190835163,-1.0974640990140567,-0.6736893832518989
-1.2184616882383166,0.8547670529780526,-1.2182522045697952,-0.8600744189897407,0.12624255454227523,-0.462761961517319,1.3007884630947715,1.1102990850373238,0.4721810903710147,-0.6280700622661323,0.9342136824290391,0.13604162230863392,0.6775713830070722,-0.588807967655429,0.5494451569688591,0.40608040811076135,0.4573809873722091,1.428022917400884,-0.5358092377338675,-0.8017219776750456,-1.3228422904921748,-1.1456621988145683,-0.39791463995002263,-0.3277828912153555,1.1756242767325513,1.178588055823232,0.6073088842887998,-0.2421673095865352,0.14722161260966302,0.22588803789022524,0.2531616137146094,0.297976050228311,-1.0491300649036746,0.48394568677990546,-2.6362067718183897,0.7861213644717246,1.5958000035147646
0.0007287071108817875,-0.19796227692092283,-1.680113162725613,-0.5855100443576866,0.4415626337821631,0.4583161767513842,-0.7533426927181434,-0.9221524731522623,1.2011947078436196,-0.9017188526301833,-1.5793250158291803,1.5525798229153829,0.8658512913875314,-0.3211604563215302,0.15835385381028566,0.2559055418815473,1.286699944042113,0.3873634285026749,-1.248176721042155,0.03477713879498078,-0.5031066884513494,-0.5185273983749071,-1.129392544683239,-1.6469618957289607,0.8057183459224555,0.611408288858161,0.8156501163761248,0.6726915359476427,0.9773258222963481,0.7388000411791561,0.7459585314249536,0.6045714743902832,0.6390525668659806,0.7396696312945338,-0.3072025441612758,0.2799253646290216,0.11328055162399861
0.36743934039108456,-0.8072760980587335,-0.23827905017663617,1.2126808167228715,0.9129725211042997,1.6269662922871446,0.8080844440980198,0.05917558064725636,0.29644235579395534,-0.0015008976862034384,-0.33185854890497307,0.053468140892678144,0.9169747720321616,-1.2848842484424676,0.9175758349956717,0.42763208636754385,0.6083234930131052,0.5760210739033166,-0.587929642874197,-0.6961168788026846,-0.755248631819409,-0.7730079479025135,-1.0177648981402558,-0.5962524082155833,0.5944654778363165,0.5225782183873277,0.4295919495222166,0.6745094455617154,0.24425877184986974,0.060169613123497445,0.45914361245979557,-0.6354205799456447,-0.08193491815613846,-0.6636112329017214,0.16254311761241433,0.028926505638681224,-0.05425790418879894
-0.7311956978706761,0.7215151612891788,0.3524073998706855,-0.5261681503405852,-0.4078957697593483,-0.5702680570900867,-0.5318699790756363,0.16433485343307752,0.35044141600921025,-0.7030254829390689,0.3724221747799265,-0.622078037931937,-0.3821658933240655,-0.0576388400688498,-0.2388468049112724,0.8717888746367791,0.9997444243614511,0.0389913324775557,-0.6164216019021288,0.4292877781642569,1.0959592552834223,0.564277105007811,1.3684857013225566,1.5902795429606456,-0.46199578628335514,-0.03685636090107937,0.23131663574177605,1.1748238245761338,1.7187338989399206,1.032306254199706,0.9005361411973114,-0.5737435055673773,2.140677503717296,-0.20109503381136795,0.7803191449249984,2.532699552575998,-0.17311309168620537
-1.347655345857508,1.5759184198587532,-1.0298453901111406,-1.5484429769104846,-2.5182949067298144,-1.3228219546703994,-1.3008687066646307,-0.8368625499159121,-0.07234800860964845,-0.4144187206493396,-2.86982974375128,-1.1642291478502185,1.1834429036943541,-0.8220641209108149,0.6446165647184304,0.6170333476477377,1.147903094313929,1.185023610757376,-1.1285775508424376,-0.9857520756086232,-1.1664498689045752,-1.0826209407997627,-0.7398602537673158,-0.8894122069514973,0.8431787361219317,0.8414758609577492,1.100793933924717,1.1169523107732828,0.7539700235048783,0.6793285343420595,0.4103708111032774,1.2399411534314402,0.561320093883076,0.24909937976220603,1.5155581953686725,-0.3296968997036076,0.6968386337734078
1.2582201503345185,-1.5964906684863531,1.5873653112715655,2.0018705585066017,1.0496441859237617,0.5427830063264689,1.1915980189655981,1.0489150713933142,-0.6520739522333101,0.21302760892352113,-1.172738361718435,0.047071252018010885,1.2970161510120315,-1.076496682770138,1.2393685523622824,-1.218333674491513,-0.3828372198605755,-0.5555697199743173,0.33522760752578107,0.27608125607651984,-0.035671588435943334,0.09660657225334979,-0.031775605512542264,0.34891075331762006,-0.2438224476617996,-0.21645782619229337,0.14372197409522605,-0.30435062781039735,-0.6467569897455417,-0.904658803198033,0.03934230176627593,-0.313805031777885,0.3329046724260712,-1.3657273742672305,1.9915825721835276,-0.34586809019560427,-0.4732114479096633
-0.4933963636100818,0.5742280801414421,0.7887375797303664,-1.2060905481912008,-1.6915565633256557,-0.9501813392768482,-0.0845597679549733,-0.3794767794992743,-0.1558013810626894,-0.24244477917309556,0.41754664416484083,-1.2570066015441501,-0.04320806429795121,-0.7167824548071227,0.6759723094192216,1.8767318931285881,1.5829445364215378,1.2827165008051946,-1.2130901799468805,-1.0223325499154607,-0.725871708202708,-0.39102582866275615,-1.1211793289655014,-0.7412866908611555,0.5571790164795497,0.30235627511237384,0.0839743510033609,0.3655764119632015,0.5468596527413306,1.1626766932824417,0.6588549266491912,0.03398433310768431,-0.07934401508767841,0.24901153564020415,1.1995870449974486,1.3112395051460253,0.5844453043247297
-0.4830421640214153,-0.08650033172209029,0.07912788141880288,0.5523296446841224,0.8787033843130747,0.3262863822141484,1.1958514742891646,1.5878026780573482,-0.6950397407716984,0.036455176085444255,1.1175180248505485,-1.1463975535787203,-0.28148526302102356,0.03488225802446005,-0.1747267760094328,0.07164877463545745,0.32747799785070125,0.5603291341302767,-0.3326063062912058,-1.0498852686983662,-0.556797366932722,-0.682146926863669,-0.9696876583985204,-0.5287126089855763,0.5908634502555702,0.8591466110815876,0.5683391343405545,1.6337330833435735,0.7887025545599771,0.9719744932925485,-0.22649488826327394,1.1791204133111302,-0.713840823876104,-1.3895986866942174,-0.6161762488386312,0.738702600745913,1.478880682822829
1.2320110335492171,-1.1069419540274417,1.642188145111635,1.3226972689252576,-0.3176566306209931,0.3361463991576577,-0.5186244138021034,-0.2733393553874933,-1.7847333423565752,1.9831162587169233,-0.9083829834024113,-1.186630431698502,-1.6490867038627242,1.6919338642624349,-1.6749817910568614,0.5470979819266722,1.2319738698264175,0.6281217949583636,-1.54596258426992,-0.1901880391153865,-1.192834733944644,-1.3869778606304006,-1.3772954041726266,-1.626707647189288,1.9414760972700975,2.0905798521128265,2.6339616205831082,1.9312690009020685,0.9579169980447754,1.2787759210640508,2.551816965482245,-0.30613716192983015,0.31936392834479754,0.5983824673764082,-0.35783636889849596,1.2616115490887883,0.3887625130349978
2.257864862665575,-2.25856537608103,1.1962859507943344,2.096196943028874,1.1810275482498507,1.110786960351586,0.8178273597887548,0.4768604926146462,-0.7120642535659203,0.9253141528096681,-0.28029743990312944,0.37025585957998813,-0.12099735853402371,0.7671698006429947,-1.3106219714224665,0.7431328515630443,-0.340571220390399,0.6619854931267269,0.004022878627138995,-0.27693379035732646,0.21925549147642293,0.057522776582517005,-0.2509159554730731,0.5391490148706677,-0.3651060794640716,-0.31914805874730084,-0.1960699039821328,-0.5829878603602441,-0.9588446997368305,-1.6153488455207676,-0.2943466084443925,1.4553849330089668,-1.4055352857736996,-0.3981099207969322,0.690157454565897,0.09052824961107873,-0.2818122483491892
0.3117904756269544,0.2626775545210361,1.0188520130698082,-0.9984194962174826,-1.5995813567105992,-1.4809156504079024,-0.887862875730967,-0.5919468248089086,-1.202557327851662,0.470843997776627,0.49616377422332575,-1.8449049717429507,-1.9337454042873092,2.0084013272855423,-2.059307228999129,1.195895268963997,1.0632594921075647,1.6594005373551552,-1.3419222635967323,-1.4398307507623898,-1.584242300276791,-1.2298631948764682,-1.3706069344180463,-0.9426829073645157,1.3803020622899693,1.8360343340012466,2.306927074985767,1.814910240171002,1.1459356557254974,1.399519408769745,0.10803842749715542,0.531938945834285,-1.3586689425980814,-1.3950985528956275,0.469958357129077,0.2916065917150332,-0.946644562804954
0.873068858398262,-0.741943803133301,0.4695599265755296,1.110746949796717,0.6939484615070035,2.123471790186279,1.4251423884785495,1.3305726086344218,0.49219344089288786,-0.3182488329937168,1.5277317924423535,0.8059787838092141,0.06109999130337405,-0.08223998932038658,0.3155100587446406,1.0902487412482973,0.9744636816384167,0.6943920899065521,-1.299403655470867,-1.4342527757919743,-1.3280452086087267,-0.8482087071876282,-1.2330789494260566,-0.5172171402830854,0.7743540610040883,0.5972576117993957,1.3688665552932064,0.680582351356,0.9468189735494844,1.1836387126357368,0.5367219334377207,0.4148081828133686,1.0333252932117316,-0.5422849536482419,1.583230357873271,1.883557089541951,-0.30580147790386497
-1.1785226242033475,0.342065752086313,-1.3515423568743308,0.05343181164832396,-0.0590165834172846,0.11483726250271015,-0.46706696834963585,-0.36473793293325507,1.0245953841640116,-1.0273671356151037,-0.5067797953110902,0.32316384365294226,0.20354635776922855,-0.19266138031298088,-0.19892607089562997,0.15369531197336425,-0.9382335989990251,-0.2243843147984884,1.4511122435798625,0.727045181228386,1.2832749483042916,1.5687115513628775,0.6746226322826754,0.3043959333854253,-0.8454642331556689,-1.0961538318909447,-1.3551244869239387,-0.5154781112900418,-1.071171855631031,-1.1132791389854273,-1.2027401266598556,-0.6840844834494789,-1.7923544610248974,-0.5001713912159413,2.4377590287605533,-0.8670819092689641,0.4860732751022733
0.7218267133453741,-0.664924098236063,1.9594590075263625,0.7032384085035049,-1.0246575461439578,0.9975877534825117,-0.6767639448790371,-0.25334737621916376,-2.29728342920534,1.9061795553197785,-1.432581177215981,-1.0250635646511137,-0.746222132670855,0.016899067950696692,-0.5268948976692359,0.08829486505309053,-0.21527719428538247,0.16866882790807228,-0.1148356709625103,0.05924298889548164,-0.0529918363521076,0.1479624593850172,-0.19254552524207982,0.41010106571747884,-0.6592799284322117,-0.6616657618052862,-0.060630887094456506,-0.4394252349634741,-0.1854277175568606,-0.24263970560896925,-0.5872998993346078,0.4683074491436684,-0.32322703678098186,1.0989818813311578,2.22468076134972,-0.13032211642123726,-1.4937071971012086
0.8474646601694311,-0.15087329866097787,0.5829909810795492,0.08636779032096385,0.36214692103604673,0.598892526917509,-0.868297861114794,-0.5768656302172559,-1.1750092222265704,1.030912423663151,0.9927671057260695,0.10265260824353675,-1.561975780547798,1.5186549108623062,-1.824990621966952,0.4354379175418298,0.8558184891502303,0.6267489835595413,-0.851366281635178,-0.5573803073206405,-1.1986777120428092,-1.1529497137150166,-2.1912422454552027,-2.025931651321183,0.9121262990784436,0.6446863363926189,-0.16318993609126006,0.7206301086383192,1.0260046582057818,0.4547742123362243,1.0157299695080144,-0.46587351769649726,-1.0662208947165603,0.2076906767351602,1.4482721687181301,0.7753360093364796,0.7396989565321921
-0.9947168898447067,0.15166707266946072,-1.1853497062069147,-0.7237331310973343,-0.6672757104699275,0.35313078179737856,-0.713169408608726,-0.2897373920823914,-0.04556638678521053,-0.721233401730647,-1.5044232525527101,-0.4399123275057033,1.2053567019934617,-1.160893193192143,0.9216757933007416,1.1390461327093875,2.4933804298117215,1.4526654491588886,-2.3971348395939738,-1.3802755106820612,-1.903421975475316,-1.7797436082918203,-1.5710617189852079,-1.8018463783359937,1.882899251983933,1.8707032503625025,2.4984717064707964,2.3038181696544484,2.658563343642216,2.180879655656755,1.0980135774014115,0.4287592666859918,-0.40765142696924106,-0.9169389480975059,0.4782804881952926,-0.22377301479161418,0.15025397483035335
-0.5649203313822612,0.32554518223645296,-0.10307422911182498,-0.8733085538717366,-0.4962448786624832,0.21574063187757198,0.6231841173090856,1.329164114584294,-0.002346029664599773,-1.0259881422689183,0.952993771483539,-1.8593694322515109,0.6668913344135545,-0.6539675848842135,0.5855635287194599,-1.1125435224276619,-0.19548840769323217,-1.0525442411314456,0.12025758525944528,0.7569488645808571,0.6520162119091277,0.7078755044780769,0.8942935848593999,1.750001377979519,-1.4127165212546935,-1.3399865661865789,-0.9408517371841223,-0.27284703889630435,-0.4696651845434357,-0.1525310908626592,1.519128468844116,-0.14004463065296358,0.19017946217428297,1.6769819459827782,1.3030668090219777,-0.5999383689480089,-0.1868271646194945
1.2224329286288618,-1.2766953377930175,0.11498293083084568,0.7188761525086265,0.11249853764487215,1.1192958194529852,0.9934373997317661,1.1472437548762051,-0.14064652029021302,0.14335312672103664,1.615746126177957,0.46138898913320797,-0.04968978168849346,-0.5373684764636845,0.5715005487293495,0.6750630249378426,0.5937729975324452,0.16881250117290983,-0.8090908865139615,-0.27697955409586467,-0.40529849077188246,-0.4607408202760514,-0.744666236605554,-2.005297940569184,1.5396424317752684,1.7871706891370405,1.5067077933218693,1.6478914686768014,1.1889706303636167,0.7377135773842448,-1.039402317931822,0.9240440427405879,1.0049284419598679,0.6588894347727541,1.6164609437921302,0.5946633427936181,-0.6688509352524079
-0.302060340815723,0.382167959422729,-1.0717388582439609,-1.1533284074204124,-1.2963770839657893,-1.7902068255148962,-0.6040727223673991,0.4302271738534021,1.1381508279497456,-1.1586457282381792,-0.26154229538125034,-1.0676966019392702,1.1922010313894185,-1.5703347725999977,1.691540769656388,-0.8822652863075578,0.07828268458563624,0.4453427346637966,0.036620758254671766,-0.050878996029286826,-0.025425106303611368,0.24727390830216306,-0.3490457455862595,1.4629376657181032,-0.779500267864904,-0.8745015847258658,-1.2322299238857624,-0.4028444504152899,0.668338259927504,0.6013395498799099,0.3479707584638674,-0.07028874639971103,1.2423008608446156,-0.2997019858188557,-0.19968766411099584,1.315588101071457,-0.49593174720087235
1.4265779858236756,-1.3439062242606883,0.8593185064091564,0.39116875118709726,0.8976697513756048,0.8631018161632688,1.7837437664127314,2.1177984525671363,0.12241994830103684,-0.2073944941831361,0.32382722100448397,-0.5322472378118833,0.8223035611635856,-0.9359679158598566,0.7911793762730958,1.9034066297481944,1.5561455971339786,1.1258579658302763,-1.9448404719593075,-1.226012333641809,-1.2788645688779205,-1.7191837657469462,-1.0414937069543155,-0.4390872532349192,1.342112417951539,1.3759206881486818,0.7128863898991438,0.3833300527820254,0.9940538215993346,2.0137086603358045,0.14288986903295375,1.9905357923020957,-0.933649374176865,-1.511875752735473,-0.5866263763215535,-0.16847012122713184,0.5184086811089705
-0.0015841041257008994,0.21560478472194644,-0.9873759347206387,-0.43451836755762857,0.619577885215052,-0.5724149930651793,0.34760444496895865,0.21713573129256733,0.7551338705600621,-0.969119023762485,-1.3083044446297512,0.88079466642807,1.90174604580339,-1.4310649586109871,1.5689509692317058,0.39341495519109987,-0.0821304437940874,0.36108409499255323,-0.24093929304928557,-0.4225856414853232,0.18153046663362846,-0.26681830188166333,0.21299559440322294,-0.024700131332272356,0.09211260004067073,0.1356628122695319,0.25203984595799306,-0.4077714793115597,-0.47622859838901554,-0.8523547277805233,-0.27503846483609756,-0.313027531636429,-0.47231240271082625,-0.3875861810467119,-0.822347798223359,-0.19636481325561406,-0.16700898066616357
-0.05095134429515629,-0.3710890471443215,-0.35946424215789086,-0.36446775496668316,0.6104136459755426,-1.0128847514980264,0.45660769965401604,-0.20976612990222127,1.0668458747600922,-0.9013252058071288,0.3033691183236987,0.47576773265357697,0.7075075315804374,-0.7291977545000344,0.29107320540524795,-0.4037007684050205,0.5120133171233339,0.016360470291036922,-0.19086675124812477,-0.04434090015180471,-0.03539012981621634,-0.5306744888519213,0.29751157157969105,0.4198115626204303,-0.0208248328938327,0.2018619882208265,0.21978236695711262,-0.1115084641976989,0.47492129318403825,0.5659395420914453,0.7303479504983361,-0.5709534131072244,4.129446503344744,-0.1844004553021007,-0.9317577622330001,-0.6778700636447497,-0.5193253842853299
0.9713817400128733,-0.93112323954858,-0.21630548741172925,0.6871217725589207,-0.7093347368923911,0.33753440522531974,-0.7392659795091313,-0.16816557276249666,-0.3111396772910312,-0.5985040075521905,-1.6804129227819709,0.5606636839911159,0.8079851848467979,-0.0072109420252292385,0.3877928439673854,0.4558970657349043,1.4047221268138748,0.9461005146665307,-1.67832928114662,-0.882555381330029,-1.5926119590195549,-1.7622489003738024,-1.7595911169054588,-1.0176756613725775,1.55914418586335,1.1897365886199822,0.7042526436156487,1.1684392445546323,1.1104458752800577,0.5053844187050326,1.075060433650845,0.30598869354830943,-0.2523866459202666,0.402560162053663,-1.439438938793642,-0.32439199073760777,0.39678183121457905
2.0657777479361448,-1.887445027225466,2.1246247540258802,1.684002639087552,2.227290151548782,1.434129991768936,2.193165045256977,1.458559407263513,-2.591479984737996,2.232791180876434,1.3503932217817505,0.7937130475694228,-1.704778527690381,1.4110460506218805,-1.2124753565834152,0.029005531770501747,-1.5163377374057658,-0.25805108799319565,1.8076215512595761,-0.004271736784023515,0.36006289048237006,0.7539435436351472,0.05180440599072525,-0.16501394958576296,-0.1192265413697396,-0.35958935305061707,0.26823180766567645,-0.9002791829474679,-0.7479467625859152,-1.3169710974151279,-1.8903741001301746,1.0346330728997637,-0.8962300266530981,0.6397398718612292,0.19914107291274374,1.0621215399467943,0.4342179405814583
0.6495353531733155,0.4854100993510948,1.6136471438117306,-1.1808456324660321,-0.23522371224606045,-2.411953898515653,1.5431387073500364,1.4685804393245705,-0.758544089665678,-0.6782166979012716,-1.1270695613826003,0.10949951934294314,2.247746143621577,-2.273053806635836,1.4749718071892177,-0.14336155281897975,-0.7447558079324519,-1.041433019392755,1.090602722322881,0.9044030371457479,1.6626429563721774,1.2336697531430842,1.4124783734834716,2.322453895176403,-1.8275635704767965,-1.914432131890662,-1.5157372365919104,-2.453230755172514,-0.840049951253898,-0.3697153080976906,0.12064347858069512,1.0268935663555485,-0.7267541366667492,0.8381915359240956,-1.05563104945287,0.054541856876267315,-1.2260160117920125
0.15645615080750894,0.04923016511126509,-0.8418045732020489,0.3547568205132521,1.2902291665709622,0.5166594341768436,1.2635101370108588,1.449960636295813,1.0950424369058416,-1.3051098717672567,-0.9342693681752675,1.2624398800948697,1.4469494543002799,-1.516586900706031,1.448550690859207,-1.8213959042086587,-1.8696419450564423,-1.8836290268952862,2.1768987544830685,1.8951863416412673,1.7469133475873184,1.325372904598273,1.133161027277704,1.7685821278145817,-1.6800413613966552,-1.9091276946863347,-2.143266956872051,-1.521614468707517,-0.7495330875106412,-0.8332819037003377,-1.2821640117745283,0.1274192295255306,-0.2464036424236323,-1.5692563110866662,-0.8385149202040492,-0.8359629397659654,0.49401072260410406
1.266453241956327,-0.5925848581804467,2.3534379266884335,1.0153337846350965,1.6835355500321052,1.4663921475273642,0.6873601125334535,0.18257081721299312,-1.6729431167374234,1.1833447921264395,0.4765971766643321,2.230105565289891,-1.5195112693957589,1.70277252192831,-0.8540276057790055,-1.0225599447274956,0.3774776073052791,-0.4840616967468943,-0.14050436297557753,0.07893994712740802,0.16857347961720356,-0.08516112415803542,0.05470072210176309,1.6339516485525363,-0.3796431577835521,-0.20221279846022233,0.29396253520588983,0.7930180588316892,1.602838354211999,2.1186032582261096,1.421104006968792,0.29899395025565395,-0.3977387752833174,0.24273646744724123,0.6523433170138964,0.23675216042136493,2.3175436539665686
1.3368393154063036,-0.07375188836704655,1.4620921335378905,-1.058079118880172,-0.33963567438098424,-0.7900192398527384,-0.9284763405801814,-1.1004021119163907,-0.7125143529995864,-0.34383171950551406,0.37301873704519994,-0.4185480465479867,-0.3204442585172822,0.37059141310770444,0.3076373368031334,-0.12328069728837122,-0.4822691959754984,0.19218069815680813,0.05448920762806227,-0.22141204936613895,-0.5584174199806528,-0.1964312058876807,-0.940873478823228,-1.487398888696301,0.24588206947029764,0.4011962185815051,-0.40567397884189654,0.32956350962354825,-0.24315341950767186,0.046286358211240164,-0.3555448420071904,0.300436683228674,-0.23645385543859,-0.12377019340603251,0.1305687565414172,1.0295466426695277,0.3977806896671596
0.5223175539028831,-0.29965473442678164,0.5352390498810891,0.9285873310451628,-0.07768909297685735,0.1219194499839594,-0.5787114648002206,-0.9629824358480449,-1.8945741740573268,2.2862218589601375,-0.5079047554097652,0.20319222036137657,-1.1010350925376438,1.1185699617876146,-1.0602067137109528,-1.698399436092645,-2.1005908595414113,-1.1662494850104603,1.564109922534774,1.9220736955923774,1.590192726420848,1.9571388245353587,1.6153851123270737,1.417238646899567,-1.4843615502434269,-1.133855328688624,-2.100875009746721,-2.2414805519361347,-0.9998382740070664,-1.221786085228103,-1.8615945550242299,-1.1119402790677109,-0.019587118218930704,2.701381784890259,0.3796003108908649,-0.5916366563862678,-1.6509855918385197
0.363445430948502,-0.4430886910754302,-0.78786059856023,0.6550150512021864,-0.21602255761548114,0.8763425340220679,-0.6554713309903026,0.2646694943611713,0.29525933092907825,-0.289550317301769,0.6982660653475987,0.4477699866800768,-0.2221910961463457,0.01495851378089356,0.17205694086490264,-0.5778589046534196,-0.744570285038885,-0.16851926173197415,0.38017489413762107,0.15239613806056948,0.3566936845962466,0.6506904020258127,-0.06673070226399466,-0.8798937040062311,-0.2889739970180417,-0.3196910303649662,-0.1902627749259523,-0.8848847167149745,-0.8201697284750338,-1.1062334929417792,-0.10168808058204301,0.9810643134660447,-0.026697046986174446,0.0995566066022436,1.318955309522147,-1.3622079796435678,0.12168791672826042
0.6917375298564612,-1.1646562389424557,-0.6388102071044273,1.0585439982914622,0.09849356268381593,0.8319873250177697,-0.45358851335514255,-0.10366244767181149,1.188446577911685,-1.394962836230963,-0.7063075150459915,0.5670584041567425,1.0348823161043084,-0.553058635951045,0.15287043719015114,-0.4890222933601458,-1.124286758180578,0.21316355554219815,0.792443603849454,-0.5695002389031473,0.0011768902512265627,0.3294617713538756,0.11183568727251164,-0.562369441731839,0.29404587930981074,0.15485724892684738,-0.5203009138376907,-0.8283298054579731,-0.778851249276755,-0.3517791627372661,-0.4535198857057576,-1.291158248660888,-0.9708557234643822,-0.5847774288354275,0.8162863110224302,2.1749029538469338,-1.7755086237790605
-1.4753299900725536,0.5487216931220166,-1.0585580623382083,0.23323089901706587,0.010220062278204352,1.1904155648079962,0.1393272543803036,-0.17005947412680467,0.6385962345229124,0.45283774555659895,2.122156318990781,-0.4637512067133068,-1.460672269912339,1.7116037326624567,-2.0221451449124728,-0.7735059714771011,-0.6944330197922565,-1.0592388721059753,0.2807992389505793,0.5434591208858733,0.6782808222685115,1.1505823457926663,1.2290232861489214,0.7876998768697591,-0.9711393718372076,-1.1911933551508964,-0.8294930930441737,-0.8836183829056489,-0.5495825725741412,-0.9495969351912272,0.11294463388983766,-1.1100741137920425,0.3783695823298019,0.14503076962925593,1.4733227195242242,-1.4123829138265775,2.9464248366061336
-1.0857902532029344,-0.3224803360685219,-0.8788352226741761,0.31947566838711594,-0.6169754729368576,-1.062367591389673,-1.3450304628935157,-1.855984961081739,1.0765141229019286,-0.7882000743180416,-1.8434308284177685,-0.3462176877115924,0.13462892259136622,-0.3936656307112661,0.30103776091217016,0.8055776803396307,1.1872285560262374,0.11417556175118493,-1.3520138967450441,-0.6229626033816941,0.26557710248333927,-0.28576911541860744,0.4241992396656745,0.14946772003415235,-0.48209110485596623,-0.11408283170598266,0.4239355942741262,0.13937883506085438,0.37346695864186086,-0.15795089613061522,0.6779080649165624,0.016140271813644663,0.12551124725275375,0.02661509207760239,0.028519977162623857,-0.3877544338234549,2.0662234499690286
0.22353579200019497,0.32404081495330556,-0.04348882541144296,-0.7004237828631531,-1.8580855607659061,-2.0350142291823206,-1.2128450510233353,-1.4588145979770044,1.6705280811460061,-1.2266207558637727,-1.2060675899726927,-0.222504910895022,0.4025624693754805,0.47514284757721387,-0.6090050368577626,-0.8760038028801294,0.02742250046485231,-0.5937822492305279,0.17469881165326645,1.2680370336297448,1.1640705846142574,0.7460681313833647,1.1291510773767233,1.1160246209430136,-0.9287455145097238,-0.9548506657774605,-0.13693419538393228,-0.009362851015004767,0.5158665509032069,-0.32090986939442956,0.8985710342475567,-0.35715178127134456,0.5079646351976586,-1.9451727639354304,1.5666071918931266,0.20636640614331156,-0.6750153609586373
-0.8044686562939833,0.95638668575231,-0.5294699202401075,-1.6197560686710448,-2.398696012012581,-1.3445786326644527,-1.3551245530676508,-1.4870008928709053,1.0426608016564054,-1.000674870285116,0.6477655983928922,-0.7979234502989032,-0.6922171644469982,0.20674373860405412,-0.15244439504971213,0.10960543440463724,1.0976738651899,-0.42072801903846474,-0.8871489332238331,0.8436003421197583,0.23242585236105898,0.013545748285789343,-0.35895645422314376,-0.36592002998684775,0.5227165853993077,0.30340822930344685,0.5550561510928878,1.358192873458333,1.5842920893687589,1.6635238712585798,0.6197308031916934,0.7541178241295343,-1.7438061254639443,0.4416601095636421,0.3094259270446272,-0.300724544806728,-2.167431273831208
0.01569166914288287,-0.14729322824430227,-0.47734255960088146,0.051390316666316514,0.022060639322440383,-0.22029568570302832,-0.3495475007219782,-0.5438641011159583,0.1247433787354239,-0.3846345154793757,-0.37554556547141166,1.7809144152308152,0.2286527096591087,0.04713731144693237,0.15207102642044715,-0.33973178302152396,-1.1441264982191404,-0.9155594063282854,1.1657130831384261,0.30794560998688325,-0.23045195122994527,-0.186052176990927,0.38034679504402985,0.76490184441556,-0.28122169161495064,-0.07041158619156389,-0.883886108728416,-0.7136075488754494,-0.9209367825608848,-1.1637513531947241,-1.5397600390851898,0.40679690999194257,0.16196805282534887,-0.2740506686355581,0.1176131115365497,-0.10221542325503655,-0.8757067486995119
0.18565876058829328,-0.3076240435429546,-0.021456909495041344,0.19153258609158172,-0.08989728967105151,0.3111428387519619,0.13286172999591017,0.45247653958693157,-1.1201991638035793,1.0652430161830873,0.9762634153513383,-0.3161676891935028,-0.6124871329159249,0.536354412530211,-0.3181762969591315,-0.10124407301192492,0.023909231065443563,0.49527496703238544,-0.10128915426290067,-0.33541140974024186,0.25579079648355113,0.27792629894498444,0.7043662448147997,0.7436097000328467,-0.5422768880902621,-0.6152056842623255,-0.935923823778001,-0.11475070423674452,-0.5853669446705323,-0.34549427629404783,0.788984302582961,0.09896075153312962,-2.0199437795263506,0.008571622961450382,1.4157274408998775,0.5528077792378608,-0.216871046418657
-1.0196907735408227,0.29362052437686664,-0.7170016377001621,-1.1397944262417958,-0.2546269560582082,-0.6653750246064143,0.18984785740200252,-0.4091607348567684,0.9930262647764827,-2.3249036195240826,-1.1109155735952732,-0.8347822610182625,1.993449503058883,-2.355491089780132,2.528671200904496,1.6542891634414685,0.7042335932221129,1.5556453342509549,-0.7132929749680891,-0.8700226226663736,-0.32248803223855954,-0.2703254401810283,-0.3523486126336118,0.6719454070682614,-0.3238725962104913,-0.6018125196565597,-0.4706752225705259,0.06993882689657843,-0.03230583710488266,-0.61102154709691,-0.3119577378064612,-1.159398711116305,-0.17657133860557606,-0.8345926528428385,-0.9275093808761705,-2.4306651932810808,-1.7103680005885666
0.5850627919790681,-0.21171570448462596,2.176679684800341,-0.012890119421316872,-0.1411027276936521,0.8666604380626025,0.40803082020703996,0.8247458725398317,-2.9816993197478907,1.5625114600521417,-0.6640142089175256,0.3957720049594426,-0.40001389641347623,0.4863020534848993,-0.29862398711634963,0.2024879634351813,0.5070409671905111,0.18162124942890734,-0.4190267171921357,-0.15796118927008257,-0.8950565551283844,-0.6008922942279488,-0.9649242297835839,-0.30273548076474055,0.8549315255535466,0.5843132078334805,0.47527246744868706,-0.060511509835627614,-0.0545338145428826,-0.7815313370043191,0.6369682854166199,-0.012205609536550194,0.6722919757220979,-1.0539722670522051,1.9801036212385685,-1.30018721543362,-0.1110913910665148
-1.9562573893423205,1.3273646673732116,-2.928766497779666,-0.4190910348259333,0.7311966492476766,-0.4689846680911902,0.6586163038230975,-0.1477401391389898,1.745929823566433,-2.2698341567525526,0.8971418734947518,-0.5657229575226889,0.8520217082906936,-0.9386097096673864,1.236431965496687,0.39923423457577917,0.08378573882147947,0.36333240545290635,-0.23216316914780843,-0.5180904702142708,-0.5627631907237485,-1.1145060750442388,-0.8456777569951116,-1.3857035987766735,1.144971634768225,1.12139398711515,0.30121495741411186,0.6698209007956525,0.6118435614407741,0.859566722655934,-0.46619391123651105,-0.09094081366671407,1.067280260940587,0.9101747819340276,-0.3350393212219893,0.017553482674818183,-0.22309485212357355
-0.34834771933079034,0.1470205572339266,0.014845205721452578,0.10499952464729571,-0.41281204812906425,0.34587869014897404,-0.8955724424434738,-0.8404745861709447,-0.49686277607376433,-0.8252272169787424,-1.7307999470148558,-0.5836164775217909,0.3677329765635088,-0.32339994382369547,0.6281296283154713,-0.7592338122409856,-0.03192706327367821,-0.7226054947920576,0.290682642741411,1.6497525754859708,1.3797299897598527,1.279916271920862,2.0020664050456016,1.5171000581064993,-0.9177528482826723,-1.173687660030186,-1.2169826298640458,-0.5686680055697361,0.19812598794195693,0.10411205526961576,0.640883617089001,0.1825888283460969,0.3428561798822812,1.1387425602661412,-1.274880432727579,-0.43317592518274006,0.07235349932683917
-1.5797458375508382,0.7096048728622516,-1.0492099177738818,-1.3281746975671416,-0.5219777173124858,-1.8111814176461027,-0.3576465320470035,-0.6097696013689224,0.7185682492821283,-0.3656300121679799,-1.2680558803074367,-0.1301680323114555,-0.09027086931427275,0.05584503079822626,-0.12097585168690507,0.6568017288906864,1.035503469389537,1.1533844266994908,-1.3852716872249469,-1.8483175005191466,-1.9909318412386399,-1.820564458236957,-1.463098963271705,-1.2369153842707332,2.004337828383663,1.8993061090437913,2.015595843090269,1.60615831721666,1.448419625030607,0.959788445150399,0.6381111333405992,-0.4668613550528149,0.6900679903398221,0.4514113102160503,0.6043941482890216,0.10313313213784935,0.17106871119217093
-0.34890760268776155,-0.24323411239950954,-0.22905961717675788,0.3494045212205283,0.6994734131760839,1.698887237267151,0.4746451932894751,0.8467625044450788,0.33614300525072927,-0.6863057965532192,0.15030617220451012,0.25683951757916706,0.23111831664281632,0.04148056971193283,-0.7057255699859111,0.6138802855261265,1.342968914254182,-0.20637428976779315,-1.5280136836271223,1.346231331537677,0.5477782878840455,0.42844508415495847,0.18011310540870076,0.39201264938002656,-0.04708827855009251,-0.2813956086004696,0.09547400874755375,0.2072299839693806,1.4791504416575647,1.072797210955251,0.6383387546834389,0.48194074837096684,-0.3022794948569066,-1.7677125390216144,-0.43065076440722483,0.2018686947175262,-0.9581309861304674
0.9509955057424321,-0.27193300778749846,0.9208577844683683,0.5755401225622366,0.41889089082998615,1.098081787301792,0.4233015363983475,0.9850276357703035,-1.2746301013034502,1.6923014744243599,1.4559345379608828,0.11853103051089654,-0.9982126224526193,1.1312901784759795,-1.4602729076897223,0.5158246666098437,-0.007838319422594438,-0.31196625505839787,-0.27252986965735015,0.33649426342004624,-0.0598990979454915,0.002835284088112731,0.41249017880182925,0.9524949880797431,-0.36732337128548975,-0.6109009436047615,-0.6745452131106534,-0.5470376169979366,0.2553038059189838,0.008053731089057119,-0.2777843325689647,-0.38373949769704857,-0.5163142390641483,0.5160912330330084,1.9823191818136296,-2.1534779868849974,-0.8521290018035608
-0.7755973484073587,1.3122455908577897,0.8179649503822888,-0.6607713160745464,0.46527938650454626,-0.015926617614359477,-0.21043439385478369,0.14787339747026143,0.020923501585172213,-0.15711766316344578,0.2722142352041082,-0.32692909692555444,-0.1798414026807914,-0.17695204970387549,0.34909571163775005,-1.2107964439290164,-1.3805638081689957,-1.5184398013397848,1.4388049940133634,1.9686025897824406,1.308430613286246,1.5629261993119312,1.7484491361977912,1.5640388183079212,-1.7781596573498655,-1.8424291844365983,-0.8119661803608687,-1.3179224675601826,-1.2568840689470167,-0.17751629620106904,-1.0656080075498247,0.3886352918964917,2.7446024043591457,-1.7529166464777577,-0.48645768266023426,1.25311046688942,-0.002811551793924971
-2.0787755353293607,1.063156981535846,-1.2204914940229317,-0.6655576029215046,0.051628465927571275,-0.9907978352132428,-0.8578195240318813,-0.591588369617743,1.8279378525253065,-2.0443444059415916,-0.5688456126238829,0.3675000987498387,1.5555313569108096,-1.5214627352202685,1.4723854217906336,-0.5758959050712906,0.13893833908547593,-0.3713122035948872,-0.49147315288831384,-0.15134377025736845,-0.7718558746337871,-0.7162944664754238,-0.7011660411232536,-0.23728666627840414,0.6939765755573164,0.7067603380550236,-0.2683306781101435,1.3256211192099372,0.2447272603946024,0.3353715038658086,0.767099816132022,0.7540084660357556,0.8446336950596627,-0.6231309677048074,0.26395261626923805,-0.5276992794469474,-0.6420005194469004
-0.2593695671521883,0.5689787514600214,-1.2057745769638482,0.06339829301558231,0.7364089080778877,0.8371485991518642,-0.5988222862184808,-0.6514098674409868,0.762398999454906,-0.7576831004309226,-0.09962337200268195,2.3065560753002208,-0.09976438695998284,0.18702858574715459,0.4772718072800475,1.4784296616010615,2.257982588716394,2.15488080011988,-2.4468605943040305,-2.2565890859014766,-1.6352796279585133,-0.9149227280505737,-1.6163689894666164,-1.9807699531432166,1.8449889813548819,1.8555630157386485,1.9883551234565082,2.2614857509657758,3.0883922493432303,2.7562159209286268,1.4132625284278673,-0.5709740615226317,-1.1923601421034484,0.8969093137641662,-1.4832154751213271,-0.8967895104707028,0.8114530420488653
-0.8656431484532505,0.3130391595017546,-0.3593101384916377,0.08485081780733222,-0.46883394851029114,0.6536188956443413,-1.4193368413020337,-0.7286301138410685,0.9426749624231258,-0.2952452124173583,-2.259231084841142,0.5820370517770022,0.7923143836247181,-0.19049061023743494,-0.33657713134336115,-0.680195425108888,0.6529417661148201,-0.18160680371944696,-0.5241978402750314,-0.2728927855571396,-0.12110230478620895,0.17442562178006407,-0.5223007559036144,-0.7022996503426836,0.690557837285168,0.9099282294885989,1.152804579798452,1.2655555181543525,0.9308397767185379,0.474960835084697,0.47212243407497356,-0.807526442036824,-1.7643883299515886,0.6898611249199317,0.7644592697977527,0.18247376079578018,-0.011973171982436153
-0.01962458750867701,-0.27141081355520286,-0.12154859693533705,0.09741977020561286,-0.1058453604021627,0.4488303858158405,-1.165999358079459,-1.4697560673104237,-0.3596730802339702,0.10178180223549091,-1.0600844051813492,-1.7380748766295124,-0.5676877232405763,0.5506894036160661,-0.23478238826809072,1.617236169111606,2.340866191883881,1.6888979926782839,-2.512794958450022,-1.5620010771589226,-1.605931493407339,-1.4522613552073773,-1.14775121738146,-2.059803405011659,1.2320886881488433,0.9693313302329088,1.2387864687852137,0.7356474450051708,1.0817347460166868,1.299136058215091,2.457825995962564,0.435686970658909,-0.47140347239505676,0.4901096533998462,-0.8323576995852205,0.08077031919555594,1.7160392890982668
-0.2607829502059707,0.9226167271242489,-0.6042235412660425,-0.6693357694809462,-2.2360515533136023,-0.5887277917105446,-1.201655243215776,-0.9017993986809605,-0.20638936879506975,0.7538658932065845,-0.1269837219879695,-1.2706227847302152,-0.2647824005307256,0.14962818627258453,-0.15221443158041437,-0.5363621293745051,-0.5569362072580107,-0.5154431167266201,0.7555727043392727,0.6290473117430192,-0.38944938576692545,-0.21725444155946974,-0.5265961014852414,-0.1765410009035728,0.9958755232798836,1.3292632997404992,1.2418868448426108,0.9389606837819551,0.4655929888183353,-0.10976584901467429,-0.5355304320497452,-1.3541324609718837,1.2160610941762964,1.3422921861579369,0.6443799695042649,1.1757743812995487,0.7292499493314291
0.1571716296263028,-0.2994204029698588,0.24049856341951878,0.12981523521448615,0.046020461642262735,-0.49717286384973786,0.18738462783321966,0.6233420965189662,0.48481592840139603,0.08671981482199594,0.33890760474374204,0.5149189146271806,-0.06528534587597315,0.2838349648177598,-0.5323740133680681,0.1704644057590572,0.0060011821632926735,-0.5050994314779307,0.20808548289383894,0.9460117981714884,0.6972888196127304,0.8942877050412777,0.436967003809441,0.8349350267807615,-0.8388301296302747,-0.07424614553062853,-0.46534338367888756,-1.0961633500282553,-0.13230066591829023,0.12075674552704196,-0.18568900561383522,1.0682830138339683,0.051871288079042926,0.5927056343039894,-0.4818834474750408,0.24631072216286226,0.9968269646087308
1.1710643088140598,-1.1726885321084382,0.7429886707109588,1.2220245974441157,-0.38182300602956126,0.9453315553138683,-0.2844331850543741,0.12522338758148815,-0.4204622860561177,-0.015650958074870075,0.4648097469983573,-1.5282213073672202,0.2632295998632137,-0.5197902011354345,1.0513166759361896,-0.17081827067169447,0.24888186912994983,0.09140884870297407,-0.40910635936662093,-0.7940514351300179,-0.47589853530126847,0.05705346281083077,-0.4299493548873727,-1.1327719619489407,0.6533116550609998,0.5113928556758477,0.7789793339235734,0.9347428971982837,1.209617809954031,1.2924131968675014,0.6751442681292847,-0.027736745692616267,-2.262759883583383,-1.9750212380853678,-2.1071013769789824,1.1370005975675876,0.07935523814235546
-0.4046501601282033,-0.6057303128416494,-0.43804757930743304,0.8877189775133296,2.5435406144722035,0.25884289015031486,1.8574654834696396,1.9087726643345944,0.5721885281306532,-0.8169823120892339,1.5592799814136622,-1.204308383554609,0.33502704298703256,-0.46187432099537806,0.07307485395215285,-0.8400179388017485,-1.3604475619366387,0.23892586061030624,1.3258291767558497,-0.12548457777637917,-0.45326649811718317,-0.07571137042657923,-0.7485334542805948,-0.5219613310887593,0.0028971675519039782,-0.47690115704316643,-0.6355135767213089,-0.26384201687415854,-0.7557987922865842,-0.19815838723511073,-0.4708434079209262,-0.15292294848055543,-0.17832560234201675,-0.3327648644809318,0.07994330375190908,-0.9698187440440604,0.10278020907699434
0.06670143391316807,-0.25201551063504035,-0.021370111096326028,0.16515050037663315,0.37450969411543117,0.35557826041483304,-0.8309688151401158,-0.5427597804841242,1.1696396846819206,-1.354477057102824,-0.151578550519827,-0.5123412568235012,1.3395133833571005,-1.5767685893268641,1.579890581109312,-0.8253684971224999,-1.530910034993611,-0.845126301858809,2.037822350551257,1.1829560631374179,0.5210727591596669,0.6565738310312801,1.1173043810615895,0.8291742687062886,-1.0372864069594052,-1.4691066235516812,-1.0327159670162072,-0.9241554708306012,-1.7407853671499733,-2.3992639788011036,-1.8468231115133542,0.5050404430008225,-0.00021160741965615596,-0.0062802165562842105,0.03499842192416449,0.11564547308497099,1.5897453766114902
-0.34976954307565267,-0.06240249828974425,-1.0498793079964803,0.1889120671560266,-0.20025347769933735,-0.4784396712790322,0.06739304349513095,0.4346476146362443,1.2187975386814256,-1.7414691263720528,-2.277935937767327,-0.8211403742910306,2.887548930699538,-3.0682676958201793,3.2702618431605956,-0.6969840699292109,-1.051057863833977,-0.8883054288117915,1.239880034165193,1.3029653644541184,1.0944348291708903,0.8293861749491318,1.399231924719444,2.108106478911055,-1.8082143979466694,-1.8736896530531935,-1.9380074825396623,-1.4848639315467023,-1.155797440997924,-0.4973436141565317,0.2653665477152258,0.4432430537710153,-2.457938261165201,-0.12289992731838044,0.8328957178886167,-1.1472761118974137,-0.403268151960616
1.0057034760831403,-0.5932184508571433,1.1996962814365493,0.26155057613377775,0.8141835280092675,-0.20032915472433174,0.7947688381950286,0.6698259276598322,0.5828226209358468,-1.3483105770709318,0.7180344635605724,1.8465802768336803,0.7534900014388427,-0.2731261086336614,-0.020562034694382406,0.17030986268616446,0.8534219300079572,0.025889888027728788,-0.6970005629176085,-0.18761872522204923,-0.02165246932484515,0.10761603174492836,0.01710405165106517,-0.5229900148797971,0.6397423413891019,0.4243726365044128,0.12297924829481108,-0.07383352130213208,0.1861670309750096,0.32409230296737335,1.3197105375557638,-0.0321623807833389,0.026845565179345127,-0.5792835986590283,1.5105886999263638,0.07123830035543062,0.4706746421071209
0.13825104085496434,-0.43199153728305933,0.004386972845422293,0.20855916842064368,-1.024088677453459,-1.0274773106352144,-0.8010155471079173,-0.131966933161084,0.04031896467063343,-0.3696185683394544,-0.8011060968582767,-0.07883354447076305,0.2863160511239198,-0.6082964072609123,-0.028877606919389606,0.9257163601172617,1.2062119600091206,1.089114725984183,-0.735741911454408,-1.1542990149630268,-1.9417328389926676,-1.6788678032245135,-2.106070218520693,-1.1702610258713286,1.3520994331976415,1.297302585495364,0.9410412247736175,0.4444315842991172,0.7542232045717656,0.32070031468204824,0.304601434025523,0.8362260553699252,-1.0298036143061435,-0.9904937108519484,1.8684571111809394,-0.14179035290046185,-0.2974061847755977
0.5069561213255844,0.2782567164233162,0.5392302280998398,-0.3007217628513275,-0.5827101610208246,0.06959730996822933,-0.9265325871677353,0.015452212407971844,0.527613590357697,-1.797983863702134,-0.7672284729844098,-0.3624800309935687,2.1732235255259726,-2.3335878572258126,2.3779634501378752,0.10426092308490209,-0.777115833201759,0.13621201330057428,0.45571416774186296,-0.13861725457254043,0.48498619654066816,0.701711127800146,0.10710253658305187,0.7461022983283129,-0.7792450810428257,-0.6141145455060966,-0.233352346014333,-0.6604159655770439,-0.9375480967572627,-1.785157733115205,-0.5193112055265875,-0.7081806987031268,-1.8671294286474847,2.425364973544205,0.8159090773979505,-0.18501588906955482,-0.29967214263924125
0.7514847539935084,-0.41203533882131993,-0.06448614510778578,0.06211740045886233,-0.23657426772781306,0.30187869226527647,-0.6011879361701834,-1.3086645239672339,0.001969241558213538,-0.6717340752320169,-0.6001677790109315,-0.38115518638719886,0.4352482123534591,-0.546370369303885,0.8725881549346373,-0.014323071001518351,0.23125855792777122,0.4191492786904847,0.11688051535668527,-0.2777068007993333,-0.821700177197789,-1.0044539920087519,-1.0909161476039666,-1.0055346461434589,0.9660722362242504,0.578073782472511,0.816279477332173,0.008754362659810363,-0.30718017968659045,-0.4475728108534381,-0.4417372296096629,0.6706734064439581,1.6363024276905809,-0.35189460179696036,0.22797616031779275,-0.17620195904097147,-1.1501742860800008
-1.9982223433463135,1.8275752394248517,-2.168946852858815,-0.966853838073459,-0.0343370892023614,-1.0580703438182009,0.28370571357649293,0.09768788035039333,0.9278561001543213,-0.6184796879672649,0.43524923910968344,0.40753462052856254,0.2003599795686686,-0.5810103610900036,0.3741680444321646,1.2513029548119996,0.3012545942505001,1.0666834469923767,-0.2058511748722093,-0.38955998732179914,-0.545504527536392,-0.2956869355929501,-1.0052712687833771,-0.6502219407723341,0.15945379110047408,0.10407200980292891,1.1477920563051136,0.4739482762372784,-0.5298303602563763,-0.37485537815319125,-0.41679978632652087,-1.112687743815251,-1.0748527565525767,2.376437519313003,-1.4849628759665408,0.7131606190455971,-0.7473588227601657
0.7788281284427372,-0.2573791168049024,0.2935522413990284,0.5094194089272989,-0.49102341867787386,-0.9924732713053097,-0.851917572425362,-1.23239415754913,0.28605710224283654,-1.052891698484823,-1.7400855044200654,-0.009414668199202345,0.4536202714162211,-0.15061613464337645,-0.3743630666063426,0.06170712728799145,-0.8190293734560883,-0.07165336758532985,1.1830153310673315,-0.4293782889118554,0.14815507556437862,0.3864699061630555,0.2738439736647573,0.8419963549446715,-0.6481278427251042,-0.7618792440650218,-0.5080911437749466,-0.7796376270787395,-0.926720420683097,-1.4883270663521737,-1.2975328286831955,0.46982396634561163,-0.6773442739201866,-1.101140725831475,0.15106421841212916,-1.6423627950544368,-0.9228470981391094
0.3655907586415284,-0.19509106197303258,0.238613117578925,0.5268576484614469,-0.24357254157845953,-0.5462952625500813,0.43456018196356627,0.12738906554329704,-0.22316098208887958,0.7765741892352565,-1.3619296952991713,0.32153998963721275,0.6336247743177703,-0.3726878968784269,0.42201896296371594,-0.5327670350109975,-0.874815403464191,-0.3628015429798979,0.6748826154353966,0.01906012762585337,0.0666561374067906,-0.2987687039422513,-0.20542243913670952,-0.8228616056626349,0.5534721945913816,1.0781255624941772,0.2632820294539653,0.9258580735046431,-0.021128611329716884,-0.39835047696753056,-0.912739714371476,-0.3651312539615882,-0.690887423126961,0.6893250725883577,0.16403635848305845,-0.9312363740972153,0.5156337916353885
-0.7070457238499716,1.0296923848932462,-0.776480634592852,-0.64818655016224,-0.28691516444135123,-0.45532102856810314,0.7178896806862305,0.7064915618139753,1.9012952788221413,-1.3932097145010471,-0.7835369332392219,0.18819854909108347,1.534913912639445,-1.3155757028384012,1.1306383385604075,-0.9956428996840309,-0.8598973341374868,-1.1386972262814798,1.2039308009710081,0.4939756090274925,0.9297815778517509,0.5291211083634716,0.5496694972216917,0.18075385416741113,-0.0491316482080287,-0.4228195469542439,0.16901961279351405,-0.24275549898449572,-0.5532073602653069,-1.0474445788401674,0.37209600098523193,-1.3441614404804325,0.004514184383243149,0.26378039153526905,-0.2512377746261504,-0.0677038965026358,0.936829155478949
1.288713469613465,-1.1879495639411903,0.9654091634593917,1.1175697900841766,1.2400800511779118,1.4695823680412994,1.669244362757831,1.713976794524531,-0.40332382540880574,1.2242352831744228,1.6733660342090204,1.463667308971728,-0.4867822825219339,0.5547503271664953,-1.1268569104942425,1.312428417415509,-0.5645783490579052,1.9787936354563624,0.03055257458023064,-1.5996416600723686,-0.7222904858029986,-0.34995824521623564,-0.9896569004352996,-0.700036094282246,0.20339214335869704,-0.012209671762213109,0.20469523042859022,-1.1217766440383472,-0.7808324464664504,-0.8730964403312239,-0.9921823460513904,0.21689833269358874,1.8010864340900992,-0.8827615247330958,0.5837757543188288,-1.2115125855969642,-0.13540008559497946
0.9823353216657625,-0.8912113575773829,-0.7855602367675507,0.15446721277539746,0.29223668966703437,-0.4427075512288911,0.29429151670989134,0.2021642650701273,1.1957570809428517,-0.02655985568237126,-0.23812197879131342,0.15353947409968918,-0.005718780032691883,0.36030803836044845,-0.15718876480932098,-0.3155474340663359,-0.23501050014056665,0.11428177311123715,0.10173118871062045,0.394619759759482,-0.3200750900443091,-0.5614211426956146,0.13741740919981874,1.3113930129764442,-0.346060996055191,-0.32614846634581407,-0.37491638759953594,-0.08732622796052279,0.08429903048100426,-0.4131944136408427,0.24542516286281432,-0.07293277104175552,-1.2159906418972546,-0.43036134238868495,1.0747161244127503,0.0194175203586401,0.17105241766013154
-0.21436779916330362,-0.28257836941703673,1.226200031967412,0.79711693387111,-0.2528901263879769,1.3342941044706371,-0.25887809424695124,0.03212268547985537,-1.9584941654214225,1.966549450304907,0.3780576818357023,0.6221666397842895,-1.6293773968682799,1.748688558489936,-1.8750831531357974,-0.5691051385543956,-0.3746083998916722,-1.0376432236056117,0.41988631981559765,0.3630780885540244,0.7252938158026359,1.1610491096940325,0.3402774319831286,0.028019609725775895,-0.5929108410651979,-0.7752582398782216,-0.8624426106080213,-0.2581883300697843,-0.5471919464708116,0.5019999751805866,-0.4006196561487862,-1.5748154952047908,-0.3102217239221153,0.02008208015513471,-0.8735395150791013,-0.07803623809900931,-0.18992795054169878
-2.1258090635431826,1.407555189088542,-2.0161473214400245,-0.21441445285884336,-0.023631392264045654,0.7979445901980936,0.04032405426845975,-0.2653287323671272,2.0025645143809365,-2.102309405781643,0.49548806078078766,0.3252870659719048,1.9813213686654736,-1.5561871193193142,1.6483894345815677,-0.6570950130540073,-0.5525879831807723,-0.943091806676416,0.6999136526123466,0.9258310831504577,1.4177164980928492,1.2743690012094366,1.8176269067501065,1.2960711530481177,-1.3301074371586878,-0.9746134781456106,-1.1568607602502443,-0.26863533764512215,-0.0891379316524114,0.3135178876712541,0.22872951158767751,-2.1433267538661958,0.1253227667439333,-0.805269864893761,-0.8891837440376507,-1.4377369431378189,-0.8118475231442417
-0.07961642607652489,0.8252536616941036,-0.8490982439619994,-0.41593959318086177,-0.8147499409640198,-0.06666971225252095,-0.2555209475815641,-0.3962567904736374,0.595775009542795,-1.4632471784096581,0.27846304571359665,-0.1357146398987505,0.6601124223044075,-0.352301490148495,1.0653094841223858,1.2551824924987214,0.6878585572378683,1.3599019059641515,-1.2722662675569758,-0.7752811292003515,-0.8668419100559969,-0.7096549710151577,-0.8989236163302209,0.17230397788321733,0.40205202561096587,0.10815936481290164,-0.3196815636400227,-0.12431269246319998,0.6276389642064593,0.05244241009371023,0.022780144792698985,-0.19026883218859356,-0.8825637518507763,-0.21987175967975628,-0.1916464825193052,-1.4873936577094236,0.7687212911768103
-1.036639346027376,1.1605052891705459,0.05872365712416407,-1.4440846546123316,-1.66615279286184,-0.5481000986659073,-0.4848244658137905,-0.16870781673709748,-0.5534902332864281,-0.3889446686945717,0.2911499191799707,-1.0340514339619433,0.7078444551127444,-0.9749260379270434,0.8962264253004151,-0.5634068726924202,-2.084499963575356,-0.41164821993044565,1.631668389302052,0.7391994158035533,0.5148501875932707,0.5968796548350438,-0.05418830894025634,0.33412254808158964,-0.7987407136349951,-1.017160419208418,-1.5679280813763954,-1.9434966845628783,-1.7729012104738844,-1.9736737999608032,-1.9710249216090632,1.5726893122530623,-0.32660091732188107,-2.319387950578134,-0.6695327296724847,-2.663897603432384,0.5705848039363622
-2.253326115176916,1.0372625391443124,-2.3778485211017824,-0.6376375098322304,-0.030592029883061925,-1.1518617010366046,0.3045940026882698,0.14286600091534368,2.713402105047423,-1.373784025882902,-0.3124548895512133,-0.06715539810108816,0.5161929029993035,-0.7690623579537624,0.7406881924130587,1.0275207508404542,-0.03976953009193062,1.0340605954699855,-0.2866889557127793,-0.5875809463465314,-1.3987506654269632,-1.5503744284955543,-1.060853162571219,0.414941508537076,1.0470751619766732,1.33198322291926,1.663263345176179,0.8173236758965653,0.06113018102920658,-0.609954218474362,-0.6928322686794346,0.2809966849599696,0.6076867670529004,0.7435422379410225,-1.6997585370330364,-1.253730576073674,-1.8338273372313492
0.5700698276544321,0.12765181607449594,0.5405980749585185,-0.5363905943038171,0.14829961739590353,-1.4475519171063926,-0.8869745155855844,-1.3360778596837273,-1.2537884941437394,0.19635896682625462,0.23360797592610327,0.02107945396277887,-1.770965982258105,1.3818482653772712,-1.2624199118832329,-0.2148172391324985,0.10594147389006055,-0.2892471865438612,-0.38468356235358997,-0.22175250422284576,0.15073180054905377,0.5671478196754325,0.5135021679835858,1.0444827252529207,-0.3787842897250581,-0.6880019053652019,-0.26992289747463954,0.1929596653075734,0.5534767438700032,0.4174122209724569,-0.6509498439511268,-0.704113007917209,-0.767393536457931,1.256917172350198,-1.0524580435221633,-0.012533035239201372,-0.31334515496781096
1.5312781592066123,-1.237310506709741,0.27880290403025487,0.8348040270820597,0.5222679842077429,1.7386825012777127,-0.12637689422557166,0.8142092925480415,-0.005404105043501754,-0.19884350136433115,0.3255191026322732,1.2111496314499803,0.7283035052972866,-0.5055907152250357,0.4338815041657967,-1.209985951953697,0.4187373921573328,-0.8441728730502815,-0.6326309108763654,1.1281273582639118,-0.1570712984563923,-0.23119129037926922,-0.49799821203091493,-0.49877568450441717,0.7353652382441572,0.9287505611143388,0.7970667776575544,1.5828278941518965,1.876603668268176,2.4361909321580084,1.5563600781017777,1.0386145233433075,-0.3426473041988201,0.48751741182052194,-1.289151814319155,0.13004421416731823,-0.8791608244054598
-0.11684770072761409,-0.35902734222136945,-0.288693465257488,-0.9238050798222773,-0.12035583298043201,-1.3019081918519537,-0.1861035654649815,0.22362948534106658,-0.18231641799014794,0.6935489451565192,-1.5341203700458588,0.17452097769170524,-0.008039320752210467,-0.7716819572081721,0.34021080257448977,-0.31869602466342045,-1.6066205856729348,-0.3684916275625095,1.57285809150955,0.2824178226936415,0.6839762940782796,0.6747710689051961,0.6484420183142138,0.34195375445098547,-0.6262831024345162,-0.7264841834576298,-0.9618164293119235,-1.468415327127137,-1.5787127321569114,-0.8343040611117712,-2.0357252387242304,0.8647115678075308,-0.4370667920278313,2.289476543965177,1.1616153415721373,0.17598559279770923,-0.4152149014330999
0.24229631637476676,0.8314138796227629,-0.02802052228031303,-0.06370559408106996,0.6281858775724873,0.6147746751206713,1.0949721807778385,1.0650246868996862,0.17987209441906613,-0.7011764915395425,0.6018905981209104,-0.575216681838046,0.8268174739592669,-1.1934227133814705,1.2109872402785562,-0.013727680692884886,0.05827261065721241,0.2518857914478993,0.34562252042673725,0.25539866051341,-0.4246722035947651,-1.0018899696331642,-0.2449938506272709,-0.6933179607774265,0.17525729758989084,-0.0013245077935659906,0.6843523017158749,0.6949439345936184,0.24906828678268503,0.3088407036022145,0.1377861578013031,1.2275170626569016,-0.10348497663875347,0.7142514630715175,1.6580164208831023,-0.8087550907233622,-0.6792601090379163
1.3439853192094746,-0.4184075945805845,0.4304543803365956,0.5107387983808899,-1.7281142667971312,0.6518591449971952,-0.03850784252388074,0.3385670085095519,-0.5255469576696425,1.0460259145335762,-0.12731823380092558,-2.1172336082577576,-1.4351096100387892,0.8371304922387056,-0.9730995963083781,-0.09755383618628068,-0.8024024631055959,0.28022824334337026,0.6469950980296368,-0.03755582160021984,0.5914434539202538,0.16482457196213735,0.5785341732754862,-0.31152699885612173,0.09055179225712022,-0.052867575365376646,-0.9292427410462569,-1.0660044027574924,-1.8743926199832504,-1.762701437622649,-0.5804802030728956,0.6423357407024646,0.24986561021760495,1.172944925628129,-1.1517035391506274,-0.04532368435860055,-0.08973848445345996
0.15957023737314693,0.30372914350633246,0.7142760571779112,0.0009043575330379022,0.36531311541440015,1.0160260697362085,0.33975554514075623,0.4849570632359624,-0.6819141037444119,0.45656887596267326,0.6209355079933464,-0.8970910178852969,-1.2337582429515055,0.8479790385692131,-0.945373416538434,-0.1228030469919775,-0.6399435028894223,0.661744471380805,1.0361340522671043,-0.9301866169586797,-0.6535588196591373,-0.2814822953459472,-0.7780545352799879,-0.438661806979445,0.38893856773073815,0.06839685451215784,-0.025070424676015474,-0.5271045622684285,-0.6687452406189185,-0.33192006205685887,-0.23241076434532237,0.8434809736646327,0.5996014634609798,1.2680791766139863,0.49652576610529303,0.37231199687159167,-0.35756390048222025
-0.640600101597922,0.6425206941400511,0.5244612912472109,-0.18962356110517034,1.2065572112281875,0.2982728996935924,1.374573963006633,0.5926590176702357,-0.38398088265961433,0.35056601813060556,0.7024778989118461,-0.14414732628768867,-0.21154535501645824,0.34331804878784467,-0.5653470134598486,-0.3079638239943353,-0.8502819940442906,-0.5266492350753459,0.8235801243364693,0.6268584725936065,1.0082420477940515,0.9654114471085569,1.2851563628690477,1.3927501855581863,-1.480635144220782,-1.1801992035671407,-0.3169786956288121,-0.20624335493799004,-0.6261171448477146,-0.41693266452540706,-0.8698575825886741,0.6893456731417305,1.9754850387370033,-2.7038060197376246,0.8253096287256492,-1.301334025841641,-0.3776166843470545
-2.2874107201980065,2.158469889999971,-2.1290276454222234,-1.6888824815477868,-1.262238736510289,-2.016715149502636,-1.9393884623988173,-1.6933063292378159,1.0205133496216858,-1.1094877714875468,-1.108519792516602,-0.0774678901872077,0.1174728571873592,-0.5518131607987738,0.6569587970245506,-0.7791711982907844,-2.077191302612012,-0.6940068923301101,1.9173981550963282,1.0119475414462442,0.5223936153319552,0.325610953167208,0.3704454887025892,0.7260444194508587,-0.7423878217349065,-0.6791577408365993,-1.783925027919662,-1.4684549934026174,-1.9865677987213264,-1.5334360096970867,-1.5379667902098664,-0.514126373043219,-2.7052207082962423,0.4569614623208922,-1.55016399713377,0.09702039320008189,1.0002984278990563
0.8074015201561997,-1.949165918978214,0.6583212447718608,2.1988164795765193,2.66997468865804,1.5575300437750736,1.7457776176400481,1.2881836914588591,0.12808514233143628,-0.6796816873867221,2.3021004484339946,0.5095661600665079,0.031112430683607233,-0.4590484868280393,0.17092399019515844,0.030568444642202014,-0.33390340681448477,-0.5721911962134948,0.6000479750593536,0.3308495714420789,-0.3193632204658398,-0.4744422974386215,-0.5384112207638463,-0.5181261878676288,0.22695380082163383,0.4556251211891419,0.4741622444718524,-0.9036957421071166,-0.9388796020792995,-0.7265217930010044,0.5525902633122736,-1.6689684879208666,-0.16824108722494568,-1.3417258067559474,0.10985415255738137,0.6328509257687777,0.4804991710596433
0.4036358442599926,0.09060659701868788,-0.6205498656765109,0.5897097611615001,0.6482572262219538,0.876725128398165,0.7369859381366871,0.719286990436113,0.8867191286938149,-0.48224691993561714,0.9432505061835567,1.398193178951895,1.0859350126137575,-1.323971452773463,1.3565230126792849,0.570102326083698,0.6261030685069865,1.3725297895968334,-0.6631629934428824,-1.1739342259636547,-1.8517761576493583,-1.6020167040994655,-2.4090129183357702,-0.8202006277946016,1.4389712915708415,1.696802177127603,0.9337156133396098,0.8845165877468915,0.7464929554905462,0.8532337118095685,0.6679102597791104,-0.5575712178351493,-1.387339584577301,-1.1405800934839794,2.492107436419869,-0.5201658697715761,-0.7108736623209699
0.9217791100552466,-0.6829173520795192,0.7214935693358482,0.5667641656791602,0.43552214973379305,0.13998448206444913,-0.8640712725897638,-0.6131146493601538,-1.199972266064025,1.229460314077932,-0.340162513249328,-0.9506988430118779,-0.836255632356975,0.7967286106033462,-0.593582031119192,-1.4686714082035923,-1.036498415603388,-2.2463873453046443,0.7564479594884808,1.504422800944196,1.8252768405861466,2.129092117516982,0.9139991287313841,-0.07244495401601074,-1.5681347454939079,-1.3630214886175078,-1.0013356886692337,-0.556840369838653,-0.5590944052761968,-1.1232430575520722,-0.008731976258303588,1.061583855857563,-0.3902356804837114,-0.9674124919649513,0.6281358937548911,1.0406424252592041,-0.5707250466574476
-2.5100299264051875,2.292208872806269,-1.1968117922893693,-2.887183094990143,-1.5374998495694767,-1.696754256856311,-1.0978123135419429,-0.5981545728388392,1.8053356038736192,-1.241051428022089,-1.5292325875492143,-0.0019235145092291704,2.2057459758529894,-2.275729597336939,2.1451779472835555,1.3415465058478515,1.7834949013529333,1.976174474387759,-1.3544027544013568,-1.5450947369855497,-1.0786660976649212,-1.1981615737777884,-0.8784333870726658,-1.5840113736742225,1.4615735700248593,1.0090276616265839,0.5677412850247846,0.9463065441601813,0.6412044402263695,0.5073408404132929,1.113367403448147,-0.4180427469130018,0.8993301856289388,-0.27619891772879046,-0.2980891404966722,-0.49671084179368413,0.4187274777450858
2.0901885264931983,-1.6604003761681088,1.5464113221076716,1.0239888695165358,-0.6312152762430002,0.875198879101873,-0.7348517420792838,-1.0722615523904742,-0.7270429495762399,1.0588516476099237,-0.20475321912326108,-1.9673191615274612,-1.2172096522616567,0.6749271863234585,-1.093184757737667,-3.7419798127637973,-2.3802198479968775,-3.228303585535857,2.258429181900455,2.9526989298347486,2.9334552212465717,3.1390636273059904,2.619961569208081,1.6193514596687544,-1.9775146551197715,-2.163804727757761,-1.3397961709739894,-1.4003968522584929,-0.4254861265391177,-0.26294163367679735,-0.5557708893429628,-0.183492997368953,1.2220942511685586,0.682753902033969,-0.6142646522693858,-0.8913097899622686,0.41742990753304515
-0.8251551466227384,0.4359854485570433,-0.9661342360913515,-0.09295890893327653,1.3697211914073344,0.5422239720492235,1.137236863688463,0.6422098786250884,0.7957420969009568,-0.9903601118176545,-0.2274912488919016,-0.4736659431897343,1.8506887393870146,-1.32959011800568,1.0436894754780406,0.09621379252565743,-0.16792822981596645,0.27764340047432756,0.6522844987608338,0.1647340962545674,0.2715622030013067,0.21429462493488796,0.622640709243659,0.4939342815897812,-0.39203072357434365,-0.1497279619168451,0.6564694017178415,-0.48034355223798253,-0.2502114374557312,-0.41089290921924165,-1.1218228062591267,-1.1994784211201157,1.2698807747374128,0.46723285643484735,-2.0825280522008067,0.5327103310885191,-0.6162926504624534
1.0896063889925438,-1.4835304805624747,0.5910551168668334,0.7747124040925343,0.0779485424972094,1.2700678576800577,-0.36000640932730815,-0.5198730003668239,-1.3743530505567059,1.3776418711315022,-1.6782961142962722,-0.8794597068824366,-0.056271468705281304,0.040759041321985795,-0.07256188873303594,0.49392450516563124,1.1367818409195392,0.34190574764464315,-1.210179710612471,-0.06311034998294393,0.18386513725731954,0.3300324512675594,0.6455613834360089,-0.1353901256901243,-0.49110092621781615,-0.459532564896431,1.2135085190442103,0.7054672412667436,0.9190619631761302,0.24241421505514263,0.692839966330839,-0.5873979693703373,1.260285125326725,0.022619592255254912,0.42061631091645724,2.01658017336953,-0.2669416281971495
-1.952878554037452,1.7281623704095888,-1.6995162920200146,-1.580906490644421,-1.9655744285624805,-1.0782419393678626,-1.2801418010183943,-0.5513186326269292,0.8879428788976855,-0.3725688004289254,-0.9527527927824483,-1.7138090897446157,0.16342217975829254,-0.6318103078756796,0.16012202618002003,-0.5943198587870951,0.08827896846466507,-0.5122966076334111,-0.48003249667194303,0.3187466702383083,0.1433725861005378,-0.39614142309849026,0.03084987898310582,0.8043520802725996,-0.4965208354438913,-0.3042079725616956,-0.3093007217509167,0.2297551153130631,1.0903121641935147,0.9551164294988305,-0.12899560748843664,-0.047703229461803894,-0.17490537815244353,0.7546607263853493,1.9040094895754105,0.05885416049191181,1.6988478678857557
-0.8090354063429449,-0.08029077697824367,-0.7107693111397018,1.3143020515251194,0.379921532490252,0.9740736716410262,0.9368063996978775,0.7031346184680097,-0.6644273443452954,0.6933706912554253,0.15113170406762222,-0.42958806139009637,-0.22702638561773583,-0.263044779812623,0.34071947307306966,-2.143572559124456,-0.3340913295608846,-1.5943526374514903,0.08522682946892017,1.119129036096007,1.1553211732455937,0.6232747757649953,1.4460940185291211,0.7203376436149703,-0.5962650114824051,-0.5995205539272087,-0.009843504603586678,-0.03564608570952027,0.46004877070736483,2.268995213792083,0.9344925949294038,0.4518140943005462,1.426530297508111,0.8151970230528229,-0.8686594354500015,0.6111691397703741,-0.600012933941326
-0.5745136615667816,0.6572487862968974,-0.8493451895112849,-0.07377858712291901,-0.007217618053800384,-0.3629039784041856,0.43773043230650677,0.6226445250497433,0.7550089665894884,-0.9440856697021214,1.1946748539241916,0.7284692951724341,0.3315437750670869,0.33139296376895944,0.14600019623605698,-0.07878278393321328,0.47539072379658376,-0.8697599580813017,-0.6644153315072505,0.3577662865290002,-0.07882922095514677,0.17533487245399773,-0.30286713813433996,-0.7945601737467151,0.7942850719824758,0.6441698659481566,0.7276458391835299,1.137469794582176,0.8272067829325904,0.3533582698766029,0.3031368019518603,-0.4953625549463897,1.628503558850465,0.4758293642160495,-1.995295366817058,-0.5382011117588735,1.7593091679884036
-1.0602400234157374,0.3121832351607601,-0.6237164282319211,-1.3116671097108654,0.16133522619773027,-1.7004307293586904,0.5562231504789397,0.4852346426464872,1.0040614055496249,-0.7539693136028928,1.1982913526041468,0.7326218595412302,0.7625772683395988,-0.5569102211975073,0.6778874085121179,0.1923218683621953,-1.297863261283497,-0.1566911928822588,1.2023406592561063,-0.04946757016748089,-0.20697218168224066,-0.11187866469680759,-0.24536460905809396,0.41026440107862117,-0.35699568176481195,-0.1698476859810598,0.12893658097524474,-0.7115109610059321,-1.5112086901484385,-1.3779346439474973,-1.1010046666716806,-0.5649417594830626,0.1435918337650431,-1.6817980661421905,-0.7187283656624358,-1.274781973412746,0.996782631427318
-0.8577542140705441,1.2975139745728597,-1.423545469932713,0.009119984529548077,-0.03907936185497005,0.9992655261264898,0.3071753653834258,0.11844335607160537,0.6251555987143436,-1.6611928266375164,0.7975550834144609,-0.9390926635437989,1.0162826402760814,-1.241630616142988,0.7577744867214725,-1.149275288858271,-1.8513281035950055,-1.4205612431845442,1.5357798631763198,1.7056760280331285,2.8913104893755603,2.889664431263303,2.5392801922551436,2.1574685279198627,-3.35208233565808,-3.6886896756322973,-1.9953994374138762,-1.028765059744509,-1.047565754553723,-0.34271491196568865,-2.1922537737879413,0.7999402289872076,1.2011596184076945,-0.7009454505578057,0.8334260532270581,0.14017266506239554,1.5841674071615617
1.6260309420894654,-2.220116202532682,-0.769550687686846,2.635691157966291,1.3738850633286515,2.1506801703627,1.1034136309676812,1.0608187334554997,0.5828785232381974,-0.38444904686871173,0.4688482761733447,0.37780709776161975,0.25652254032175026,-0.1408585869658946,0.9083549120505401,-0.8250880826337903,-0.0828578573137039,-0.5121264128318996,-0.29335014256896197,-0.261552057988305,-0.22193522490765127,-0.5351243070936889,0.46791498539509335,0.8265303874353653,0.4996268988277115,0.39081871230247917,-0.11621344040378426,0.08888179669515849,0.796268481001009,1.4939695249121188,-0.10599617508863182,0.28523011726711656,0.04423093690633264,0.061358215720766704,-0.4820388463887133,0.2991014099862222,-0.64018649021941
-0.3664780278501791,0.2899944409000533,0.4756537323320195,0.058665632735530715,-0.2022382804092666,-0.0918570604136341,-0.42255466997854085,-0.0516847570156729,0.2472372758073033,-0.8772809812807922,-0.23857397804718097,0.34336306220705215,0.12799016129505858,-0.20284942277446416,0.01468097531366798,0.9992821322317332,2.2060777598087875,0.8651110516699787,-2.228377902091576,-1.210811923099199,-1.9790741301051518,-2.0170139910201828,-2.3193716110350344,-1.9093845965462197,2.7993617974351586,2.703976027710912,1.9209564030364759,1.3046172236657045,1.5866660659854308,1.122927744188673,1.561609428428463,0.40811108812688923,1.4384481346903835,0.7653829508554317,-0.8756121306659164,-0.386637376642182,-0.20512346594708192
2.1434298868622115,-1.791013493056232,1.4665250497027138,1.6334796384253012,-0.11600707254297592,1.1717783183830057,0.45537490135532144,0.6962589125027385,-1.5443570790453371,1.2392946674742935,0.7615352057940243,-0.21181601972193945,-1.378971351913003,1.4166239887847487,-1.2522225194039371,0.13939310632106197,0.34127203662530825,0.41196153383343215,-0.319258346619965,0.018247818002711517,-0.17674311870184545,-0.6711922552254829,-0.13021111050886114,0.043076074516569154,0.6312230054425285,0.6598182049949293,0.4157035620736391,1.0337000771804585,0.6934333134185587,1.040767669373794,0.5841367296645821,1.4831663943771245,-0.1624074536476887,-1.287608829123508,-0.032550680405432575,0.6072985059813835,-0.47022198745239513
1.0519621241598358,-0.19107829872447232,0.8215190162946935,-0.5470092049884459,-0.7623927755894846,-0.4627249533529491,-1.1412658198364838,-1.5336220868532016,-0.2961312364771454,-0.051872053121598795,0.08981613468437286,1.153649202418143,-1.2647406418228133,0.8668690227143303,-1.03801670768083,-1.515562911529169,-0.7334764105887568,-1.2513379476984512,0.8041258193903351,1.74097574693972,1.0588523170633242,0.7594751358790428,0.6676532387898386,-0.3151577005197909,-0.23074304322611697,-0.573759939902516,-1.0689391343949017,-0.6664678854969764,-0.597855740620273,-0.16230661661557846,0.5085221632052019,-0.5415785338517077,-0.6185157999126832,0.02385036534154173,0.1788573835468783,-0.6842941591711063,1.018592886327673
-2.0595189337467774,1.9140750846933585,-1.9579183617707705,-1.9021050759723834,-1.6515598642356089,-1.7942733325319307,-1.0391893483025407,-0.8008163425905318,2.833380350434263,-2.471683741756314,-0.12891526933805228,-0.3070369186915017,0.9337517930797057,-1.0600087548269959,1.0540507190367934,0.4773816302788209,-0.43523945249663976,0.9200553562990692,0.39599639762756333,-1.2384389143583638,-1.0351615154804208,-0.993776442114213,-1.0556163169597068,-0.9494086198806799,1.0430260168528214,0.6608852733592856,0.5255755601833099,-0.19649891669086123,-0.09950189458546568,-0.311631750160696,-0.8973244813367994,-0.08746337123791571,-1.138391414565166,-1.5236143302504699,-1.4458599451697656,-0.9335463236468059,-0.5821912631251935
-0.36924290543801236,-0.15492203447983643,-0.5526630497894955,-0.8839666741460409,-0.31568597245696695,-1.0295377108007218,0.02677622464190395,0.7039340092397701,0.8789464889956465,-1.6447682304117253,0.5157302109254576,-0.9179566000454287,0.7939593172445943,-1.208630905648676,1.570657639755012,-0.9272386428055147,0.004323249874720638,-1.1761254411618725,0.36621604160444265,0.6505794217753063,0.16653513751333152,0.26125378389467885,0.011117381658056587,-0.618072170907838,0.28398041687597464,0.16387439513454044,0.5449453528047464,1.0786818373451996,0.6086904647677831,0.8141811313818362,-0.4348622543910134,0.5101624171494161,-0.1745937014687913,1.0565657715066685,-0.2699575609142505,1.0390430306840595,0.6449168560993268
-0.4139430660035158,-0.16212506124582224,-1.0201387174132681,0.6043680328783596,-1.059800235409444,-0.29863337165634585,-1.4801317074576368,-1.2135436493756577,0.11812224256692241,0.18298406726215166,-0.7318942932935381,-1.1258326692350276,0.030831693622222593,-0.22915002604458015,-0.13753906198420096,-0.7687434828299212,-0.24378934659931223,-0.651377991438426,0.23427550693514573,1.2261061983022097,0.985786951996369,0.7302443664460301,0.9245804620441045,1.8816250106418582,-1.051061255595134,-1.0292995703991377,-0.2937653394593473,-0.3653071299415715,-0.5793358320445949,-0.5798434149088143,0.2334726121548224,-0.9064527041093587,0.08817710879049163,0.27643054601875783,-0.5510880740880708,1.043771361709903,0.5949254859108933
-0.9837889496432908,1.6848506241968133,0.11902548796262469,-1.4171391043394732,-1.2270931168087291,-1.0995701307558887,-1.5528147198407576,-0.9370289083955665,-0.12332441093974876,0.4959136871490918,-0.9656352738620714,-1.380451032016033,-1.1247670260933864,0.5750189248312648,-0.6966975164165838,0.22077500017707127,0.17220656652299332,0.7207539185420321,-0.8025229859416362,-0.6865983033398478,-0.9535050640475735,-0.7419903341564329,-0.2900215531595306,0.5138813531665462,0.3465915012762899,0.7497493347130533,0.48173211266703353,0.42340155278672237,0.03992065172772365,-0.244319879181367,0.9347538161689285,0.18942263454220937,-0.9610443985076015,-1.3050882332949312,-0.6953130336768311,-0.664458102954915,-0.09125870493505565
1.218961480010958,-1.0642222970463604,0.5131807371538387,0.5468815392344741,1.4577744559361028,1.1902214921677539,1.4844358143151422,2.072609474106244,0.047721590634951384,-0.6367672426022901,-1.3358715833139343,-0.052540942037827484,2.418243607693967,-2.4900780823662663,2.379152914962687,0.12596941587764934,0.5820489098519207,0.5412152924890703,-0.505433896264015,-0.8539851380579272,-0.6763439757501126,-0.6553239292582418,0.19349369894846608,-0.23957564815500834,0.24114265871891266,-0.008105738349839717,0.7119799593937612,0.027642906648256152,0.2693673659304279,1.0105654717959671,-0.10680885158733647,-0.016550654388377616,-0.25248214660937596,-1.3116518310248106,-1.072985699027229,1.7005572263551503,1.1809980236986535
0.8551371524046933,-0.8438143822406338,-0.4577694452017269,1.237279712559379,1.1357643640646657,0.5747221039436209,1.0459796428085915,1.020933535360961,0.6555825661558577,-1.3551204565677808,0.20701278584222824,0.4828070124498344,2.4809881435614893,-2.4563362886710154,1.737169838022704,-0.39004374460411656,-0.7090578277250423,-1.065326780071967,0.6659255740338559,1.4486482559938771,0.9946275547832387,0.8858139125141958,1.178265235106729,0.8164946199651878,-0.818468914712897,-0.9220295982387311,-2.0272285744690177,-1.6073477506679499,-1.8732202916209695,-1.3373651728328058,0.0018405760607023288,2.7268320737644456,-0.5340160075078797,0.42087903137405536,0.8933284752203008,-0.31547727890627786,0.05584451894055496
2.1719551928268164,-2.2626615824688083,1.9901393424586218,2.1509050592525023,2.1373654866093736,2.0355639701078263,1.9451768854421738,1.7434373048729146,-2.234016519730255,1.3407898898192843,0.27539609562018497,0.6489869581155747,-0.034485450060090975,0.19363882537275984,0.07756942518906725,-0.49343312330739,0.1784368280237965,-0.9335835278452068,0.01987889806436551,1.0955026941497097,1.1282311073789182,1.1070830111656398,0.6112743978710637,0.3870642379641677,-0.8932737583137997,-0.43132904570146724,1.118092469055416,0.2941157664589914,0.962610864337567,0.08516435880579541,-0.7843982831910028,0.060791929666944036,-1.0945830271026085,1.4039170692739844,-0.6988098751618205,0.058280538951324866,0.7421013660551663
-0.48743484143527654,-0.28563976431468124,0.43850541724310255,1.0609531275905024,0.3420819132785845,1.1798760454361863,0.1504717065326249,0.3183215834936887,-0.0758462077425143,0.36736118035658794,0.19155202448494296,-0.2898956912756542,-0.11406279582409705,-0.05639300160363651,-0.1875022470683446,-0.23556691723269707,-0.8072944368014111,-0.25394373311929846,0.4405151324163777,0.5744263276366688,1.3887099233865206,1.9651612892427173,1.1845794859085845,2.2084373910388,-2.3901145458075823,-2.0113966602671844,-1.2355910246797441,-1.0617486706089787,-0.8952157214054488,-0.8346771523548292,-1.9310510470792117,1.1133654249664562,1.0572034796661418,-1.056831284034859,-2.0548990679511836,-0.11200605978945403,-0.5132445415938549
0.42437462810082444,0.7422968356070938,0.17448940717253503,-0.9007106182861239,0.8669162698906422,-0.48352489996827563,1.612354697072317,2.0008047316932096,-0.2850058783795956,0.1228205473563993,0.1613604188629553,0.8914549082890618,1.0863039791955496,-1.206661507351616,1.1394214151552688,-0.774677074204324,-0.46965006809268944,-0.7983731185938302,0.7350711576941873,0.39311107114437277,-0.18267435850880825,-0.22033886899899455,-0.05087692358234253,0.1802365610481443,0.14758316597663979,-0.16166219425476125,-0.39499919582437587,-0.2703935256668667,-0.7705458173746177,-0.902235928270087,-0.08752735649235181,0.7877599140115407,1.2364653077579515,0.8183011404734233,0.21359614104297672,0.49946318123568634,-0.7293357159239492
-0.37953408511759756,0.3634287444550804,0.7713019652714861,0.36218915927567147,0.9136383619680131,1.36962294492348,1.0904645072304926,0.9273386418179119,-0.9003535920771742,0.5743977595756807,0.6722431463285486,0.6898776477233395,-0.8392426116958288,1.0092343607685008,-1.3078436565409406,1.1278031014748355,0.9171107271762136,0.9434578228616634,-0.822669326213454,-0.6758681429390894,-0.2787287693528074,0.02410904812855297,-0.418182792353152,-0.5999573022111142,0.08963465869082864,0.265569317841151,0.5027991796088983,0.8045033000530233,1.187752196317043,0.9429350804508065,-0.21970162330383655,-1.1902943270880557,1.052669475251546,-0.5047145214654699,0.676385286142419,0.2458567841454627,0.6448507589820754
-0.4262316816952041,-0.2730874317010119,-0.09537546349174338,0.33564938072170636,0.2835499435083766,0.61705592518648,1.0286422943746416,0.4617275131682532,0.4094705951533899,-0.5121520980884784,-1.2199166032741238,-1.3375477274411665,1.3791407701509086,-0.9095819864661545,0.477296045017965,-1.5771437239041268,-0.8091764885147257,-0.9994380004086276,0.798492896718752,1.4751330506773388,0.18850700632942696,0.3482570391441192,0.05815090852670104,0.12148587534914372,-0.25179623268264434,-0.020025506366327172,-0.10879279592216416,-0.9662878452850064,-0.07132317780543827,0.17266002217344242,-0.9270863227507707,-1.580887881441914,-0.08347204776928507,0.8547307096390262,-0.8510599664963832,0.23232983631093707,0.3611435747393091
0.8034976011309264,-0.2554450409606879,0.47996374558047816,-0.18462891900918463,0.44935453722559315,-0.10493689369225229,0.20869097117551016,0.342127206315287,0.7334959254924645,-1.0601971643570838,-0.768611036742569,-0.988879213207261,1.4509084658873923,-1.639122782216895,1.5245083924616483,-0.2254720357934546,0.22100883084364492,-0.06547555731982284,0.036658675767287346,0.3609012557378237,0.2075911062524455,0.12651501700380458,0.16193578295629352,-0.7836193755288858,0.3726354537209618,0.4079487589182646,-0.9830185826663644,-0.10992508918203336,1.4604289701251993,1.4072016435969437,-0.12216708781122065,0.20731107925278802,-0.020560987395323676,0.7153413463175637,-0.6137386716129507,-1.051611850230907,0.18397606236156505
2.2168436951127783,-1.5502891916147015,1.4949351393731578,1.6523458713622494,-0.0030199675515844245,1.5136195758515316,0.5912480803608248,0.9250966498943829,-1.643923350935364,1.488091962587016,-0.3566567386532902,-0.9038188246164446,-0.3743333360316242,0.591660341756427,-0.058391280487837316,-1.4654246171612686,-0.5018732945213675,-1.1190569521576759,0.7938747127815606,1.4441252984672537,1.3797955349272797,0.8540513535764896,1.5745480928076574,1.214606337396132,-0.8680448925779991,-1.1531655515703687,-0.8815726923482705,-0.010050646110927337,0.6710558688029785,1.2323945427826781,0.4799849328775899,1.2133332424475796,-1.0805265517299911,0.18976475930299908,-0.7034957783381159,-1.723973392450277,-0.3705762352686411
0.9798842417883917,-1.5637223166278649,1.0321904630274472,1.402093374427646,-0.17497732991829973,1.6076316362993357,-0.32769622597989656,-0.1282308076127965,-0.5255053717760851,1.1542630193812757,-1.1019170319650438,-0.8101762709529526,-1.1423446078626882,0.5037930200428256,-0.7869037384215838,0.9721021189110589,0.11394479502797172,1.1638841022496276,0.17458456873368,-0.43518698741995426,-0.7338567999211387,-0.8882318205408473,-0.43508077538118933,-0.9970853652034403,0.8419316950582129,0.6451903851049378,1.0852072494936353,0.7534047261769249,0.20650981203101315,0.7321907824716993,-0.9868510090771412,0.24803730425973022,0.42450607589626754,-1.791202800666093,-0.39985702285371727,1.1209696457008214,1.4176996919236637
0.8710655802448516,-1.0842971399965557,1.3527543005150657,1.1702386555837754,1.4205091399277903,1.9365296517244577,0.9560925463988307,1.0533368722076784,-1.111703488229434,0.3936589808988931,3.3826127033556275,-0.012048625495607163,-0.34153042223904784,0.08963440425783806,0.20434382280358906,-0.2269289503641919,0.792753437119185,0.3131190240579378,-1.44460190507961,-0.0768696907801802,-0.8879088793998119,-0.8229891742964719,-1.0534946614831031,-1.945959789187453,1.4526363032126701,1.2230241256612564,1.5758473158170563,1.343236857574056,1.2393752724361244,0.5367350103991275,0.8363146359359686,0.039863641139753284,0.17499110524880437,0.7133448779251813,1.059598939893523,-0.5751144038746143,-1.1007550634415217
-0.08111231075702437,0.33739872645104757,0.30187884068527393,-0.8163088734703965,0.4705523561188959,-0.7846642489837465,-0.3434928998530899,-0.3242515123357997,0.13857323053372775,0.12316002083929702,-2.0207514982398247,-0.17705273967938423,0.7582311536265003,-0.3789107806413605,0.7709088729717952,-1.0556065727528898,-0.24316841639090006,-2.409016863891549,-0.187452363188434,1.9848622301348784,1.7388801916399208,1.6340852813910849,1.8232721799294476,2.6250571608759565,-1.9183541870690397,-1.702683540981308,-1.1886922174650274,-0.7180693762376187,0.6454598591998376,0.5209500216637755,0.7306387358092424,-0.3215308784814781,2.8985770745621986,0.5349640346032234,-0.16631030904573113,-0.07620795144290059,-1.1524857966747266
0.8405918173488834,-0.29703410287514526,0.7708349277579657,-0.9234211503317467,-1.3255502082176251,-0.6293463230641025,-0.8024036368362332,-0.8222165740694388,-0.5429799067693654,0.34879526311522824,0.27965441840565985,-0.19934688294571237,-1.378255577388017,1.3331782384528335,-0.9402632787461415,0.7167353168167598,-0.23779546887479536,0.4293475505033897,0.08627575438334209,0.010141495918675171,0.6980972678546933,1.062209497993523,1.3594604923939544,1.0686151479748234,-0.8323795669674156,-0.9182007694487196,-0.12464283157761073,-0.023921752721547753,-0.40104814220117896,-1.2221717258133344,-0.38063078782054977,-1.3569818537750729,1.109364789889579,0.443776081234844,0.7912478282166353,0.30151239962772564,0.844208445629827
1.1763568380600007,-1.4489561207906394,0.8763546148954006,1.0129845818984868,1.3635403395489465,2.570368567418205,0.49786621503691386,0.9823563764229005,-1.0590833766346426,0.7838662945723237,1.1916911067726312,-0.482306601033387,-0.9772462486783755,0.6371828423515401,-0.6587538673988239,-2.312589031638077,-1.4870280014866613,-2.4538515868847846,1.0738165596108349,1.793387057851831,1.5194951842985749,1.2343748501459966,0.7400531781235209,0.13196457222007496,-0.7533559392787286,-0.7978690257711839,-0.3565809221647587,0.12687290343638113,-0.516594472844304,-0.8955708952188255,0.44450099365995566,-0.9950873979233927,0.32328703209853693,0.22996196459929555,-1.024583250869667,1.6102650058490888,0.766674402393904
-0.8944086205644785,-0.3162175184248717,-0.1448171969171537,0.5490158792654195,0.8079625159776008,0.4131154525657791,0.2894876804624302,-0.47339054968394684,-0.2947882928462253,0.8859291288938062,-0.24440146720995723,-0.37443759434179413,-1.123215295058873,1.2450415694238521,-1.096525077435429,0.30546505784103656,0.18676528535304007,0.4877418082263545,-0.39411829594126324,-0.5160260154780553,-0.21183910121650903,-0.24393865862090686,-0.3705864967309755,-1.307017192837617,0.8664353293721063,0.6669751580121492,0.670789999347602,0.3003102304907894,0.063895376174254,-0.8839802438701749,0.2508419418628545,-1.6540651070725074,-0.040141712694206244,-0.8397881279680875,-0.4370457559656355,0.13524028889656395,0.28832623931925927
0.02098468347122667,0.12646221285513545,-0.420751402888841,0.1422675180221434,-0.5630529181760275,0.06486274526287268,-1.2581407592185374,-1.100466749448068,0.6025768646792422,-0.08054082452961081,-0.25499270044193023,-1.6823797256124422,0.27624695364339685,-0.8237272235438242,1.2581777937377197,1.1911750920213284,-0.7411599914532513,0.8067418222180017,0.6801280167088718,-0.4591740610926611,0.09696325701119521,0.2577237071566553,-0.12380430774331666,-0.24120747063358164,-0.18748849493067365,-0.603442644602912,-0.9070786332753995,-1.1800589886603987,-1.4926215659330486,-2.0029178883509147,-2.0563366615846457,-1.1370069754671137,1.0219883048050897,1.1133604500533467,0.9061366747602146,-0.42370915566945266,-0.3179206871586819
-0.3508611129350535,0.799723739332051,-1.2795740282475847,-0.9566171721679864,-1.4081478198252373,-1.2414794572499923,-2.2646817136165103,-2.459414831148012,1.0558826362069345,-0.979464418023874,-0.47091894760577374,-1.411400548443511,-0.5325278501643971,0.3058416029348509,0.013202963289314511,0.20234265863034084,0.7108766168710775,0.20442242944802713,-0.8336856025925711,-1.544955194760063,-0.2565709156748917,-0.3263838106214966,-0.19353297747100348,-0.25517524763417376,1.0606593241281392,1.7162843942813804,1.1452435654316715,1.1961373731343627,0.7118754596492247,1.252682994452489,1.3602834759828097,-0.5624233304414014,-0.9303756021304771,0.9293477367248106,-0.8606885701513883,-0.5531027591172443,0.42876907457233066
-0.6643714889666821,0.5366945492745628,-0.33726187327318313,-0.37648479713875616,-0.8210259452207705,-0.2483663697182281,-0.7129515472727241,-0.6571904894781846,0.6394565968087349,-0.14396805241894936,-0.1804100927906613,-0.516756336341665,-0.233674317630727,0.4084437143501847,-0.38247494809246885,-0.4957746566812614,-0.8187901047282652,-0.02890772805405733,0.7624112749424447,0.16047815707674948,-0.3429384824522872,-0.030816182664582192,-1.0717745140844934,-0.4263187450212986,0.17610130694088758,0.2750445165531506,0.06012300287547616,-0.9097999763497578,-1.0902947088813721,-0.6087059873077499,0.5453867024451977,0.7340621275342778,1.1628681272194774,-1.035561887481978,0.9644973449337341,-0.06447275988437702,1.5798348997015863
0.9783979738263217,-1.0144014325697193,-0.005699268969826221,0.680171736507525,0.02665454988674713,0.5032257459473505,-0.4008563548218828,-0.2508845214545626,-1.0243240666111226,-0.11107863565197426,-1.8024129777506521,-0.8113331951161838,0.5206805039398054,-0.5185346652959764,0.10073344955735541,-1.2443819376562277,0.359412652589478,-1.386366857806032,0.02324438264480891,1.4217879392664683,0.8245472516829818,0.4628900911136612,1.320893938584012,0.4932137402177427,-0.17157629483961054,0.22962966870865592,0.3636494931093795,0.7035297766141485,0.9496599102940736,1.107717987475114,1.3867830402268242,-0.48182667608648827,-1.1049383103988888,1.3436784381174856,-0.682741502191681,-0.9408613924378401,2.3306262598013747
-0.2606709676749154,1.1466175806842105,-1.2054374527764344,-1.102107093551251,-0.995073876629068,-0.6489559919994815,-0.6087056245400986,-0.33923023716467765,1.6097292591062258,-2.603200552046211,0.12139888285915687,-1.3470337210775254,2.065457523433827,-1.439266538041307,1.9337724090362376,1.121191233524241,1.918169398219187,1.1449731679653126,-1.3547591195591242,-1.5097628083472556,-1.4813987481637485,-1.872673790286001,-1.3130483581592383,-1.383591431664555,1.6214911969482384,1.253618875158572,1.4994353851462379,1.6634747896356168,0.7659214291564795,1.1986926922018468,1.5083157695679266,0.21588562754334878,-0.5696349091950672,0.16623795744457467,-0.3747638334278222,0.0020925368826897363,-1.6107462674591626
0.46078874780908863,-1.5622004555216404,1.4360371146167785,2.0003726162414783,-0.08865387054699547,1.7539026812229948,-0.10115895739236198,-0.029504512737599832,-0.22620475432780388,-0.2599667625360726,0.8858287836970394,-0.5029190110369619,0.2648315057226223,-0.5011540740799988,0.5006598302947277,0.9633713637840025,0.5331017193873349,1.5837726870527244,-0.4235625535236689,-1.282318670173549,-0.8667966509575998,-0.9123992228812994,-0.6526232420035748,-1.0806775123630665,1.1340261425187932,1.4962865797312146,0.8034800809031705,0.15154034801438188,0.19546625353473904,0.4486254264159353,0.14805901548868108,0.09600121925202688,-1.8698110279952327,0.16371657934829154,1.6252182341894548,-0.07920926881111888,-0.44164988956541407
0.469285670177074,0.019961666783549475,-1.9487132695979283,-0.7107978186055232,-0.8301642005999055,-1.6972591480383459,-0.0509765947106259,0.5338511695910664,1.5866130140767605,-1.9613067852792854,1.9261835446016828,-0.11096621653834168,0.14746378915012437,0.03572578392990633,-0.21641119495091596,-0.6370675503069343,-0.17468677805698418,-0.16211566466445937,0.5293376619491706,0.2553778287190442,-0.8351149874275221,-0.8170399913352124,-0.6727108655732615,-0.6819395729637336,0.8992560724612392,0.7539610271715969,-0.27181465290898704,0.7181913785594625,0.23121540155525908,0.1661050347456374,-0.45423915675861376,0.4582731577341834,0.6276238496327324,-0.14043631198213666,-0.4893877915465926,1.6228452345017428,-0.5010290924147769
-0.2954724230966874,0.7097190754572393,0.22279292235051604,0.30497818559466777,0.4747950812017768,-0.5043571923076436,1.528648075976602,1.4348391143911536,0.23180742956914333,-0.4086964792832514,-0.5316148077552665,-0.6501941598500358,1.3056352143799197,-1.0900426654055475,1.184471134035244,-0.6098733228733448,-0.15942952219818865,-1.3084903647479105,0.022595340398090365,1.2363532077885717,1.3882978601527827,1.3963866749395577,1.0404833550067134,-0.34312582122505314,-0.5979493437473633,-0.43404280381000154,0.5610176870803746,0.2370674570931288,0.4743991913490569,0.15108075166306387,-0.11277573191174325,-1.069065564849141,0.2567677837189979,-0.04250562954174113,0.09415698693806475,-0.11094937459990446,1.4907367050752038
-1.501059137513564,0.8388641960371248,-1.7894549891037799,-0.6742287344512058,0.1607509298522416,-0.6266209602879667,0.8127729336817743,0.30113510484467565,1.9868756017751483,-1.1798698648135584,0.25307387736376763,1.0130697910417097,0.8033701939924397,-0.6877510216764845,-0.04192888903003229,1.227276833711282,0.6700345739190684,0.9206977275933261,-0.8383751655143873,-0.30475885177741857,-0.2106258748073692,-0.15660362511001022,0.10803323573897633,-0.3967282517915036,0.017072452574915867,0.281228405084963,-0.38127374575871287,-0.5594565641602551,-0.14349598297999436,0.6403035920932934,-0.19487143614746294,1.01603518545649,-0.5695933244693764,1.4000344409527892,0.5671768271972273,-1.961084456811817,-2.390035735015346
-0.37781033002323583,-1.0188948072904118,-0.8140631018593443,1.9015783605005205,0.6941326804214509,1.2751818823308985,0.5810360483782324,0.9599901616774241,0.4988319100930078,-0.6188559893478864,0.2776467278031836,-0.4957285574042688,0.43570567846165303,-0.7700926342750066,0.9385251140711065,0.5606029042654203,1.4088978157548244,0.6524964475994628,-1.3921891776696527,-0.19309445501477426,-0.42148008796979547,-0.5234237255246232,-0.37378367939421847,0.0569279529606301,0.4246797699560288,0.8128498269556512,0.9540075234450482,0.35249134617472516,0.7407955138490109,1.235734834366788,1.6289170349694133,-1.4398435930349178,-0.9440225999670775,1.0636913912906458,0.17565221370437673,2.6600136319283467,0.43955132975780986
0.5158524823295833,-2.594431935949361e-05,0.6603832013438107,0.9203291876438936,1.8453218796227733,0.1428039659494001,1.8947300765509452,1.8629092683826811,-0.3783367796571399,0.7283245050215836,0.831343537302254,0.36442947120707775,-0.08661905102236511,0.46453679772421114,-0.24539500985051996,-1.7983568783103367,-0.6043997479727318,-1.3102538147341332,0.4746180986450432,1.4985648283284743,1.5175177522035124,0.9985285251437602,0.4979403242352573,-0.3297672392890967,-0.6423074215403037,-0.6322628841995505,-0.33955440685834304,0.04073029994387383,0.47783224958602094,0.3204122322853874,0.3526147663384289,-0.48456093646353815,1.4063573157518874,1.0425565617903523,0.20431380979113212,0.9347123253263504,-0.2885000108337443
0.2862408172059838,-0.0567535964908728,1.7999144449587816,-1.1176155644384063,-0.6534429403341657,-1.944910133129268,0.25109934621000474,-0.16650084709559151,-1.0978904362065636,1.3291838424368052,-1.4090190059250698,0.8107096154613632,-0.518706434601336,0.4547045773472643,-0.3194043616637443,-0.17950148511571595,-0.5565531271836491,-0.2875850257967538,0.7090696604273342,-0.15203691758744659,0.2620140962254795,0.21766085351651393,0.19550600759442016,0.7330611359498204,-0.20048055723819264,-0.46639329927005624,-0.5825198520145665,-0.6883880409324704,-0.8838207353912456,-0.42378725041625676,0.4191860840985472,-0.05946920425858343,-0.13383120312790342,0.21890096325063946,-0.10855532584876056,2.065881585357967,1.501689213670656
-2.0049095627984292,2.544616776236915,-0.924511305573337,-2.1789496992993382,0.8109616731586823,-0.7996974136222507,0.3592537169634961,0.6326716605129286,0.36662923675008524,-1.3120471247775964,1.2248752269690257,0.8620742659967535,0.2888532547641963,0.030488886100611047,0.26780971558404265,-0.21700355555844678,-1.8136269200164503,-0.5078380295479343,1.729077016662592,0.48230763985899944,0.8884779718629101,0.5386199445152401,0.6897706936953218,1.0574600622222097,-1.0303617888875736,-0.996467138078792,-0.4061658319192279,-1.2198112807885064,-1.027572167286142,-2.1476946038286844,-2.6078484704909375,0.7182584700138813,-0.7791974598852821,0.9204190586664193,-1.3593562062566356,-1.190062261817026,1.3721914829880166
0.8036784286336385,-1.01508172325789,-0.13361473926368161,0.38328141187662557,-0.37382165317276417,1.2328402032483414,0.22949877089724993,-0.019666599137574174,0.175021277791568,0.1421390481580454,1.06574853513995,-0.2731601285421797,-0.4490029634363846,0.5005355410744082,-0.3847398439895089,0.2716308579443231,0.5435410748540449,0.2609533153484161,-0.11121006974294517,0.29624898878580214,0.2626552646629623,0.2754482728095723,0.5344364155800858,0.9813606236694257,-0.4878166787433047,-0.31185841342192877,-1.001000205121944,-0.547910209809451,0.26632874318594246,0.6009985371968062,-0.005987830030211508,1.334789036548783,1.9595759005263762,-0.7955093043533402,0.2979316130067332,-0.24986942109739937,0.29942109781505405
-0.5840573108247515,0.6031663326816687,-0.43937015493488135,-0.6217646371704549,-0.05987237958284684,-0.05691766708517383,0.7277961933020912,1.0519449513072643,-0.9580540737482746,1.3510440623298454,0.7237861650474333,0.3241663544897044,-0.5522155120943387,0.5987728603317857,-0.3743829973328885,0.025794402424306386,0.029330307128331966,-0.5124170330729023,-0.011600526493399134,0.40164131473000536,0.49776024806178504,0.14423823804710512,1.5893417416896436,1.2671431134960067,-0.6177521067095385,-0.7407718249346699,0.43762382635112795,0.17835084321618613,0.371554591029063,0.10129397371273872,-0.8155687657400815,0.7261115921518738,-0.6669341358815775,0.6160307485772175,-0.7872521167535481,0.6508609802383603,-1.5382943821984032
0.5610022939653915,-1.4540652288962568,0.19774500592751817,1.498312717782239,0.8691390834646127,0.8614889871665786,0.7538006934313886,0.164629326111586,-0.564903780687319,1.0527336044467803,-0.010369215321874672,-0.8135370057547788,-0.4012833264891323,0.6438280272104463,-0.38986673881277556,-0.5020844026651187,1.0031438324702846,0.08542986474991204,-1.1817358510680567,0.615752318624624,0.6708444689003997,0.7590089204878783,0.7687692232520557,0.5528088942652126,-0.17236227816484506,-0.28253514225244475,1.429925509508606,1.8416314342547622,1.9938531627524345,2.95988145403065,0.49597087749372903,1.3712403324702378,1.161828581036416,-0.11766926678029592,0.7271601169935815,0.5121577911769711,-0.5880539785122257
0.807292034345379,-0.26986153493442194,-0.8540070732857484,0.9550370297007748,0.04565841268891435,1.609423954563615,0.3161782669622517,0.2386616788306449,1.5743554288388155,-1.4656798837031557,-0.021532304098096783,1.6905806099788356,0.9797504595548416,-0.5930381696281263,0.8853309858246927,0.20113793578684794,0.310962906829117,1.0711570045820722,-0.450308558670678,-0.6660290639836313,-0.03940257745499112,0.46915212541964013,0.859982991539642,0.8694827034325425,-0.33040840157910645,-0.7379732719844915,0.18932027384273703,0.36753635949202795,-0.28753695665001555,0.26969190534154514,0.41640993163182854,-0.8643013495385218,-1.1699616611210453,-2.015628179644787,1.3258962804628172,0.2815514204216088,-0.4846076326573223
0.45689202947110913,-1.2797564235090606,0.36218733364340455,0.5651951776570109,1.0932892829279501,0.04097482616596974,2.100384230391016,2.088387766905874,-0.04994795188552373,0.016156439304018878,0.7546169364956982,-0.6749583122742764,-0.1286435842545267,0.19523567984347215,-0.2952963409311538,-0.4360091379824326,-0.5840007497442291,-0.1981858782977513,0.37508541526809724,0.9418242235068556,1.0027583905329847,0.7425330793214048,0.6211432350285269,1.2645873651180304,-0.5927348821479982,-0.8360954902081189,-1.1673131555937704,-0.727119312083329,-0.1394243479680979,-1.0058628120273014,-1.5542591123676148,1.146653925476407,-0.3592513974336549,-1.544001752581484,-1.8647354576240456,-2.237589146800685,-1.299024435505695
1.8924451556277937,-1.6409847669905655,0.8685994252716045,2.709916741170633,2.3328293154334783,2.414089896588025,1.5193440797179791,0.9402986539189276,-1.1920094746232235,1.022531090969741,-0.5474169928574271,1.1373119589595106,-0.254610269741847,0.5175334646809461,-0.34952675381775417,3.4938628577065147,1.542019707701184,2.9269020790479137,-1.2912807800215647,-3.1093533035523335,-2.476460947461615,-2.7472468094413363,-2.49242806408849,-1.2990335074550825,2.062996914796544,2.098642046954541,0.2085250937889623,0.8349115791703388,-0.2236060215072072,-0.5119442106092071,-0.6526839229569185,0.9756706442629242,0.5137793800644986,-0.6249262072684348,1.3276498358495028,-1.7479704847601958,1.0448857308287214
0.994848204201134,-1.455388207746092,1.207451135682235,0.9751398901677992,0.40424136344252376,0.3269114157153275,0.16874001305255118,0.3736308515323305,-1.731588137206696,1.368424823235968,0.7617140341136676,1.20448997088151,-1.5620181476962716,1.67369400493554,-1.7229498196079702,0.14452797704754727,-0.7493625270757897,0.5726901778902219,0.6727023425617686,-0.5645920115490725,-0.10314581251986973,0.2500868529543224,-0.192229189642948,-1.1427025000164497,0.19701705524104177,0.4244361318763164,0.6382492647578105,0.6254107781065156,-0.22404842442398293,-0.16520135176210266,-0.9397380247890877,-2.4247340496773795,-0.05666832134958648,0.44847959950339666,-0.46452520370618855,1.4982154220565616,-1.4189783160874898
-0.4823461824199455,0.6109949806718535,-0.5482616480242566,-1.238657760586596,-0.476836066009142,-0.9699138377867764,-0.05513390788048332,0.3817277699551653,2.009643939806825,-2.31418253993874,0.026035549098796667,0.05622424207195685,1.7731604791720972,-1.7976232903141338,1.7779474052156679,0.004684136702023955,-0.5226159738889936,0.3688944470210021,0.5182772216303914,-0.3376273292522045,0.5829462436248444,1.0941908081037908,0.7093979658191856,0.046926517099441525,-0.718610566749708,-0.39572244053350797,-1.1211802641307853,-0.3601227115928936,-0.7443641482637723,-0.6648858841978957,-0.7793727879400991,-0.25817911865489485,0.25048817952535213,-0.6240311570462765,-0.1832695273548932,1.6769181066416214,1.8108185648755624
-0.37865161223709143,0.21628160909589317,0.7971712544968974,0.34189698248986256,0.44855326363391546,0.5559030318898729,-0.1614360093273545,-0.22742854465879928,-1.0767379277325817,0.43212594202923127,0.5926844141305407,0.13877696846889617,-0.43181361653324246,0.4146298159148596,-0.40101573779819116,1.8948528557618771,2.276751616206356,1.5109728479381506,-2.085869656732408,-1.0952216869823743,-1.2465367561486067,-1.5652650262788166,-1.3900046919906865,-1.7511227232533866,2.0483819920462043,2.578887229317951,1.78745156568942,1.0105681593031752,1.0652273730864237,0.8915121626829811,1.0577947524553617,0.5608236329890064,-0.5465278868043035,-0.5533792359956323,-0.9679079204133592,-0.13411532444337673,1.8084521367741468
-0.09781287588830562,-0.04729993943768945,0.1750258578348711,0.08664990050742757,-0.1478390734519692,-0.7877483729847736,-0.16226903820003655,0.01918226687058776,-0.4665435977294096,0.6580682225986196,0.1941055389833889,0.9844669922232491,0.32204891441265837,0.009460683858274414,-0.30624969639567085,-1.3686914090826037,0.0907373478901569,-1.2261136172126677,0.04848811565213881,0.828818466929515,1.4679766039865558,1.37904148511114,0.6519769613403865,0.9409028580445082,-1.1558716371598496,-0.7114452464162847,0.39324810262495413,1.3849550079482358,1.4653602166781003,1.7223999977397946,0.2753932388058014,-0.5518740268326945,-1.6249989757436207,0.7950602994350154,0.13745550709837556,1.3704843124327837,-0.4096614921546197
-0.37865282531593525,0.2897780391076136,-0.1175426872986602,0.8405401532767548,-0.09945488845270592,0.43094709277025617,-0.8026781586668063,-1.0548558906138168,0.4558067678687176,-0.5227770495678304,-1.2846689253513308,0.5378920740346304,-0.04641795297800936,0.2506135935901495,-0.059533475751550255,-0.09226451928848041,-0.5846114194607416,-0.3843644415174409,0.844504934313598,-0.3144282418433711,0.8365024294171729,0.9499034304725701,0.7692273595706725,0.2096910878558081,-0.9090294377574311,-0.9169621872017089,0.29359364214976597,0.4282119203312417,-0.037532143532505696,-0.2731298322216721,-0.569036434603189,-1.119858808464511,1.4948116317649216,-0.5174329148920945,0.015304465845661657,-1.0552964022050975,0.2644553792936657
0.354443144152922,-0.2834776895245215,1.599079985140399,-0.26562019549472476,-0.14649264881076624,-0.06390762618653402,-1.2407852151484802,0.06374312283839119,-1.7783622780367059,1.5112466929154507,-1.4168496995050508,-0.5026389876464888,-0.3242375315646198,0.39755754905253066,-0.9525265777514197,-0.9466584680571215,-0.9021209389116274,-0.755037348932823,0.9446457160473115,0.878395816728967,0.5358789952171404,0.43677755930185813,0.0077067703362114545,-0.12477264709164193,-0.4322497159326962,-0.6704812006012775,0.5565683356223964,-0.3115138571446497,-1.2093150188442254,-1.0834442585039397,-0.2517312837286757,2.0665288052483017,-0.48439746493507624,1.3601182735230848,1.0295490238377485,-0.8253452589109934,-0.11417211824031226
-1.1741235283474958,1.823922265249741,-0.6163344242076133,-1.5408285822072925,-1.0921240213789838,-1.9455571227151665,-0.7406854651788423,-0.6662082589959382,0.6996599262676105,-0.07997406851967111,0.9028066380517347,0.9888477542779426,-0.6376562044918535,1.8434425047367062,-2.0869734903596555,0.6658179056172104,1.8916825896676344,0.7167469141027152,-2.106961392257182,-0.7873787560150223,-0.8053180466523687,-1.2962256531420517,-0.25340136929968693,0.7871977629786894,0.8525627157161942,0.7469795890961505,0.6563872147294945,0.6254806671406934,1.001019879105204,1.5612671703163188,1.5632450288995305,0.07191505911837145,0.2965712668958745,1.1951611928839343,-0.7962134854863506,-1.1347460940609981,0.8060964574246594
1.3841118851584815,-0.9098496165047266,2.101354077681921,1.4270529437424244,0.004831355880454616,0.5993895695338061,-0.7861144608675545,-0.57267437203658,-1.6209531485928241,1.3644736686581516,0.17968936325815252,-0.6792828644606616,-0.7081382302006776,0.415656813446633,-0.16615834489538842,-0.48339985833477367,0.006962567205242878,-0.8081883165317708,-0.16206838823543632,0.5619426978115667,0.29726792603534336,-0.12750586682245435,0.5434544163647191,1.0848601142731438,-0.24303813521910667,-0.38497559758955086,0.2595576485302802,0.3445492853465915,0.5835849051104364,1.204814726769079,0.423254552073864,0.09916393060180834,0.7171241995515271,0.0569311976112085,1.615819716744836,-0.8811175336557671,1.1583411532786838
0.02089247166096273,-0.4138439978699807,-0.759269572886752,-0.0803588419311268,0.5233322191244043,0.0839184589210823,-0.12195521696831083,-0.2182930276083937,-0.17335164446039367,-0.504696357150976,-0.38150904263850616,1.7159971226270727,0.5149959718760968,-0.7083727574438868,0.44202769716066187,0.6099359567614514,0.27818337818199346,0.0031301916548861337,-0.42291219108127226,-0.2753017947111779,0.046712416396473534,-0.3353383854092832,-0.27264356968055775,0.5768569881496216,-0.005753350513137873,0.03643874666902512,-1.216139726168677,-0.8561227429672393,-0.5076625915962872,0.00014553277167476941,0.24077653016009506,-1.3420783921145163,0.316680801653673,0.7853037939464018,0.6156521987165768,0.6993983665778776,0.19785350006300415
1.3545596715700892,-1.5102959756722862,-0.43149860793894895,1.9643027379767484,1.268156330707945,1.262288510165422,1.6355911552439206,1.2142066663713,0.34974518339003396,0.8005181961953268,1.3232512356281563,1.0635756244205605,-0.6280908680263237,0.624095741667463,-0.42007724903081844,0.536626448125737,0.4155576088066342,-0.1824858209997379,-0.6231326039380691,0.2455935309575679,-0.6351828224282319,-0.918601702222456,-0.377283281063726,-0.7367564437808232,0.8799017050755125,1.0827877447867373,-0.07854285500260373,-1.514928675939226,-0.3235380583954138,-0.43641004968883634,0.40577469551574574,-0.6484087448524652,-0.7194118166532931,0.64968004302145,0.03955747580982513,-0.8936128197958619,0.3973044709339145
-1.2246912992472365,1.6395618816674988,-0.703901425207184,-1.2698782679361023,-0.8787859286523454,-1.7153766521927627,-0.6097914883767359,-0.1500814827057911,0.7355336152724578,-0.8369513954672886,-1.0689021683164313,-0.7113381239638944,0.9796580388723742,-1.1500362479412405,1.8112189518631487,0.8137361044034656,0.6073335840224094,0.9027338340058573,-0.3062520095393573,-1.262895844914764,-1.3562738209677991,-1.2676891140112347,-1.4501988756578845,-2.8082809826599506,2.218303028712242,2.257387361354308,1.6109947862668967,0.9369527766437055,0.8671693054071407,0.4402439979690225,-0.6263874111821722,-0.9326739503092312,1.183366089883611,-0.20944236951420736,-0.2333087550153643,2.2240665825396704,-0.6321867987350054
-1.2210614452557287,0.42523470031440275,-0.031597471081778294,-0.9037135668384231,-1.7947147575579558,-0.6997779496506131,-1.4741907069754885,-2.332598405172945,-0.6621563655675223,0.3226203233267907,0.34441861815609637,-1.6591917465243862,-1.5350846217872887,1.3308506055812488,-1.9266773674106266,0.5533838055925552,-0.10711158352452853,0.46841291729623885,0.04341449516234742,-0.4862610887469215,-0.5636334657309924,-0.20437446818461946,-0.5262365308968927,-0.6680769455226735,0.09869976888094585,0.5172840321353267,0.9398603804224968,-0.12602193427527927,-0.5926124961197051,-0.5321487122818969,-0.9547086938920751,1.0357325500627437,0.525377135698789,0.8930027313977115,-0.35960895604527243,0.4354536127897319,0.3666926521988546
1.0761659396857521,-0.9132459091863792,-0.029509992125411694,1.4265760548899833,1.1658571216319644,1.3909050573831243,0.7243806380833706,-0.09526822346518336,0.3381269568758962,-0.19359323156216243,-0.891615767376832,0.6226136642363009,0.8288723261982016,-0.7793400241003811,0.8170779452550413,-0.20833674102389793,-0.16441953448328436,-0.23104972865122878,0.19125356304677116,-0.11964972704088646,-0.2776696058411832,-0.6726079088398316,-0.26368873713839797,-1.0697709319541737,0.8827760998630778,0.9518574741900845,0.4898805094378353,-0.4707605737773012,0.26186067093115994,0.24372590796768037,-0.1719676583374683,0.46383418554385303,0.20466994627655508,1.0396244457024868,-0.2941161697332109,1.0630471332697398,0.10788229269209137
-0.6794546474659913,-0.3974919152466495,-0.7765845853809638,0.23303365284911307,-1.0911896859790235,1.4792520461093983,0.030500459671424562,0.1639945773535628,1.0270883661368806,-1.0027776741790009,0.22733819131795785,-1.0036404494293416,1.4770981847601623,-1.3483015437902186,1.8522879226781923,-1.4025864206058882,-0.30160855311791307,-1.0076812441290253,0.3672486905913181,0.6847750324674703,0.4324338919906387,0.1790680491493603,0.2537169995066186,-0.9486790903834453,0.30656499392542147,-0.05256601747935362,0.4640976857357256,0.4924984998189434,0.2173109648920732,0.17622632815343464,0.48156184937927626,-0.606789247261372,0.18105387959212285,-0.9131135671546661,0.1173075611838482,0.4654736469719909,-0.9072827191459009
-1.0348150756814505,0.819809158568296,-1.8746687109616607,-0.14504529483310294,0.048255344529371705,-0.06358531686177225,1.3684357753650827,1.0931579351273217,0.7837257690265429,-0.7542114854891147,0.5485965952545265,0.12453740507681257,1.6364657769133952,-1.7704159958954404,1.7321567080881854,1.0464703795128725,0.3625851301395901,0.4680710566257369,-0.3063542648763266,-0.2502927396164809,-0.45198802645029595,-0.7645290121910707,-0.05433387164701474,0.607494552367083,-0.12057216988924797,-0.27242695695234115,-0.9358715019411583,-1.0750004731823828,-0.9552212799284773,-0.579345885110921,-0.22044828998582922,0.5194631471309599,1.715489707371978,0.18802123410405566,-0.2616399009354549,1.1934415248447183,-0.05914507045398496
1.162303291313639,-1.6350609016958806,0.7961997867218473,1.0726088240812264,1.398466661332709,0.865059709473146,1.4934814439347763,1.709674387491898,-0.3224128743422649,-0.0775768737926414,0.7467897653759781,1.2731566574361621,0.352329883317164,0.0116987962923381,-0.015480728024188576,1.4534452985060682,0.616677484123162,0.7411963816676476,-0.5218208758011463,-0.3720168055814612,0.015552870001932452,0.10497467967097499,-0.45194830551787396,-0.8996628671676375,0.2413555742120693,0.33766398904496736,0.33430973946718673,0.050640583006014823,-0.21890327285079506,-0.025764498095381592,0.028476175340501706,-0.2910944009548808,-0.7412783392497017,0.1770248431715036,-0.6949366056673816,-0.8992888182386481,-0.4078875326081006
-0.8469963922452913,0.3497106519903003,-0.6010134218692488,-1.0623923327345393,0.7638803651118584,-1.0068361281565028,-0.9424158334443022,-1.0666757792648611,0.5948739113110835,-0.05340668956318713,0.19100582499182658,1.128751799577658,-1.3195681849066745,0.9857510820301484,-1.0593591770467914,-0.934717352546063,-0.8607711911998703,-0.7076404517760048,1.4929732913225275,0.5407975030055933,0.7178406241668691,0.4411018024448032,0.8781501325509674,0.22275903555411392,0.2907993673139763,0.3382262089424192,0.6153756860300031,-0.06864052254997809,-0.4655071193745664,-0.2594120253191952,-1.0477314526215795,0.1948404683836128,0.4251404856366864,0.8810402152145231,0.12338970522617122,1.4272742456041696,-0.6216921018930042
-0.04035087426797877,0.14593051786313582,0.39156404087515534,-0.3710080831987745,-0.15358725637124168,0.3682778430823916,-0.14376537761472247,-0.8200719896530032,-0.5361143875141698,0.9858691383597893,0.8935590263555006,1.224952452394418,-2.1155581798990433,2.1787663803604254,-2.3034894239575645,0.7684588227519905,0.8119278739273327,-0.17512508640864866,-0.6054070602776401,0.6017794562052152,1.301577912283451,0.9422530067201483,1.3073487397199781,0.8276513230540239,-1.1816965658727745,-0.784800490014468,-0.14448445343873534,0.7909582343114002,0.4620175308071552,0.19542577480154952,0.8537149725642579,0.19013374549184267,-0.5361345139422269,-0.4067664876902896,-0.8914969429898502,0.11471867076760299,-1.1290075724808144
-0.5718326645703284,0.8429374926937897,-0.7436415310514088,-0.8273685675830942,0.989854055328651,-0.46864015348904453,0.1757585128727842,0.13554038488393766,0.394573314306127,0.560403645045266,-0.27077751058508204,-0.5415182713411741,-0.0778972284092313,-0.25313113354815414,-0.4366887077524432,-1.1712998818966285,-1.0884239078096063,-1.1560975598767402,0.7669951976507255,0.6641321993179646,0.937262214697382,0.41675987132246345,0.26005684612758967,1.1650614009071456,-0.705341313076715,-0.678393105437327,-0.8176962800256821,-0.5970589956481227,0.25004349504917767,-0.3185489981512656,-0.6363474661059733,0.37982666914477353,-1.969745165821797,-0.5599937032547111,0.2720034353389634,1.1884128490847468,0.013164357033557018
0.7491231443518895,-1.0555884936062236,0.34576511897107504,1.01311205860528,1.2609635536049972,1.291575161805516,0.7558476779672151,0.5784716499265568,-0.03206388703583343,1.000670577154993,-1.4666840352610702,0.7360221116787912,0.800774273700036,-0.7675057885548747,0.5586723997274059,0.22665132381290778,-0.6789175897756317,1.382755136388665,0.7246640025836316,-1.8922636843274903,-2.1872562767977444,-1.6777802960616313,-2.3038046862683683,-1.9637967509798964,1.2731225907644124,1.1724538787430527,0.9498290687460816,-0.20811571581558763,-0.6986506321078098,-0.29357709282727473,-0.42321168125374425,0.2597244785457843,-1.9966607940760999,0.20340451274294788,-0.2757645835111724,-1.4737242370534047,-0.7832204193034854
0.20914869928945654,0.4744205580960472,0.5796952849813275,-0.16992581372027044,0.3120537303051276,-0.0039900912462509115,0.5392676898242984,0.0441530971048514,-0.8382285433770681,-0.3735359007526117,-1.3133126269519673,-1.1733224242390938,0.7815795770911248,-1.5248531758926778,1.4406839773878706,0.43626165477595724,0.3596097895641999,-0.2809511540534465,-0.33282697456214494,-0.292313920611341,-0.34423586111527754,0.3352463302703718,-0.7660829970526667,-0.07031924441545949,-0.2249759405818202,-0.6436413501407682,-1.4726320035844518,-0.7251638067873851,-0.0805807729278984,-0.04014724127733925,0.13023859603322954,0.3806057813335538,-1.03109534946937,1.2113254935786508,0.6478001376247647,0.1545621528656807,-0.49095346937707074
0.9052710558959542,-1.4622367118652504,0.7853830857168644,2.2641139365546348,2.3553718560798296,2.3340334753141048,1.9712276412867527,2.118806474173694,-0.2550504843243685,0.4819185155786153,0.6046356350399801,0.9576815642559979,0.16431095438381002,0.2249319850392694,-0.16843522878779135,-0.4140721832822484,-0.8496783427368557,-0.5781021128809696,0.4047459695918711,0.09155136425714183,-0.051461427950090455,-0.02080429011624508,-0.19601668309194764,-0.35476433639712474,-0.15246395188294856,-0.3669427813925927,-0.3538017933136187,-0.4771436423324213,-1.311647627017811,-0.9562295017172984,1.0553872875915684,1.2118133838741778,-0.6683398117426912,-1.158972761522047,0.9413406496951491,0.11904010300954941,0.9698175389717181
-1.2402707488445786,1.5186339144367271,-0.5909582943064222,-1.4159202215349715,0.27364884975774667,-0.9078490791896887,-0.5904150534368282,-0.3843825960579054,-0.06800392417187,-0.614851589004753,-0.21693375187997682,-1.317920588040861,-0.33586130901478134,0.0024594055336437477,0.2908402536183002,0.11638521226225107,1.024340835977842,-0.934843726084397,-1.6780727043332513,0.3155700221612446,0.3891155514560385,0.8238364083113462,0.3760586791644719,-0.6365211636940259,-0.3672975610476995,-0.2722714044728581,0.46483459471109395,1.151373832583872,1.7639474478217203,1.7361117400670978,0.5519793025468758,0.5991850762308409,2.21521729626018,-0.9851671871405042,0.9409453872589865,-0.6492755709029576,0.55129476252627
0.22383981173789771,-0.43291073504060057,0.7439160587568134,1.2632924456017611,1.4917365054660703,0.2015271274031639,0.7983500933640437,0.31938669673708486,-1.0529745131552668,1.515117172778377,0.755884373657129,2.560776855299005,-0.5038697644090502,0.8143385554661656,-0.48724395993143044,0.8827597266249329,0.2984597978704383,0.6482046171876191,-0.2638732769899954,0.30202206033551665,0.7579516713567982,0.5564928606621845,0.2983735454547711,-0.46974754059545015,-0.039147905254336056,0.016174483076926097,-0.14909800932404685,-0.10178772731431274,0.7589920021280595,-0.24740884376074826,-0.7540572999157373,-0.37412131319604,0.7134893876658076,-0.48307699658691394,0.2676237276681314,0.2877635948991512,-0.9705532762676137
0.07180554064866412,0.4952158918450522,0.5552023176551357,0.05962354484027303,-0.0632192087186785,-0.11448615874520145,0.6311878105243345,-0.05919001035024232,-1.2605930209916674,1.1880638921295283,0.5057662794199047,1.1746728125954151,-1.3084967990840706,1.5278668612942623,-1.3667039060058754,-0.0916983674797058,-1.0215005987854031,0.8630355092297518,0.8845160141708155,-1.4301601346937267,-1.193396324148753,-1.138449203350394,-0.665367535203141,-0.550188223684105,0.6264595073404468,0.759459463107739,0.13596087949690402,-0.31827625260166903,-0.7704389485346803,0.10567439627732941,-0.26052651312581687,-0.13618878369561777,0.8051012533468135,-0.30592926624295563,0.3848279118949633,1.5204131180920457,0.2865579791239768
-0.7827785169157833,0.42860208782691905,0.9001660457864848,-0.43983198898556053,-0.7042303489999084,-0.4950166169134203,0.37390994822833495,0.49017313838849075,-1.802783555249036,1.0993298289462181,1.0350103305013263,-1.7004850849984217,-1.6507078373825552,1.092985466582498,-0.9245778682399779,-0.6673667880093943,-0.06223476943619191,-0.3650766915698631,-0.2836389594950201,0.7623653703193208,0.7557283828388391,0.922363495595082,1.131276790907668,0.9637154079972755,-0.9126398684235687,-0.7578146874449954,-0.10804816844855937,-0.4116565678638252,-0.30504221621852606,-0.5171525730457424,0.6459162638752765,1.1862847240557617,-0.6465815399810753,-1.722695980340549,-0.37585680218185774,-0.7265778670802071,0.07955800566242324
-1.0743403284427655,0.5177055738401977,-0.4470657166453016,-0.32295653464108554,-1.2678647362221172,0.0009879554156090552,-0.2156492441846611,-0.5887688722802197,0.42594251892046286,-1.0101637521895233,1.604641928858924,-1.0840859667104952,-0.34374775681627934,0.012063905760973373,-0.03680179793457354,-1.2256556017335913,-0.5896698891795493,-1.3752533075547377,0.3956286166699465,1.2719751341382677,1.1273789876854383,0.8539058531005672,1.540998754506902,1.5495437985563154,-1.4044124072659754,-1.38235607434696,0.3393213318961436,0.02981876039907656,0.3459679780138242,0.9221011616771918,0.7041871540704397,0.07329148278541743,0.06469121898538895,1.5267724234438862,0.6286307340964288,0.9397581724773023,1.5617583666922428
-0.10991007243172096,0.4496839732876896,0.23208044108508014,-0.21770838248690078,0.026171084361838,-0.08219737548198673,-0.7793840972202066,-1.101735655748154,-1.4362591254158077,0.8267030888645216,-0.24846726226764648,0.6834131819388503,-1.082845435638193,0.6036800305988741,-0.8157808973903558,-0.37799334143508223,1.0139443177559686,0.7172621051592989,-1.0650491336493157,-0.5336737597734136,-0.11298039017180865,-0.15322588776084387,-1.2400779738835428,-0.692337933641242,-0.0055478811295082975,-0.27844162446378456,1.1439291120863604,1.234571329209601,0.7459890934003062,0.8437307655683871,0.8466176364872918,-0.4110800738699163,2.3508746026406993,-0.09458946270471755,0.7419545998340589,-1.1600151378387444,1.2608137256893317
-0.3171267854338192,0.5295319395818984,-0.4294843836406993,0.02966799326634903,1.0323447947773887,0.7918761681728473,0.6283043948043153,0.5286000635111234,0.5240595798351104,-0.9204290628167155,0.6621813571452696,0.6373061526141812,1.0607824132417982,-1.0183251204541357,1.2494963004305188,-1.175735359579899,0.022733878649744823,-1.8779680027616283,-0.20463512351896546,1.3528918736027544,0.9361393149089984,0.8126807953977482,1.6684090824383455,1.8621853380222215,-0.9949019450220355,-0.958266087049065,-0.5927184785020299,-0.9487354754662516,0.13219982615963063,-0.3670961935323868,0.44098548032775164,-0.6671062125024468,-1.2345573208105383,-0.2437306225384871,-1.6255317528351445,2.093113557264754,-1.4948610740858976
1.1783929200372751,-1.3224385717234624,0.8721439266841025,1.745812156484156,0.2854451196272013,1.624138066889945,-0.19947574194814455,-0.15784665839516396,-0.7430936881266049,1.2739830087053958,-0.7764393978009896,0.13822928087357933,-1.1666333985510429,1.5682022353149643,-1.5275155674959073,-0.36437772196886387,0.7634259342326098,-0.10701197330582209,-0.6736772957748715,0.2632705237937738,-0.43555859571273686,-0.2812803265899827,-0.31888719031374063,-0.7203315199459784,0.1961452341938373,0.1736615340699272,0.623213273950133,1.3080359892816267,1.1166997532018235,0.6575206882350806,1.3658747030923566,0.23322387827623464,0.4668785047311465,1.6506690708386011,0.32811257213472406,0.7616136640213454,0.7676486873161322
0.8183456561642211,-0.384660174997598,-0.3043094990078289,-0.3861799429098989,-1.1262763896600312,-0.0332229697235819,-0.5153765213345798,-0.2557346274439854,1.417133118162912,-1.2227784329708262,-0.1623482336879518,-0.21587616978372368,1.3276578865181023,-1.2238038926997923,1.2250707977716802,-0.4537810329247862,-0.765406723933394,-0.3733164055945209,0.7677499609947569,-0.026225845178210402,0.2624057170810401,0.2726439347623778,0.26121031314995674,1.272125793580983,-0.8164905668300185,-0.41685912469884834,0.6992439438768531,0.8070487726014668,0.4269483316936681,0.06486208028344145,-0.5370829106846106,-0.8898729763446019,1.6432156766544805,0.749792219748214,1.3219485633821926,1.7068555509274081,1.1493850379272448
-0.718964432523767,0.5404569796302375,-0.9271888110005414,-0.0037672391022299996,1.5311788075447406,-0.5821965323949918,1.06635905605519,1.4097089538901357,1.0865199903680047,-1.4989217603584688,0.7256180406235583,1.4092511265707404,2.1341794200836985,-2.268120263300901,2.951557041314047,0.8378861192165512,0.736681212681819,0.6026183387132029,-0.49839953028343,-0.1286349388715274,0.048975328504705685,-0.16993091472531907,0.0058505460131284244,1.1200110498552354,-0.5141819342735461,-0.1382614893704806,0.044446635361257286,0.199490767183597,0.2102153354227243,-0.09811449413747943,0.371256212431464,1.2406771862704071,0.9859733343340513,-0.49792856409471714,-0.40953342140541715,0.6485084987562549,0.48255919857499363
-0.2825320114393313,0.3290505739238166,0.5776637345999632,-0.10491193177006027,-0.26166629904280675,0.006260952218361587,-0.8126217436872641,-0.9263764639242048,-0.13772043788661628,0.2853613230400316,-0.21039990853628732,1.7546185904469294,-0.5783327438124255,0.921986475533811,-0.5760715055173354,0.09440904839574478,0.5330089066052726,0.4641952353155949,-0.20102143673050168,0.03349883366345947,0.6239968012287834,0.5087630179328304,0.012314789591178257,-0.30730830069196396,-0.13575573217568454,-0.2623967608038652,0.08394307724751092,0.1335700469382704,-0.24756157232892334,-1.008643307282304,0.32576502940850405,-1.0720562105543445,1.8369644828817258,0.1990319531825828,-0.6286839124140273,0.36564725105279394,-0.36275746310563023
0.5348867407668032,-0.260780477491112,-0.6867071574412833,0.40947891345073884,-1.1781320223197038,0.20664252283271528,-0.0751276868334536,0.1789866761044738,0.08791538761444966,0.08389438446615229,-0.7042332772893934,-1.5138870914214329,0.6437781519151253,-0.4720258688442838,0.3693821232709388,2.61169180344148,2.179727807377661,1.6976362909354987,-1.9285884042271497,-1.5845379284019372,-2.5184880085715,-2.0685149523617077,-2.117617886310895,-2.1850271509003085,2.224771589070986,1.966303668809637,1.3585507160113397,1.0766906709845456,0.92129479497195,0.4464180371904852,0.44918678006347296,1.4331273091022334,0.21902116929063115,-0.006408327041497056,-0.4733669340923737,0.7699881466441149,2.2341200016800618
0.6466925553861316,-1.3693759174007811,1.4137974746546806,1.1252568578758675,-0.5140740750609532,-0.286011581042724,-0.7582717817338201,-0.7569856212918139,-1.465978520451791,1.1278071257474596,-0.17456048051254086,-0.3903743989793697,-0.7689151787233127,0.36730236663574656,-0.8421611628381035,-2.0293533422053405,-1.3290135310990914,-1.6280343409167282,1.0658590679862916,1.4840526874835962,1.265623820827236,1.3789991165829052,1.8244825314005935,0.4112013369217886,-1.096208317434903,-1.4210266519546906,0.36053930044686117,-0.5091859077712305,-0.6481745759611675,-0.12694105247088217,-0.7858601595683729,-0.32266967627158494,0.616804935190179,1.4771465310242644,-1.5628228326062243,-0.16406118331911024,0.5695215935240383
1.187261201442431,-1.0139331728843535,0.629287211483157,1.2331288591125427,1.1523352274396974,0.23194411218668998,1.534247294117343,1.8841676638536102,-0.7686837246622897,1.256366602903792,0.8392860051330877,-1.1900216053725665,-0.45940024771041105,0.18718316020060058,0.17615283859602524,0.33852371052625074,0.3160070343784618,0.37637978796946003,-0.27317191101231386,-0.132531104292685,-0.07649717704889433,0.06934556112143306,0.00016243817803488595,0.08894945102602268,-0.28546043895107487,-0.3214853493392571,0.1984304734146669,0.36430061709981687,-0.07413270802808089,0.4192651646832305,-0.6040812743220515,-1.110809649305165,0.1140310039958077,-0.13154433485100409,0.07471584757669567,-1.6528896630677232,1.8214153710328422
-0.08618105925257852,-0.774524018698008,-0.6821893740584716,1.1145157374297516,0.30520641064682047,1.3076248698073825,-0.11380213576052155,-0.4514947085756314,0.48917175440992866,-0.15718608798862968,0.2709181046641196,0.08100423900126709,-0.8818411537432035,0.7854481005965159,-1.6852856275152222,-0.43985420248766854,0.12963821065747264,-0.8141856562735448,-0.5974419111107377,0.9339380448171284,0.13580329688347692,0.8143419318371835,-0.3416946235266391,-0.021312865083991613,-0.5876913217800923,-0.6952550665942144,-0.7155828374025273,0.6918087670729841,0.9799545116104738,0.5524860100945485,0.7254765080058111,0.14971825853693924,0.5454058436166437,-1.4005911728564469,-0.021695883870244247,0.42271869633097753,1.230897389689968
0.1405905234103522,-0.7284064909589013,-0.08912428816448151,0.6817183103336112,0.8423921895561928,0.9225410072048024,1.150397260182207,1.26509461792647,-0.31736177504571306,0.48772597886166963,0.20000771730134106,1.8592402049195909,0.02637811564456296,0.2748659793243576,-0.4001671632961448,-0.953209196658611,-0.8473463985700985,0.10339865101992468,0.6618797803277279,0.37136217631216034,0.28332091069360277,-0.06774906672211449,-0.38097456982508693,-0.6589076433962692,0.3985769260538035,1.0836429088519153,0.5009947188039596,0.858226089850117,-0.10838196239496184,-0.9339263173576691,-1.583495857918216,-0.9876376650434849,-0.9298335379919473,-1.8338478053631682,0.14604966233631986,-0.7862270040719096,0.3925977830308092
-1.8312187070215478,1.506593916253251,-0.8784732368293596,-0.8370863903314485,-0.6842004026506976,-1.0023814345720117,-0.7449321712922508,-1.0156018974693815,1.0255174666025522,-1.8751189055029143,-0.31160870611118147,0.16693908502275162,0.10827805874250898,-0.05532769519870335,-0.5615010478135695,-0.010650874296519845,0.08952121242546704,-0.1061401506136507,-0.8242530195730546,0.5507587749638649,1.0215121597346606,1.194180345533411,0.8029384565817015,0.801855050036823,-1.0557914606967067,-1.317897584468375,-2.2052128731943763,-1.4332823662299727,-0.3355568274255894,-0.005868442904176393,-0.7037701595155825,-0.004427184093668201,0.8091804347341701,1.5038394737768737,0.3658960985823308,-1.1341245808900704,-0.5935442055581022
-1.1500772982146594,1.5545735055612462,-0.7450399003059373,-1.7141354483659426,-0.8603744856752517,-1.6838485230343774,-1.3125224628748213,-1.5639711577447868,0.3129909918070113,-0.47990697527184206,1.4364056680167503,0.37114875000461695,-0.9691899279197242,1.1494850055803578,-1.2406464845780225,-0.0868144007395527,-1.376994724806748,-0.1516855702517962,1.2054227381198963,0.1517575830648146,1.0757043339584702,1.048147235473139,0.6626908043663405,-0.2922989726312884,-0.22407582854070884,-0.20221995176823798,-1.1477731847072083,-1.8659747216875044,-1.456574682329682,-1.7514823743386683,-1.5415495893630755,-0.6137393938747742,0.30190358699305475,-0.7500112877130987,-0.8530454010950611,0.6125614637467264,-0.06865638605152236
0.9051217357081418,-0.9095169797960265,1.948303940936995,0.791334626131478,1.9957627158393374,-0.016954311735699355,2.300641449005947,1.9025142377567648,-0.8126037181194201,1.0017313617710217,1.1663723372112305,0.9766930461469749,0.5756034517916035,-0.4497446533005417,0.25318323380809726,1.1164067404808364,1.1334361198867577,0.4677529999351929,-1.2581793950683733,-0.6073669785001136,-0.1003592729764128,0.010872966657398234,0.20921333269100248,0.7254179436681747,-0.0816312841008228,-0.25468757963011857,-0.6540053893629113,0.20220702732822368,1.085097896964442,0.4981937636723955,0.5454597632894914,0.902400205688281,0.06604795945891914,0.7024189977381977,0.2225339712012593,-0.3074388806488451,-0.25553098613567454
-1.1314266567576243,0.7646696327341497,-0.49375829275149336,-0.5141308317597252,-0.45543815344049154,0.16262006118814404,-0.7875220551553985,-1.582973651391035,-0.1556558688880034,0.2938879005638451,0.6548020484530946,-0.8402410510141749,-1.7752999167638057,1.9117183441062608,-1.7493843971023884,0.1125051760158885,1.445793803843313,0.01026120487892157,-1.2101966842797487,0.3651195686030541,0.16966157116581687,0.22027639403398266,0.7336839235058008,0.26813260916894255,0.0711607198779586,0.07219461288553132,0.6417019530267113,1.0398577514901028,1.354620365056868,1.0558648468909142,1.1579882748060144,0.0975151502485904,1.7808004875426275,0.10659460498407512,0.39322961756150115,1.005939033619549,-1.193275375341662
-1.7249597751135668,1.2165443129548756,-0.8588029773391456,-1.2525908561994579,0.23823976202147515,-1.4601067451692569,0.2590440015682326,0.6477153944910302,1.1218105474303328,-0.9422809548677782,1.4786348106360436,-1.3145392972174892,0.16814214872034894,-0.9254867730044072,0.7932649718057344,-0.6853414696358792,-0.12350115782977393,0.5233380049332921,-0.17320877427486867,-0.5201729872841528,0.1039604769045557,-0.109528789809186,0.29573044946948446,0.39646081797425436,0.30095884295204733,0.19630781817274542,0.3627065586697441,1.054213315591475,0.22908084571965573,0.03306464340712222,-0.5914956708419817,-1.2220976867925901,-0.2680405415608477,-0.3796821962265193,-0.5421758422744317,-0.8198324177896407,0.5684562167201532
0.7603479027661885,-0.42197132869534865,0.9058356527720581,0.18674040978117798,0.22963422431244698,-0.175320505233951,-0.5839266913826012,-0.8884852231550017,0.5102813608407749,-0.1045925846593862,-1.5975025485199454,1.4368043803257247,0.18829281911554158,-0.3122750643247271,0.5912682635500481,0.35972926981726533,-1.0703725753520432,0.18269460912822094,1.0594567439912823,-0.09262757159218792,0.324682280949548,0.0007713318466523392,0.26177182189240794,0.32292192865252917,-0.0775903102819986,0.14166076455707768,-0.6711876839796428,-1.086575609389084,-0.8781812406827381,-1.117562597589581,-1.822494384933224,-0.6331494795950087,1.2323085424592062,-0.2235623304790564,0.3700544354732422,-0.5001225280907015,1.434840410956192
-0.4225891887897082,-0.28687531784522785,-0.1999457373561104,-0.23524307507134534,-1.0956005908380047,0.3997764331247692,-1.703864876384369,-1.7341111597933734,1.2615969279390222,-0.8681239208425502,-0.959849052106413,-0.8483945129883775,1.0061673417391617,-0.6577653003176982,0.8159766891547316,-0.2140475931241052,-0.8880327634522002,0.055489947310337344,0.7283654893149861,0.20280279592135805,-0.047228980176327796,-0.04223541094973484,-0.09387565715154898,-1.2385377657343748,0.7815770810117189,0.8667414581050134,0.10907146055133177,-0.14972121189915363,-1.0089848942361364,-1.1908975862008349,-0.07586979516097085,0.6632956816079674,1.3335974438044254,1.6115815440929933,0.029253098822039192,1.1291465165433883,-0.32769983712342365
-0.8294827494220389,-0.10456594299888504,-0.7484801440197064,0.29091675122058835,1.8632574318986839,0.8076987023790196,2.4228477374258017,1.8016283178950967,0.017195625801775864,0.37680690073317324,1.0299962533234401,0.5884709145663287,0.09488828063588117,-0.1528065215847165,0.4072399006911918,-1.1256264528189668,-1.22594565243595,-0.5307946710370177,1.0397539447232826,0.9302655663433357,0.5548043167083104,0.29721010364109407,0.5351418517508091,0.9097000911305815,-0.46377945522813785,-0.23830254466452702,-0.009570728449333975,-0.9389527475343118,-1.2344855505611807,-1.2985780390362505,-0.2638411803813723,1.242964096168082,0.8735407019968356,-1.4065687362426114,-0.6855586705149451,0.25432025673973496,1.9981857620250343
-1.525050082232508,2.093545311841029,-0.9986012268280605,-0.890418499393361,1.2576308102339766,-0.809511421444448,1.1024795759203365,1.3980938951583926,1.4877559011712962,-1.0899348635950514,2.4245624786430153,-1.298126159233863,0.9838773941892459,-0.9745532662998607,0.4509204835495012,-0.23327362036489493,-0.4436740718086393,-0.30015822951630217,0.19067618508932643,0.41206892344222296,0.2822604390741743,0.16122861759006615,-0.22834577205062806,-0.6563165176775009,0.5507356139650733,0.32325919694540367,1.3075519786324026,0.043293533094294324,-0.027892921305256915,-0.34262669767115506,0.17015445226466244,-0.08373493671481522,-0.9806460053168475,-0.34961504582881436,0.2321627397801608,-1.511677939437648,-1.5173778076707962
-1.5177688956479285,1.5422028919884985,-0.9065430674761018,-1.080470229770592,-0.7765482186350237,-0.8504669467246224,-0.690510896280064,-0.5124968398307905,-0.7253952891355311,0.9861729774256981,1.456251874665821,-0.9035815807687527,-1.6156282038351326,1.3525674841607507,-1.3161044511515627,0.2546449500417217,-0.6753202492597904,0.015078625175533822,0.7166357826225507,-0.24081012844921174,-0.6988033478792952,-0.42412305732552397,-0.3731385778432001,-0.1934417339084071,-0.15809355076998782,0.1366050369106452,-0.5794233978505469,-0.8048640079249875,-1.0234783213985168,-1.181800020605339,-0.4443536215488904,-1.07860643502053,0.36792796736821315,0.9377368335222855,-0.34368530735815517,0.23212754642595576,0.9502042732468404
-0.47534777903436953,0.0008709048137771344,-0.3688670426198559,-0.10508430073451681,0.08193604326095756,0.19054157550039252,-0.18334078081336616,0.0655141584219437,-0.718402159754963,0.9539303204187956,-1.4094995823338747,0.16025152716452348,-1.4204852213974568,1.6384321265569548,-1.3391409840185655,0.09319549244283898,-0.07404264531447774,0.30106849978085465,0.008072326257816734,0.5229968502577002,0.31614259389562754,-0.06534468415075789,-0.16450154963336203,-0.9721470687339069,0.3484281199952618,0.20188216540262152,0.4503500741319417,0.6747969393499625,0.33697977880323765,0.15889032268597109,-0.24590395242621055,1.0108997207410961,1.996790457697445,-1.2423733832006834,0.6481358717051922,1.4617515939924735,1.5332502424675383
-0.16489938301558157,-0.23035887340692932,0.7480331284066137,0.8486625495515752,1.5865304559830806,0.4447218438911596,0.824206556410698,0.8220502370859364,-0.2119826838990886,0.14983504173441806,-0.5171803149844915,0.9595524377459332,0.37711648896418076,-0.10620384812497567,0.12086959763052159,0.35576322844321767,-0.2743205266234529,0.18477829132711307,-0.025554086605278224,0.5146388250194458,0.6711977542113657,0.586879052321912,1.079518576870095,0.5772508390368465,-0.4913153716181064,-0.8542006682693267,-0.9531668823437094,-0.9960572631094381,-1.1659343591129734,-0.8542066756672779,-0.7048982357638799,0.6589307546005545,-1.8498234841414545,1.3466531357001472,-0.2919298584833917,-0.5079099221591356,-0.2386374589298558
1.2433725228995756,-1.386486390884571,1.6659333839079487,1.190274475442073,0.5972878670719644,0.8951495908845979,0.8307417819923735,0.827370693211801,-1.024756666844028,0.8692527853515554,1.56227946571767,1.730083250045719,-0.44235025859543003,1.435265770701408,-1.5402119510949008,-0.5161006474673105,0.2876543030824839,-0.6197318641968232,-0.25628553995162223,0.15429536143922798,0.6018258709707982,0.8970121891473215,0.3950097113174765,0.5202460190525144,-0.6197544839694509,-0.6471689073840504,-0.7709342224399294,-1.0146413882058627,0.24752529444267454,0.330443558904294,0.2649482869499922,1.26232884725081,-0.1888816344282834,0.9234835557583347,-1.346831496737453,0.5741339083113992,-0.2216568238847256
-0.1565641569387997,-0.623009680618212,-0.9203888399348285,0.9106258965470863,1.3947104970924866,0.6168594105387456,1.9733803128584457,1.9324752071191735,1.0777992999947426,-0.8637959783706991,0.4750081173763145,0.33443217874042414,1.2767064359592644,-1.1807489759206897,0.8556408685157152,0.34283880409060163,0.40424599480691187,0.7452182927210351,-0.3187746100952332,-1.0478995951068681,-1.1104304442695017,-1.2120547154609362,-0.6486226491905345,-1.1683099355641733,1.2474989435089592,1.2260375882649945,0.23906687126326928,0.4263289334376856,0.42123786324999113,0.12597349452732465,-0.6451019113470855,0.2503218431885408,1.1859565088583135,0.3057498394000453,0.21629631731589577,-0.8805822273482862,0.9392469515441892
-0.3474487020875915,0.11706043512618688,0.42275508303227466,0.15964719257591659,-0.5682456608472851,0.5257571294000228,0.02604500678736536,0.420761661918271,-0.6508249474932375,-0.08317143357753823,0.6455974504352195,-0.32166833586264953,0.24781219942895832,-0.415226809087442,0.979213804327213,0.14186995889375567,-1.0623120367002141,0.08133989748127222,1.4367724617959676,-0.38688360466990884,0.28005757360824285,0.7146767809795547,-0.36204567872670973,-0.9051005442907247,-0.5677692402562821,-0.8854019626851066,-0.306228150850778,-2.297912632198085,-1.6268149684950968,-1.5571089922532,-0.6765192607158814,-0.5570350285286645,-0.11521102207505651,-0.46580505335528594,0.17855866588474528,-0.16439868195038024,0.43214079506962744
-0.31549895455019017,0.28484705221189444,-0.23275293896770974,-1.0255276215288998,0.9305695585118261,0.0004392787386506137,1.1170477103620522,0.5416795333455987,-0.5439720727284582,-0.33120597998931894,0.35327207019765916,1.7842696761203578,1.1738212142654154,-0.4887015398022831,0.6029588851396585,0.15012619577178027,0.01622186675584158,0.7093956541942401,-0.19788177659823533,-0.2581682414883119,0.058851653708118845,-0.40922121110700627,0.4038665882822589,0.3875093915679234,0.05216929991754139,0.28305484463315084,-0.07760107053240968,-0.3879371960641121,-0.3495501012160184,0.3027815003573544,0.28413217024356385,0.4760369179161845,0.82704298020464,-1.37023148117103,-1.1373486479547226,1.068382291473441,-1.9328967075704744
-2.3116408192395843,2.7690803800128077,-1.8300922130767698,-2.419789118926222,-1.167409283365375,-1.2667283963156024,-1.1305099813586634,-1.2592822899516487,0.2508305508469858,0.06290281011924508,-1.5005800220611245,0.6181713842885994,0.16381581439291718,0.1237660610037427,-0.8021250143011875,0.052567573711999195,-0.33798370171428377,-0.007465038026895546,0.19731239553346724,0.8214652448882742,1.0387374030209353,1.5458539277900976,1.5148380557328407,1.111357283149643,-1.2045115089069993,-1.3786504862316251,-1.3099049348479652,-0.7930723150525252,-0.4991157481750229,0.011592939933500532,-0.11746704603830645,0.2862882935657692,1.437387459894483,0.7390917404642271,0.7018256880715963,0.19340477219458213,-0.8426430839282434
-0.5195195600745723,0.5079261494335895,0.12395217127008488,0.6131170169316126,1.0294961168705254,1.0764473858230037,1.2115885351868376,0.6673099980435099,-0.658135854209093,0.8647014651286167,1.8155932578267548,-0.8787144641871829,-1.3271210254054981,0.884201850108586,-1.2382879642807663,2.233998874846928,1.4557226594567307,1.302666504423501,-1.7823121877880899,-1.383160903325345,-1.6537887094165158,-1.572984203938252,-2.027052188649346,-1.4406279378336055,1.5029894744232057,1.2104029140341783,1.5787139418922391,1.004256642662631,-0.1643482989586101,0.10611500400895847,0.8321324347759559,-0.6110809115988164,0.2385148407869893,2.7717396084230326,0.6492961661092583,1.2688185154889107,-0.058684457040637586
0.623976902326273,-0.10182351138231446,0.6353165811588785,-0.20315557087544292,1.0363227182576944,-0.7877871727724545,1.9967963866306515,2.0647439440233604,-0.09342921802685446,0.07932321279669034,0.29565623258197865,1.759250933027979,1.3105699039249084,-0.7402201663116518,0.010451693124416577,1.149288353840448,1.509604522857958,-0.6643301227446403,-1.5946351931087237,0.7056239530583324,1.4412678825820666,0.9797890607510291,1.2577148042152646,0.7864359665616054,-0.9199018120551028,-0.8863925677823886,-0.050104343355339094,0.8138770769324322,1.5137891069959075,0.5251458960701971,0.23885758071403307,0.1591408489494663,0.5206021000675536,0.18039869906139572,-0.925326993247998,0.4005107457359049,-1.3398777260639803
0.06717022017999161,-0.22535353972397568,-0.5660907948890581,0.9843888594600377,1.315720746700453,1.5310945221857823,0.9087713497669984,1.0113684493145272,0.9681456707883876,-0.6251379929251972,0.3380669120693193,-0.9452201639020156,1.0922900677760017,-1.1285890561527852,0.6015429672646996,0.3202278880259003,-0.35820087192289374,-0.619173936739726,0.025815947348514612,0.26791263312905617,0.4822721340020715,0.7158286983625312,0.5805632566899508,0.833249234785315,-0.24157233888894028,-0.0034856522157136853,-0.4572506753000911,-0.762814195338384,-0.9962658352232404,-0.817141754971908,0.029304801602022992,-0.23284897814533367,0.0957977063557363,-1.7828934968028187,-0.7141116560303689,2.2029577052692972,-0.49385014539471783
