Asia,Smoke,Tub,Lung,Bronc,Either,Xray,Dysp
0.32950092921415514,-0.8883952544604123,-1.223645415447021,-0.8252861048322261,-0.9743471165474349,-0.4714495736848344,-0.08710909002150928,-0.7667137874808163
-0.7185992763701813,0.8211841206049184,1.1092407792432448,-0.19538890812333573,-0.8630276496831104,-0.24161110799411364,0.07994334828361652,-0.7956746952390472
0.9540238649117865,0.9815954604026333,-0.1560840015235289,0.8383730635014487,-1.0351833380909634,-0.34315860984724583,-0.702994775567109,-0.4296360758997256
1.2418084406696122,1.2663540110569194,1.2134269298823905,-0.28292458964323536,1.0648133984170456,-0.8921862978870958,0.3106273078136617,1.6174627931498997
-0.4379685080369585,1.1996502495372874,-0.9597109515648742,-0.03184790428554914,1.1026496158101575,0.07038318878878905,-0.3404888102951318,-0.9466295441005734
-0.0008912157266276321,1.1451750683788504,-0.026289111369224082,0.12126946604853063,0.9311791241263476,-0.20671264884217314,-0.514456076079285,1.6772639990910183
-0.034842475199371996,1.0751690391737643,1.0786507288465623,4.241805193232668,1.1902112196414847,3.555495139575525,2.7797331450725373,1.4019077276975596
-0.324070958952075,0.867446221001615,-0.9667951562594839,-1.0141280246769668,1.005312028144575,-0.11518320724275542,-0.7388918272155036,-0.6311468717064157
1.4043681634044254,-0.8110279139378914,1.6285165664229455,-0.03828608372803188,-0.598473116648493,-0.4974628786874978,-0.5206060335259591,-1.2237370426185035
0.854397020155723,-0.7101003756970192,-0.5446267407251426,-0.30633151752872756,-0.9759029002056672,-0.03630807838808463,0.02811084507573866,-1.0094081581460042
0.25622774766529066,-1.0646266796687769,0.11479117038315306,-0.010086144810696838,-0.8647860442779329,-0.23893630211242323,-0.3871028993110236,-0.4257954501717122
0.26340650760961576,0.9835636496466847,-1.2546979753037824,-0.3581173390852049,1.3130929327697005,-0.18006005597595826,-0.11622722635378625,1.8965754206273056
0.7407717471968072,0.9587008588757464,-0.5028914330210631,-1.2618674387228586,-0.8608931379931287,-0.3316264865970286,-0.19970532458906243,1.4834742940974426
-0.30583500925162227,-1.357833917512818,-0.9272662419127173,-0.002749238118030549,-0.4907471412239759,-0.23641034002029418,-0.2191059791396056,-0.4296325940377905
-0.6835931076655494,1.0120956704926174,-0.7299293377754824,0.15854575472102597,-0.7980747413269117,-0.07139699393681175,-0.5634850508077565,-0.48243046759468183
1.5464153428136425,0.7438636535998008,-0.33349893297220823,-0.10457048748854716,1.2910402632756326,-0.4289457066067488,-1.1993996878155715,1.8089562727314463
0.5265972172017311,-1.3507216388446164,-0.5984345506026494,0.4508072100461123,1.4209621996309036,0.19538503049980918,-0.37539128018635004,-0.6166688462301603
-0.15992578920333247,1.1606625854766648,-0.8638290209315443,-0.5356370583747657,-0.6293600365701209,-0.2142556358120698,0.10674135851241986,-0.7789693470850739
-0.10128196988708722,0.7605458840519698,0.009897404786803916,-0.815179058668406,1.0407709147290847,-0.7942911155932552,-0.10556106959045397,1.6707264799735628
-1.3916312776604776,-0.75037993284496,2.4732263103582404,-0.18169201680081093,-0.953754977089898,0.9811982342482255,-0.7298331774158462,-0.6301951749992731
0.0792381829026285,1.2029849374987127,0.35849195413516893,-0.40800260632696816,0.9497120566431436,-0.33821461727316426,-0.6330576899425305,-0.6242325693762493
-0.4936025086517164,-1.302155180130413,1.2442891548133967,-0.40760313395521464,-1.0769258108223607,-0.2658868173476683,-0.2995677574521819,-1.0102029366066143
0.19631827391658688,0.7362061263975734,1.6952795847505728,0.016908937522319943,-0.9063714132818587,-0.506298701994499,2.7480428559836434,-0.5027027928342906
-0.07872915540235155,0.8981527864188887,0.06035759444169849,-0.4517260336409909,-0.8952345648564717,-1.0649696650588678,-0.018783820524932177,-0.5702458546669563
-0.6547607191499726,1.310999103640885,0.08869634969768579,-0.6313502645830372,-0.6595205161658181,-0.02989274638586699,-0.19839847226123444,-0.7261046162318723
0.28784733283472674,-1.0617168096427316,0.552588762306937,-0.9923570540236183,1.0513313944131621,0.5218948522674889,-0.5586682697494442,-0.7644120046701407
-0.4040859784914399,0.7034950829927341,-2.1819675033766495,3.8586077729426,1.163248382552707,3.949594367329987,2.735665025223175,1.5258393917405761
0.7286308773457638,0.9033648662259661,-0.5653077139549165,-0.31762284875639496,1.2503659915481127,0.39265686717751325,-0.5155828917325254,-0.6132386211381147
0.20148570695023604,-1.204311976826647,0.022811788279769988,-0.8098299973896101,0.7890523965788732,-0.04293697268981974,-0.43982604909111406,1.5600934267199107
-0.07287678211163483,0.7500121036718425,-0.042154886868277404,-0.7131907418780886,1.409799814863272,-0.760835016712183,-0.3814925539082229,-0.8587234399788036
0.38020612985536856,-1.0753111947114633,-0.5104865860716544,0.15371617462810758,-0.8220347237190299,0.019529191955325053,-0.6251177421844166,-0.936710612974603
0.02346938122954113,0.8783118425703792,0.6223254414730204,-0.2340125344870091,1.1768449941072998,-0.8722721896025593,0.2649017713402011,-0.6698503915859382
0.47814097247600307,-1.1737788715853748,0.30731804379753175,-0.7421707562424279,-0.7390128571789486,-0.34411221055316515,-0.311719252636406,-0.4843790058859754
-1.008317777036832,-1.1441991842219745,0.4550299629683936,0.6710506488790933,1.1094359078641822,0.05057168662583887,-0.3539481122696043,-0.2167236072155067
-1.4046919497494779,-0.9921812324111348,-1.605484760841356,-1.242346986433256,-0.7693832539297648,-0.1376370060050775,-0.4091107664788896,-0.6573637022507146
2.327013884057126,0.890149813279177,0.5072633863824788,-0.4706347790201484,-0.7698212073588044,-0.29504691329781807,-0.44808925785849874,-0.24325680795868107
0.847496216311244,-0.9839618217571724,-2.2768691184601275,-0.35081638309985685,1.6675368532340733,-0.2918914729026296,0.021376229443019517,1.826757260196707
0.10953656288477881,0.7762706068414387,-2.4065625292358006,4.2387073166254865,-0.9878647525448927,4.0448806937714865,2.3929817493369496,-0.6915755570749283
-0.03312700495321953,-0.958236276699842,-1.1002440423162858,0.2965353532218383,-0.9450686073425222,-0.8935613582549683,-0.35458449782236334,-0.6271258027297701
0.0645803253540969,-0.7448685367301234,-0.23129749911983494,-0.2505134415406484,-1.0445229447235052,0.14617550058262127,-0.26361125507850525,-0.724872491877975
-1.525952050632259,1.2223531185852157,-1.211890616313789,-0.44649837065697345,-0.7574236471035488,-0.6944039788581106,-0.783964878109188,-1.0914028869837755
0.49616982152874906,0.834149139216403,2.8984680217168686,3.54124428944598,0.9555528053773974,3.735861482409419,2.8560022619978858,1.4154353710663423
0.41248329295143754,-1.2015823682886675,-1.3641505710451838,-0.9480083978436898,-1.2646096789071306,-0.41166111936860234,-0.4141174235002928,-0.7703487706368936
0.8984952043282424,1.1801333690444693,-0.32859610136830675,-0.946224297196741,-0.9391382182719216,-0.44572932565517603,-0.5245741413240698,-0.7846066726583303
-0.5623499389919504,0.8651033634384035,-0.6261066555078144,-0.1142459273120411,1.2073504597205145,-0.5752571317060367,0.07343202038040494,1.3057595511714502
-1.3050202552120969,1.0148202862543376,-0.8060218724187337,-0.06730471998949776,0.6643894710712599,0.38450118086823276,-0.11226927765130133,1.1938131828698402
-1.1979533871217511,-0.6843562963762764,-0.7268525140085491,-0.5474317606025753,-1.272953942810511,-0.3419469612687127,-0.39139657400332545,-0.48061047745616386
-1.1365746248903095,-1.3072767994699872,0.44873659060402993,0.2175108155731247,-1.1364494719167464,0.25492413386722684,-0.30912919425685587,-0.39966190794591866
-0.11317439686923737,0.4483854395688847,-0.14772270973126447,0.23970545864444226,-1.0033813655291581,-0.35744359157556765,-0.37539781464513433,-1.2582350419291413
1.228068184638794,-1.186516875314791,0.502921560111597,-0.23683505102393843,-0.5807722708105683,-0.026555656880787027,-0.3936310042733052,1.324376731273671
0.5553575901009101,0.5749843302281967,0.6415723878920084,-0.6574871543602255,-0.5818203431364778,-0.1285516870432954,-0.1210057240200423,-0.6168836562633717
-1.4086623258964455,0.7725814307583989,0.667786915690421,-0.13155939781084983,-0.5958251209871862,-0.027714800450312035,-0.6205822851785058,1.3453394173134225
0.020165061544184296,0.4890153517011828,1.658096048523403,-0.01725278103327584,-0.5867802100530517,-0.8544453092318373,0.06521333975773652,-0.15450229324804654
-1.0763500047073224,1.0910375172701867,0.003711773165934545,-0.8425565887655134,1.2333814448803129,0.15161362933455863,-0.5072038638393772,-0.3837198432803279
-1.3427282202317798,0.648872147051921,0.13774515660668088,-0.19026056273987685,-0.9685780103730658,0.14160859038641788,-0.15612236173192656,-0.4499258856281616
-0.1539269222041632,-0.8930698801388123,-0.4382537903601346,0.6526002686002119,-0.9874305796321747,0.6815595969414779,-0.3099522649781954,-0.9304065842674856
0.9945106826380689,0.965089576479463,0.8446034737179665,0.30773160915738706,-0.7614288058416967,-0.44257032614706765,-0.01816753286647323,-0.634357762093595
0.46910794114114995,-1.4308722907951044,0.44479839652103553,-0.4661558583985659,-0.5030437439057502,0.06388654262840202,-0.24638355618459087,-0.5299100810621069
-0.8280295693960138,-0.6939188147985846,1.9726125344355485,-0.03754411180791248,1.448975612741839,-0.43294705785939197,-0.5679866790026626,1.525384192468843
0.2758681237718223,0.8636507064921872,0.5346105386341878,4.081733626828938,-1.0239210345180558,4.1876681991604245,3.048409238695808,-0.5976354948575213
0.8285995194632934,0.7029882364852077,0.4655420630021256,-0.6870873353475649,0.9177129555368667,-0.4586933871947486,-0.6129399812190893,-0.7523997226747574
-0.22401990138066105,1.103866968658988,-0.3150985811124755,-0.8596727553157173,1.360512722830961,-0.5446049904240373,-0.33898368090281317,-0.5384657602756313
0.09463175536362492,1.1540168630077536,0.47647616514199326,-0.5587027114526557,-0.3998643711368006,-0.11478564744248955,-0.3664679554784803,-0.427170171316314
0.13301569456343548,-0.9327472759211108,2.4680513236258976,-0.3151280248519406,-0.8902362024630901,-0.14718803012127027,0.01154438051014624,-0.9585909870418765
-1.5728387975991311,-1.1251994059199029,-1.6137737627121491,-0.3773359466218451,1.2352703351380983,-0.5669658905575706,-0.7632839532049687,-0.6196051545965681
0.6051797725993514,0.609806399931922,0.814043307048358,0.13880083304488644,1.3239787100242322,0.3120012567558423,0.36215358193536223,1.4399818637537534
0.025289686421975457,-1.0918974962836945,0.0045693695596621155,0.43613547608832465,-1.092027481235365,-0.5545895139004756,0.10634239245953792,-0.415100109648318
-0.3387556562111837,-0.8439352422426531,0.3401676139661032,0.42258994556925555,1.1511969662119372,0.23163675441992246,0.49861321647867546,-0.5058631016954265
-0.021105880915511452,-0.8696818759581392,-0.35874687998854204,0.7914468855320901,-0.7924432688578684,-0.3095071008799846,-0.5799503480416366,-0.3984971183980886
0.6087562246756646,-1.107685551080259,0.5728785411638345,-0.8276485027456592,1.1728956615282806,-0.007094533357971352,0.20873375790325321,-0.8003312002618452
-1.0435994504041288,-1.185356375725033,-1.3196105474363193,0.35460320684773633,-0.5236049397003252,-0.062327086503779196,0.05799638629006194,1.545396667663842
-0.13234404981755266,-1.0756246005548613,-0.3044460977508246,-0.8439559490791788,-0.7759064157669956,-0.21257725955742418,-0.08960840290966406,-0.6144024293661826
-0.18439906237037093,-1.180627734792393,0.07399262022739164,0.10594585252032679,-1.0524108218260542,-0.1593166920412916,-0.24849707572856994,-0.788983277173438
-0.511824001206875,-0.9656473439397582,-1.1186432683875747,-0.05540736252558735,-1.0036973069186004,0.24714789334171716,0.4042744664377774,-0.8196777735141313
0.3523169883057729,0.7987245890458085,1.0323962701558576,-0.7265527597330309,-0.733410667586796,-0.5595649089069459,2.7164036512151846,-0.8563042443237853
0.5742257223233281,-1.1739522687612536,0.5486542536945518,-0.343789391834924,-0.8503026833583603,-0.13419564984125124,-0.557042288775932,-0.589268185518856
1.1194691165243769,-1.1624627080521617,1.1618478777815038,0.4216853620715142,-0.988139566104039,-0.8021258420897737,-0.22712307314672672,-0.7522731742604043
1.3799816777581126,0.9473156410250348,-0.7909763679025551,-0.6774799457988403,1.3506588432284725,-0.43379541507409913,-0.3071793762688409,1.7221837029763778
-0.4320395822694298,-1.0196048667819744,-0.013776855137646031,0.08312835209660889,1.252604904518382,-0.28749589123246727,-0.3010323805982198,1.4366074393680475
-1.1970563977453772,0.9907863487152753,1.8744982740178724,3.587216066046548,0.9847083391308322,3.608621031350407,3.005319907187219,1.6130546224662503
-0.18119067253274243,0.7614032120630456,0.09399913344645905,-0.8509452839987132,-0.7996416225098193,0.1674163094926987,-0.7088153940979188,-0.9641804613102798
1.1572853119912525,-1.1300079350575827,1.126370458897913,-0.26479830980399577,-0.8596300231881889,-0.013071882864152609,-0.5949330182439698,1.5450823407873409
-0.3528936175447523,-1.2682937707750541,0.33647391744085137,-0.3102191929052776,-0.8586615878448288,-0.7000726865550144,0.172779754090259,-0.4459301904173854
0.6834350471728368,0.8809267295452028,-1.7080113522365366,0.610673449855921,-0.8398178506696825,-0.507812255597344,-0.19150673636380755,-0.3834607931072142
-0.0768472744730467,1.1899955369919741,1.0739907947199847,-0.6480699211353697,1.004202733486026,0.20325992940775373,-1.1620537011135343,-0.6666697106501649
-1.1610285499513255,-1.1036270114884794,-0.29299937570465284,-0.34966752613854485,-0.9363009011871748,-0.6529756266236139,0.39003406969308985,-0.2328103139471785
-0.954042898529205,1.2492215839217433,-0.39256463871233654,-0.14712835827456613,1.1241310890296157,-0.4707024697185146,-0.015643338772250905,1.5436603310857697
-0.42610420602524923,-1.2651906340762495,-0.8813911050603491,-0.8828399971382903,-0.8254148348210015,-0.6944488449316175,-0.40313243470006976,-0.3397975128538082
0.8645274532923783,0.9342263442374684,-0.08353638195246595,0.5803224693229284,-0.725519892620308,-0.332374075129751,-0.7630332199893172,-0.5497941663514098
0.5795961066522934,-1.1338891749918643,0.290691273022544,-0.35188181396888574,-0.8639668915133242,-1.232505202408265,-0.3895549153018887,-0.42599913780576315
-0.5453604969179728,0.9507728810848213,-0.7452240131307023,-0.051036907308235305,-0.8703493075098877,-0.5871739706178786,0.09250114499073081,-0.4346976076437901
-0.5249551580149745,1.0376509435019132,0.5342581737332759,4.221312701817114,0.8037448340957045,4.390951979774335,2.6039125205969778,1.4396084573709798
1.972430070804408,0.9994246595356885,-0.3795626760893529,-1.1171593673234625,1.4095624741720298,-0.7563507816564242,-0.6319757903805341,-0.7057975103678369
1.0317331916460684,1.0913961792708096,-0.1535298383477165,-0.07270627324012333,-0.9457543531256369,-0.1375720414195751,-0.298027872026031,-0.4261280762553444
0.6857625789154178,-0.9142601221418817,-0.3558450598627983,0.10743552905903513,-0.8458820690795301,-0.646629214212074,-0.44584675344166613,-0.616337670232874
0.6418938829632951,-1.0464528033328702,-1.1936077061081218,-0.1772312536672478,-0.8055289622942937,-0.11832606864860196,-0.03548615769471212,-0.4153395845996991
-0.516717876606102,-1.1308632914801269,-1.0264214339562892,0.08956528558261408,-0.5432131859262078,-0.3270714526318588,-0.3956488462213113,-0.3190005157045349
0.3302526108961127,-0.9255264905183842,-1.1755217076467128,0.08121842441464934,-1.0103333570206907,-0.6683429777811423,-0.42831898669575313,-0.7605302191721589
-0.22975693315378146,0.6593644549972809,0.9511399162012038,0.26777091398629604,0.7540291020256525,0.21197807081153844,-0.572147185947502,-0.4501761735495741
-0.11180827822019913,-1.0050287885193219,-0.18049741886379186,0.30285888910040515,-1.0713177531893538,0.05753274242797859,0.020790874736540656,-0.48042828268026494
1.7312369774285894,-1.1138497557656535,0.9496446537520297,-0.24489183480183113,-0.5855286116463789,-0.19897332831096293,-0.44106691960944905,-0.3535709381371401
-0.43766433097572405,0.6648776495890161,-0.5086862803257831,0.05641372516364261,1.410009294710745,-0.14945881815635642,0.08804931498244514,1.2244237022873086
-0.40046798115457144,0.8842182681833514,-0.11071622151471233,3.9893648921868854,1.2722814000967986,3.7861126616837915,2.8237151542615697,1.5068744749842233
-0.7721555377011077,0.9183458320401126,-0.1395040181740352,-0.2694035100968391,1.142799229813516,-0.1642341283328735,-0.4548430161140555,1.7903546771695644
-0.9597533030917129,0.799850763197583,2.7527424640297284,-0.6321180610105871,0.8706320930367875,0.11030521835316563,-0.9649639285266152,-0.6851300770892929
1.593479841452804,-1.3120862575640415,-1.9580800662727238,-0.8237530713096302,-0.6513443595420472,0.272952727397108,-0.4797450340860651,-0.48755438097202136
1.011589180719697,-0.6619021613279497,-0.24107784106449628,-1.1571232707014236,0.975308952323741,-0.3736288433600869,-0.40107879589640144,-0.6749307366396369
0.8026047605655852,1.189186438320015,-0.16721749128592941,0.2556370516192113,1.2068186343977294,-0.16888792590696025,-0.039619464154968746,-0.6189781330230971
1.5256973656490893,0.6598659963042162,-0.5070282831047614,-0.2533802483049506,-0.7414909471382325,0.3326208917572828,-0.3283392038704204,-0.9404562620644772
0.5897542839000975,-0.863338282960911,-1.9184046604188292,-0.20238943599589496,-1.1401797206126338,-0.4727454426830435,2.500602811419157,1.690661886943157
0.03087978444491774,0.6896837702820037,0.8732347307572219,-0.7965880950546298,1.2014072533375746,-0.5349872153205893,2.6671872448775034,1.6250546034090763
0.3424912480002871,-0.7497783238987182,-0.0787572026322773,-0.07347133455430356,-0.9138040898323351,-0.11992951827191425,-0.18447144286985478,-0.6556677219258426
-1.4482267754685911,-0.9459678593558043,0.3632627006955209,-0.48343648592966076,-1.080117967993334,0.41926566463289805,-0.1683568933837885,1.4673032183067185
-0.9347641552323852,0.7801742692876926,1.291224582036222,-0.1436070217050826,1.028404448587048,0.01663078452471944,-0.5733472787577244,1.839427381097323
0.9827439306027382,0.849487690945477,-0.6193095425228449,-1.288703414054333,-1.1188542415278162,-0.7539588272056235,-0.27884478618093506,-0.7046964488876203
-1.0951853003135217,0.8856642929833087,0.5025275497263322,0.01852068403860352,0.7633937155336494,-0.24921965384978773,-0.7497973997639903,1.7105518283284384
0.5448034393040874,-1.1858635359395333,-0.7552101735089032,-0.39247582092809297,0.6940270417034934,-0.05576301288245323,-0.40539148275324083,1.7252753381312815
-0.9050187153326843,0.8197228499937241,-1.4877433089934102,-0.6181146054538837,0.9043747139646362,0.21927736193127795,-0.5373291085710915,1.543292310843037
-0.3523344910262857,-1.2583373186953204,-0.16388046244701024,0.048132510934460894,-1.0650654139512874,0.14140787707964803,-0.5843021638530874,-0.7384150070024337
0.34960246283465024,-1.140090889193319,0.03978534200723571,-0.3315700227157739,1.1619732237929024,-1.187881127269967,-0.8882242492508621,1.6490815982526283
0.7396745637966452,0.7628729012892103,-0.23879567029267768,-0.07834608890904395,1.2727345118705442,-1.0407516589247896,-0.5955661287898805,-0.7060614678509926
0.48241770737722867,1.4280097404474443,-0.22294500165506267,-0.7854402924125613,1.2155810716928348,0.35472199446222585,-0.28727313624150136,-0.8295495517003865
0.678689518877387,1.0699929707713192,-1.0124550818240579,-0.04231759611269303,-0.6319154976958886,0.2967532404514618,-0.3413805892922561,-0.7115467900375372
0.8860714042129916,0.704401523782704,0.43648614626977056,-0.770086368985106,-0.6185359911023683,-0.30330298996311167,0.07266223243983437,1.6222887193466122
-1.0011400554863619,1.2184928384884353,1.537210857999945,0.16580164064493483,-0.977420528626482,-0.3232926071162053,-0.27566995252284077,-0.7858955039266748
1.2442402491228874,0.9686846188389212,-2.671721653338211,-0.05979856956631128,-0.8962072199707711,-0.2269928579386758,-0.4350947934064729,-0.460916432347938
0.8032156167965906,-0.9554149702215177,-0.33305591852588895,-0.2179852920656583,-0.8239658973420488,-0.5301612848821076,-0.14122513964750244,-0.5355605224523163
1.127252621919819,-0.7657036150560581,-0.6757024321679607,0.14004414895961653,0.9497574312437195,0.094242726051823,-0.4809934599282131,-0.8546323973776784
0.15657751310015083,-1.532496226038312,-1.729570155448295,-0.2745606990856793,-0.8116213332097248,-0.3496732662512433,-0.8106138673266259,-0.8104570871566809
0.24218879844329558,-0.8971280153256496,-0.013435268628369903,0.2798823663876769,-0.7497522634350355,-0.5072521188508112,-0.4077663586620694,-0.9362909790200761
-0.14237686356534546,1.1575135642562753,0.6805492104355516,0.38175845576258766,1.077062412062569,0.3651834449814974,-0.3807230903209582,-0.31796744385782694
-0.07592788054493915,-0.8726506965916848,1.4618950232556374,-0.28118236831858046,-0.7849161809258112,0.34133165535474796,-0.36202150254394033,-0.9186575694512925
1.5913097005055101,-1.1023022981064243,0.15966600262699515,0.27953868246159524,-0.9473471109938788,-0.6157722521033264,-0.24207899455497725,-1.0202291485566013
-0.2808218050572491,-0.9628322354747503,-0.264441000377779,-0.8421481690593712,-0.5146594322196841,-0.1526222650481843,0.12308085015107131,-0.6904567069254242
-0.7368233399150979,0.9930458129330569,-0.21085753264926482,-0.6901957600414211,1.425281439262796,-0.45508429964459535,2.2098626121121643,-0.3488183275166192
-0.4474728306354752,-1.1292400049197553,-1.7438274966369665,0.5225925797770762,-1.0811185331970523,-0.1714118137522167,-0.03773502072394301,-0.5438047016658889
-0.1050371113570799,0.6085005967433559,-0.7984210318479004,-0.12277336215670766,-0.9824466225400428,-0.11102429472005389,-0.10933848320751854,-0.4274761734681438
-1.0034189836057965,-0.5820409461005928,0.7618564053526796,-0.2015210011381242,-0.6137899964782781,0.7899539141397756,-0.766972574581264,1.4681245922789772
-1.8908089150410363,-0.973053842294682,0.36408652793665386,-0.2170814923053787,-0.9563910349317489,-1.0498517707689967,-0.20492570825268472,-0.3214416009828063
-0.5142592845203902,1.0263871695947648,-1.5487010613326753,-0.010826165586789819,1.0592853836636116,-0.5134872724116932,-0.5565891692465493,1.431911032627062
0.23543008399409074,0.6844990889186985,-0.39023970199262764,-0.2180412103275559,0.9206677968972076,0.5529450279510062,-0.5854727939502036,-0.7785229304956768
-0.8125245142714317,-0.6597297953047717,0.5495851243679483,-0.5899842946909102,-0.610510474707345,-0.11213310061961904,-0.24098851446770533,-0.7086208111879024
-0.6362467816341704,1.0064279300494081,-0.5366235483818027,0.5540951034469377,0.8872239179373809,0.44438481850131745,-0.3552963951263039,-0.5701839129137348
0.5825488000060203,0.8175519133868325,0.8575869086323885,-1.325855602525196,-0.9692490501775181,-0.5808486226122995,-0.7095308415097059,-0.6807592392088184
0.23798435446045146,-0.873542648479611,0.24090537968901435,-0.47741970745451645,1.2090491978723206,-0.1439762592507768,-0.030466699047789623,1.6837078081720653
-0.0356242765595699,0.7654550172972342,-0.6433288764508794,-0.42925888051883526,-0.8897461769448285,-0.08406599236112726,-0.09897030053561791,-0.6455164272935617
-0.04667696736976411,0.9684855672239082,-0.5077548153261284,-0.5853305410305746,0.7917263856769741,-0.48545481093975856,-0.17403241749129486,1.3653775052029071
-0.24223877676050837,1.0315326633101511,0.5177151352660082,-0.6493795104801365,1.3324204714490928,0.27402511311233585,-0.6711804983614499,-0.811735922703169
0.8582054992186751,0.9118705252370195,-2.1933412855892715,-0.7824086539773671,-0.8768015824894194,-0.680437345793778,-0.44899029499675375,-0.6275515261554798
1.0670383500922722,0.883851683016085,1.063644893768671,0.3928740446867819,-0.5460635824273352,-0.07710495948518724,-0.9296608202583441,1.615708954623294
0.748314310578623,0.9247065568196017,1.7284745287249457,0.1564719302947147,1.2481907623175361,0.25695217503853124,-0.21738199676680903,0.9803521132652538
-0.44349965414907666,1.1741116403555465,-0.7963104331085484,-0.2936667070029675,0.9313152891584766,0.5476348733662337,0.20072064024299602,1.326451725895754
0.0543441265592656,0.8077483205744929,0.6109587204577,0.01097633430149852,-0.6683664668223949,-0.05745063226485026,0.5896056293626641,-0.8556370781233481
-1.3764909023000247,0.8638256248610099,-1.54854668819711,-0.8209612002347847,0.9398645816140293,-0.5800677220299338,-0.6168346557570743,-0.5230461416494613
-0.44892919095855083,0.9054978066365968,0.8872495023919481,-0.5192334010012334,1.0845937028264374,-0.043348038687289675,-0.9229242278222494,-1.1475375763653684
0.20746186812421716,1.0365243337639465,2.0446804190372854,-0.1351166663022771,1.297588218638247,-0.2772273496328148,-0.22859116179890704,-0.27587646934655774
-1.69485663451258,-0.9299399235257657,2.1152810994619546,-0.08361701275607329,-0.5035813296981042,-0.4579771696102306,-0.3307114187595564,-0.6273087768209927
-1.7669399399393442,0.7125930468681716,-1.0824895448482188,0.1407786705133114,-0.6564922954215383,-0.06073525579010853,-0.06518754539126782,-0.669830478345684
0.8665545232606164,0.9422388792373845,0.05985678411493066,-0.31116859092564253,-0.6933641581383629,-0.3712929456408667,-0.017944854680528168,-0.8780570106196383
-0.9054092021383022,-0.8765149094031092,-0.08498020698855538,-0.3894110748739653,-0.6529751526520661,-0.4488297633320579,-0.3828621135221479,-0.3335321949107201
1.126252298097172,1.2473253337903967,-0.27648422895519265,0.31057668982412656,0.9501504156259698,-0.5736976605966009,-1.049735522287559,-0.27466940902270126
-0.7244764320058978,-1.0353320086349649,-0.8979408921265752,0.08804845113223146,-0.9016045926182973,-0.7395181259235655,-0.1837964247749341,-0.942930109112314
-0.7040107667868426,-1.4217327375647348,-1.40606228359548,-0.12662574626394185,-1.2137248380233432,-0.812998647295767,-0.3215069950070357,-0.7514556210216268
1.4750420834277786,1.2983480389294282,-0.8559940749671766,0.03069478982243207,1.283747779791331,-0.4447531338739649,-0.7845950014200401,-0.6371658002268016
-0.19220975185775185,-1.0956683350080507,0.44018361138909806,-0.5127541843007687,-1.0541116882962822,-0.15031160495729298,-0.20106871821352107,-0.8876285079349904
0.6556599147318296,0.5950735831285832,-0.5692953356815443,-0.3080172238071428,1.0115821873602096,-0.4312436032059071,3.3608865592600674,-0.8175540531633034
1.820975280878812,1.0258148630405848,0.09368093115108571,4.152310578354572,1.6335335327317384,3.5574200955048703,2.43311422175701,1.354201511148922
-0.034340666955205795,0.6037972555053923,0.024713232478687452,0.5028991337480644,1.166302588526628,-0.31773829834820444,-0.5124867044428976,1.7098598206845048
-0.6950980302862168,-0.6503806136546153,1.9152244411605155,-0.09412285669187224,-0.8300779967325582,0.23373191716078776,0.01876516478207343,-0.8078972529005203
-0.46461381770995436,-1.2686555155259276,0.40728854523018077,0.07619051833657155,-1.092992216760882,-0.3854616107906672,-0.7386055311583009,-0.8278612094355307
0.36526234142189073,0.797409470588445,-0.29498371550415536,-0.8769942578384413,1.1732923938083937,-0.21421890753228484,-0.5468495070620284,-0.6751791665953033
0.0797561818269304,0.7815296828103605,-1.457805378007654,0.5494490584506578,-0.9522146003705112,-0.23609142896578342,-0.007273551436332822,0.12461518590108786
-1.017517917626765,1.0282929304325603,-0.6973450093559683,-0.42468851964942,0.9950837216344506,-0.6648569875701036,-0.3335782836951611,-0.9517007211526596
0.6700744989739842,-0.999911388969382,0.42051509099410833,-0.3945208431352344,-0.8999486769729623,-0.07593425081822133,-0.6817874225597885,-0.7115276427063693
-0.7211137640513936,0.7667592158065236,-2.084581464791419,0.3557123341446833,-0.9626780576279022,0.28903801081958075,0.010699687105796314,-0.9111518234367884
-0.8973189183327676,1.4401211200950448,1.7347485367063349,-0.21390539946727272,-0.7772582323175297,-0.4586582028271901,-0.18668375328008477,-0.7887933601326803
-1.6242821834595202,0.682666438207306,0.023480118505568585,-0.6707932344516653,1.1233446499216804,-0.6436065751771677,-0.5634091680747085,1.700105351791179
0.13149822169719996,-1.0125290735007493,0.8721445675572506,-0.0011047838264881614,1.4207199670231705,-0.38740369530782215,-0.45401798961252027,-0.9144020425907184
-0.38946833615174714,1.1287668721835322,1.2886494934813584,0.1982201983795283,0.784113647121498,0.2556038639634481,-0.8909648699758825,-0.4413261590094098
-0.3423390021836536,1.077600123155351,-1.3155346129824834,0.28583841210355704,0.848784283837248,-0.47433058438450376,-0.6303183329908196,-1.011884694852721
0.013703764495331458,1.2929223439436839,2.6408974183615697,-0.1604382621328023,1.355918719752441,-0.09904964595817285,-0.16605019277163136,1.4429812295840045
0.09114035333505001,-0.9057722855382073,-0.5696378896296242,-0.23300939837310833,-0.8392938750474318,0.14861326078872997,-0.6513882758206027,-0.645607529781086
1.4134072734239866,1.1676517394854937,1.3373132391752514,-0.19065673811693518,-0.7647599935968245,0.22188709320352454,0.16312058886706848,-1.0543298053348629
-1.0721627429991907,1.1960185829341645,-0.27130400568572854,-0.4799241996376486,0.8901960427750235,-0.4270581186989665,-0.7556988427705039,1.9663963934139521
-0.07637402329834113,-1.0219505043442452,0.5843791067825266,0.19906786588498235,-0.6420079554770363,0.2516352858442231,-0.5164208233557828,-0.6985944418929901
0.5331630315351609,0.8376216677214877,-0.0024380865068394366,-0.03511319649339881,-0.673576089356348,-0.9365721058014922,-0.09910326872689872,-0.6847966882222295
0.4857427761280259,1.0921164928830946,1.593272465704919,0.3615824523837992,1.4010778467053357,0.4058434598620559,-0.23040491612946107,1.523504202842027
0.6130918313630921,-0.8678021277909508,-0.30313556053609714,-0.032595274597535626,-0.8347102672949732,-0.5516237850679212,0.07944725540040617,-0.6226463640105582
1.5186868879899735,-1.3278041503054934,-0.5481896161991802,-0.1872465419220278,-0.6043915325852904,-0.029300516016173506,-0.22448323268210874,-0.877006122817425
-0.9500964005354277,1.0034501677327066,-1.346852505279543,-0.4218161940317536,-0.7294169781107402,-0.6051275945630877,0.1771078996730374,-0.3712391923031945
-1.2693009156937578,-1.1925646288560856,-2.25863227031546,-0.5259934780356038,1.287108026417198,-0.36824924324887515,-0.17786205360465435,1.1891113556531412
0.5554535128907393,0.8322129989937256,0.014652816340367336,3.915830239999035,-1.0775960002716396,3.4909561732789967,3.0807460484518674,-0.5486930307247883
0.7495843817440667,-0.9472971235886193,0.1440697828223451,-0.9180059216117319,-0.8809261978404469,-0.2071808499730546,0.28495840829418234,-0.48674895963742737
1.1238793855019484,1.0571137214563653,-0.7010556954587288,-0.15214091965136425,-0.7814127825196867,-0.5871381444444902,-0.43998503622918694,1.4723183035266234
1.1774489434043989,-1.416630709842466,1.195491174339535,-0.5900687409060427,-1.097344007894395,0.2959414978442636,-0.09378366965877888,-0.36466061774291597
0.5575534348242864,1.3424343670478154,0.5553412867151508,-0.2658286868425132,1.2039241277591488,0.3224147458432197,-0.5624853950026372,-0.77474810698394
-0.29703618130561327,0.5298847532036823,0.13921027502939629,3.1706917903238954,1.146983323491038,4.332061832393299,2.63270020860151,1.8773454518635884
-1.1838782253599784,1.172959018283779,0.6705051456405703,-0.9138600942837616,1.669062532316007,-0.2223333500474353,-0.5929125272962923,1.2139021775784784
-0.22853883610640283,0.9156648921424051,0.10415766503870252,-0.3245498968996741,1.26094976724085,-0.35730393213717654,-0.920876181581914,-0.6666494478118579
-1.8823728502489443,-0.9416168076449861,-0.966176523031528,-0.13292873840573846,-0.5696822016735713,-0.5911358335710304,0.008362475527770476,-0.7277467586788147
1.2911016059613574,0.8692767161093107,-0.8288589741395719,0.0847546839041171,-0.9134215092878603,-0.5464216504983807,-0.46896810177707743,-0.6441155956316089
0.9745647850704673,-1.3880162961916775,0.025446695106702503,0.05885311473366731,-0.7898154168997417,0.3500835938714545,2.757539986922141,-0.6742191612386823
0.39707853719065783,-0.9912655943299485,-0.3836050846632149,0.013661013059026629,-0.9559971228813761,-0.45046154673387834,-0.48452276355799906,1.8076397269847617
-2.539712956607619,-0.9334554244894129,0.03651774554540714,-0.8992491450394139,1.1974024767877356,0.0024883100053770413,-0.137903392140002,0.9461458269494322
0.9932092015943621,-1.1545881704630512,0.681813160456543,0.10712450436268961,-1.0000323131439732,0.07946061747312311,2.661041521901707,-1.0800944614999173
0.8402238016468435,0.7892998533763093,-0.8427091965817191,-0.3682918882726871,1.190038018806216,-0.21963511201035005,-0.15079650064338038,1.2284431541508885
-0.6308330272714504,0.9178911352384002,1.880132680717574,-0.2481004634924294,1.349738985553564,-0.1797022582450087,-0.4707727225634055,-0.6875931984968612
-0.18880116260564445,-0.892861988904582,1.362472516262962,-0.05135304912877104,-0.5946292530937999,-0.5978205267552906,-0.4493645490979209,-0.7903250804166191
0.18306958122361539,-1.080682176172669,0.724554667489383,-0.5876613984423608,-0.8193630967414004,0.0904612900203818,-0.9612990157378491,-0.1781359260534942
-0.27716043497818216,0.5454049023476877,0.15901095656424163,-0.1869121990801805,1.1204733375897513,0.21728435018762804,-0.08896200078800766,-0.5704440978463047
0.28758541772150314,-1.0310054644173632,1.7590498105080807,-0.8154487669322117,-0.800383153540575,-0.16867178834557295,-0.06854399970641131,-0.8160417835384262
-1.4019586905850892,-0.9800445859650752,0.2808260336165432,0.418154154127194,-1.0773629319986282,0.2854198896840781,0.4134503701846603,-0.7157813275778128
-1.0532951359757834,-1.0900508983228734,0.016468404930676226,0.03345812470733307,-0.9439881894970549,0.4523199843750533,-0.6664299624966343,-1.0086408987201307
0.7932213008887131,0.4967074460855504,-0.1993252833424583,1.0946596305265888,1.13419466965795,-0.6628203234556378,-0.338573381090817,-0.6454480428425883
0.0646269240577137,1.069742706938751,-1.0253455630051418,0.5004063785068819,-0.7796663264833111,0.10710365066159867,-0.5155846472895621,-0.3578064706763352
-0.2570603126039383,-0.9564882389259126,-0.920478131089116,-0.6150567974932153,1.2717499083908403,-0.38063091086596723,-0.5855743971242854,1.378225622771893
0.4791930550851558,-1.133379205503852,-0.11377850432533812,-0.19456435419944204,-1.204455504865601,-0.8088233528492333,-0.21648010672713133,-0.7930627496173177
0.7547257032833783,1.1291643659656183,0.7140642031066026,0.5553483864992151,1.1202386047820025,0.0746357717594142,-0.5020166446431306,-0.10699070676390815
1.4685706509478889,0.9428421786420343,0.3850510809775683,0.36401074901681024,-0.8567197381242889,-0.4694003850815942,-0.04971578846243303,-0.6176472041863879
0.08183521475346622,-1.1734236952694417,-1.6966241457414486,-0.10268611718552058,-0.6500473852481453,-0.2898683104661597,0.1247175674628804,-0.7859398007101958
-0.8713601437076879,0.9274063479085033,-0.07909244145795578,0.11913102229096578,0.9843286026733641,0.37434906497199594,0.2892413264924611,1.5081605889649359
0.9033506157335105,-1.2167836567727035,1.0662958760717,0.2343587531922149,-0.6582044116791942,-0.20225465477454546,-1.2369940708842269,-0.7725622787036733
-0.5411351215672975,-1.2015173062324969,0.12354481859937683,-0.3748976981034978,0.974575633425079,-0.6369969553775093,-0.5426793235492335,-0.39327445557483914
-0.5681738229261867,0.8400509405531404,-0.44918254128525165,-0.05994911312848608,-0.7381914236367175,-1.4645516979242756,-0.003925474535538507,-0.3255429871537648
-0.8678807368226714,-1.2003550555960578,-0.4428074742546288,-0.5149458242317297,-0.7838283315478043,-1.0069336494168828,-0.667482968330249,-0.30342339350177694
-0.7739500013333626,1.1831377901099218,0.3541384042886727,-0.9526011637647411,-0.7030134273079626,-0.24480396818523956,-0.46202947148054896,-0.5818275310416708
0.3064366702050402,-0.8725803671165075,1.1682214381860134,-0.031218852855825208,-1.0980423243860753,-0.39314873879825635,0.5919757359260936,-0.47867492447374027
1.7655760585115294,-0.7383708214824892,0.24182076346048145,-0.07556714686408253,-0.8350016969033748,-0.9199546606373997,-0.3151751866902383,1.777009206642016
-0.5208990343098084,1.0209030367965757,0.8450654098945997,-0.5788019184093913,1.0479076038086732,-0.619957655452341,-0.5757562424925223,1.23960394515626
-0.752562190057576,-0.7336838052583399,-0.9030382800362348,-0.14826201080131213,-0.9265983549803125,0.2954930219996124,0.08586757265582011,-0.4486500866400911
0.17666972952827248,0.8954405212304258,-1.1764696223668363,0.6067723111642431,-0.9770443805304142,0.08078846577176399,0.007838131358181647,-0.7539667306283696
0.740314639757176,-0.861532587261307,1.7120328622233718,-0.39583300444986247,-1.0804081027073422,-0.40641903355946274,-0.25599910532320086,1.5291030114715962
-0.3620955623932156,-1.383159784411776,0.4680474571135921,0.6187458562197911,-0.7366195787690641,0.05807247562313418,-0.1432358637080904,-0.5491115247892311
0.6584134217553224,-0.933499355723435,-0.30670774048897803,-0.5315604677741561,1.0876526776937405,-0.06486372167282511,-0.4188013129558234,-0.5669028492849516
0.27910969578851397,1.1030913688383837,1.2716416009794944,-0.16839485059503265,0.879663924723889,-0.33958242189221827,-0.30710687619036425,-1.0294127066289533
1.0103640441107051,-0.9828630676159587,0.3798738510746271,0.366598985214862,-0.9515997751728578,0.04344812239481091,-0.3548452309318981,-0.6741192264206887
-0.6537876871721116,1.265511191046712,-0.3688563883831949,0.08983478411376236,0.7682384362955367,0.29596083370947446,0.005557254984014068,1.5375399277031705
-0.23387158916357023,-0.9325966823412827,2.266840827431688,-0.9334742158867451,1.290180097306637,-0.5756622773721662,-0.32694973730838883,1.4632593443017683
-0.38895815278696805,0.9384821849237701,-1.1193853449205913,0.2268394595952812,-1.1802533308561929,0.02916388713849155,-0.4220431408456649,-0.8863980673049261
0.09676730315520087,-1.3144306174102365,0.04190134879193466,-0.7920468785331068,-0.7372047967346258,-0.580971358893044,-0.46064221672718375,-0.5712887929064031
-0.6540570219258108,0.9292143597084891,-1.4949701514589517,0.0613346220839494,-0.4811204835995466,0.9678123296052755,2.8088718321399866,1.6861315480208792
-1.4304175469036164,1.2337327432290721,0.7705116684936162,-0.4018942302078739,1.3795893630333746,-0.30181551777842114,-0.46282284112014255,-0.5322709291790341
-0.8780218467959812,1.139860209601294,-1.0420430629511883,-0.6371306962059259,-1.0065133220704217,0.12073303402440098,-0.5120571377305834,-0.9244878068385409
-0.5255506541980248,0.9342721036851568,-1.165684405769208,-0.679358773984957,1.5512985622947155,-0.5543877074793655,-0.4209596824373645,1.4375844718147526
-0.3835968958370967,1.0617592627815862,0.9405811079334079,-0.32793984831095774,0.8936695908468498,0.33532115760177555,-0.3503411020720813,1.888790588710901
-1.7884997318046199,0.9786505481615941,1.9006293627169268,-0.3475981206145962,-0.8721113975648863,-0.07262221457182659,-0.4940755390558809,-0.7016501084083238
-0.3192584906524796,-1.1330636769843703,1.2182820558743979,-0.009220182057259588,-0.778583179561671,0.141182102552696,-0.4027588191282492,-0.8010593513601758
-0.523197356003911,-1.0102954818495546,-1.0452303816208341,-0.4086787125183232,-0.9292007389751277,0.6895852082871943,-1.1810348195456581,-0.6731582982172065
1.2699221137009933,0.964298002606458,0.747945447895523,-0.15932859619644482,1.005471077247319,-1.130030129549574,-0.2570529058732516,1.3497400396038006
-0.6754616131768757,0.8431633357074559,1.728749086717898,0.7984566914864095,-0.7851481836127008,-0.3894489624852023,-0.685873720383881,-0.5337325516152104
1.3139829340806977,0.8922638546716548,-2.350850631349187,0.07761235026036198,1.3301300782118162,-0.8566296531568839,-0.2660380396461097,-0.5374569994159091
-0.11539773104706483,-1.1649360339622004,1.0076478048112567,-0.3684223117872534,-1.1195624760840026,-1.0498350890765535,3.171633248956345,-0.5018696208342879
0.008656283352875245,-1.0965483388389694,-0.5207073996767307,-0.6478021003428364,-0.9125701318130967,-1.0792611338831664,-0.5490528450945901,-0.7014060841169133
0.410594793240602,-1.0184337047653456,0.7890056448729783,0.3597879984438567,-0.6199515558429927,0.0003037806895384145,-0.31709325140367706,-0.8454977001271609
0.5107616469348581,1.2682709552284501,0.34104825742255473,0.5958566317995379,0.8368807591740849,-0.676737139518861,-0.055542716974226754,-0.5776687820352086
0.9526945236657829,-1.0136621592733712,-0.8560464663737184,-0.28956164552924013,-1.1288928338013902,-0.6660803674941568,-0.019181488339912234,-0.4467748787737541
0.22046710552543916,-1.346454433685451,-0.3519434051145248,-0.7098244166721134,1.3676759016611737,-0.43902037161487356,-0.6575027930556483,1.522990321575396
-0.552100643196958,-0.7211400949382438,-0.7243110789227737,-0.7822203200229771,-1.2507292666094967,-0.20859862210898408,-0.4950475997478238,-0.9418921128298665
0.8567697965235714,-0.8804526790864219,-0.025301300762271772,0.3661002668271744,-0.6976689800146298,-0.5386732390992828,-0.6430728814749237,-0.4585641757452347
0.24616086969935208,0.9736447395173237,-0.8347993470866348,0.051807494466070886,0.9881520534442215,-0.2382694602793592,0.12797854178667697,-0.7766724074845426
-1.2705094569120097,-1.2160129692710877,0.9862416337879024,-0.09496207250080625,-0.853132369026609,-0.40792092894997695,-0.17024426385969002,-0.8171713210630236
7.8776594575552386,0.7978440927303124,-0.8854118572966453,-0.46569945190637463,-0.901560155626421,-0.21611771880387814,-0.24774876377269558,-1.4279249593518493
-0.6810952681053164,-1.0870452440176104,1.491523274082295,-0.6495747050142331,-0.7958366152083386,0.42724641929344037,-0.7279723655135436,-0.5497722234634616
-0.6769529241530233,-1.1091058782601204,-0.7918780122891789,-0.5049123092933739,-0.2931299803945762,0.1561362001910241,0.02091731660971685,1.6224136403468368
-1.2961299501775494,-0.9335804678754188,1.064028546627189,-0.5554158802502759,-0.6381895001791165,0.09774492299796596,3.35498327681819,-0.7243896310246303
-0.9044039660194179,-1.081203084077937,1.42277801481424,-0.9605535129138851,-1.234122859973413,-0.15851594565223012,-0.45803560115796876,-0.6328579314031597
0.6689225345430676,-1.1184589174403026,-1.8502907687258783,0.6487204746961208,-1.0237091789013038,-0.6370957081188336,0.021532055171159747,1.4338733662549845
-0.1079139818275187,-0.916442943581327,1.0745677007212389,-0.33936933395395114,-0.5292402032913267,-1.0858089711410108,-0.08513420816771,-0.8151111484755981
0.99773906284665,0.968239363803931,-0.6630698913006442,0.07461701963786618,-0.652360182058364,0.07172378397607791,-0.6401191605963833,-0.7386372582454984
-0.062231867152816846,-1.018693832322805,0.7443128582324929,-1.0380466296247164,1.2022348970230028,-0.3166114321027708,-0.5808223326223647,1.3568644493442825
-0.22431821613986822,0.23789208845827103,-0.6911495070513928,-0.5647299750264293,-0.7231573195558121,-0.5314517313207465,-0.387487045056083,-0.302760977502746
0.7066897657751431,1.1165723691473386,-0.49189399941165163,0.02483369633974095,-0.8737623336363408,-0.27748595505943296,-0.19371374247952644,1.3881615059564012
1.0907188492506732,0.9092800346284028,0.6143379875481088,0.40402681507146276,1.339216117567707,-0.782900054170747,-0.182793649405994,-0.45152193308351113
0.6277597773133836,-1.2278658517347403,-0.6473701160582767,0.21245313740882057,-0.9774544152298772,-0.3206597852150077,0.1679650148984212,-0.6448023816093941
-0.6188094991006405,-1.1818812285628533,0.33176228664777674,-0.7547624529086314,-0.8764020948521739,-0.05690385352602038,0.08214205993682044,-0.4909239354210437
-0.6090218369413993,-0.780714036841328,-0.2936868659526542,-0.7142718152668226,-0.8616113998355576,0.40355100995085025,-0.2695252609765396,-0.631826699719543
1.2017789065181061,-1.2899246874437644,-1.2691881706983983,-0.8722301793272196,-0.7546138667540142,-0.12638739386282483,0.1576872492717256,-0.582146327680623
-0.37035084313623534,0.940874316643145,0.11905790896336939,-0.8954640683575564,1.6689716495139435,0.02087378319072561,-0.2556409698735294,-0.5021922843264951
0.4872470576831845,-1.0380677221838701,-0.6218528406434716,0.04827684471716394,-0.7520478697197144,-0.5332700733216782,0.11932307377988671,-0.571417289281785
0.5029642685650737,-0.7390563045756633,0.02426764826618892,-0.06910786719742032,-0.6686961546299849,-0.4978364109602627,-0.30400888857003827,-0.6075135085453729
-0.7953894720121756,1.3927338624315835,-1.389576462099715,-0.7402008197189456,1.3947240539194103,0.1014662886347674,2.4624076188204387,1.6472148746272441
1.0713479035808846,0.9346192774694478,2.5735457637076298,-0.9171961470578566,-0.6915229527374305,0.29035164314000655,-0.044333625078255195,-0.6784792631353593
-0.28277440952780386,1.0271842687451582,0.8096134528756681,0.0495328669900957,1.3408670023884333,-0.6203570718327868,-0.3914125039670494,1.3143739303444493
-0.35645423029075657,-0.8125567831140931,0.10943876496348627,0.8824013308913666,-0.7898237081010959,-0.17089407545422006,-0.2878410595067701,-0.7717193803053078
-0.1036372370990869,-0.7905930496315837,0.11536126187983622,-0.5305095351429574,-1.0095374466687235,-0.38337923366115106,-0.2978645261082857,-0.37776774313936706
-1.0914525740909453,0.8781206432985929,0.14537500765525346,-0.9627557380187459,0.9728103910559991,-0.47909525611482506,-0.5676321328032312,1.5578582470769093
-0.18274782183113783,-1.1189890021329079,0.42598342120793115,0.5151685255087698,1.4585721709621626,-0.9970349812667696,2.9595686295574346,1.4782862547860842
0.06039534172178952,-1.0883550737165197,0.11894039524273575,-0.1378954682810576,-0.941543921251158,-0.5693073331905876,-0.45992941829691525,-0.5841287422009452
0.402212869710837,-0.8441407048193295,-0.48627257634014787,-0.08286477140079866,-0.6387442548698106,0.2899626555004378,-0.3390185486783409,1.4690562164491947
0.08809624684083979,-1.234970567436239,-0.18891793016540592,0.10858407800887829,1.262663060913242,-0.3083962321315837,-0.25324984713243676,-0.8119109084676897
0.4826887571841304,-1.0258276486540066,-0.27037616731128283,-0.35111332120465244,-0.8401707231852049,-0.382410663418007,-0.11665783091542532,-0.7195497686415797
1.167702316594975,-0.7247562730056422,-0.8793615983942014,-0.17184500038494993,-0.9556294560599535,-0.3318911346439477,0.30025444634619675,-0.7006820021251676
0.21832747945827818,1.046144957929111,-0.9872767583375651,-0.5561206074911864,0.8996522791835483,-0.5649747275137555,-1.20467195993167,1.633726047646823
1.5229115283816808,0.9693664089166513,-1.3984555527159932,-0.46789713172407627,-0.917956687928995,-0.6198215060751137,-0.053997884294138904,-0.4602251485108329
-0.9489492046764051,1.0819995630303125,1.5130404687533903,4.744978517651418,1.6993959867874218,3.5955921950179284,3.6564923378872685,1.4403874883158818
-0.5153736697251885,-0.946826084562093,-0.57320084199014,-0.03499669371154327,-1.087128857431668,-0.2952631628253779,0.07793425010089645,-0.6467947403188951
0.04995265173196914,-0.9179124691505015,1.1607116898138943,-0.8885927460919802,-0.712993470163278,-0.3075092488561829,-0.2690917375112429,-0.40651427706242427
-0.9787802777523158,-1.2082272743319462,-1.91204495432375,-0.4289969273630577,-0.5664689997922595,-0.24602075593997244,-0.7363945580218936,-0.7389946897188585
-1.2049497406923098,0.7209814527020537,0.3872597999445516,-0.6885801517177343,1.3551237425120861,-0.22540669445532874,-0.29422622592320735,1.456700024164816
0.5361020080550444,1.0933317181259545,0.3340722492370272,0.03387415922161173,1.0948980810149314,0.03018006703463673,-0.4255606902643888,-0.6340402348898612
-0.2706080212606884,-1.0998543780038321,-0.6791024272926878,-0.006472713936924289,-0.5703636573708243,0.2922575884658091,-0.7104796508003277,-0.3571996634544654
-0.30412025894330336,1.0577371798094162,-0.8938759806289619,4.013417662151362,-0.7661889558473589,3.352803520188292,2.969243346373947,1.8061050986609801
-0.19359774389620862,-0.7452517992641264,-0.1850439397494362,0.15221322194897946,0.7007498115485903,0.8121944965214136,0.14302455657138424,-0.6957461041832953
-1.577870194245344,0.996723265723424,-1.425815425582258,-0.0159618335416373,1.2174074786090041,-0.588074773805846,0.026880990263082206,1.6898681316026491
0.6924205622398356,0.9422523932257213,-1.3977187534901288,0.20551973500624693,-0.880927121563856,-0.7749243834366097,0.09854506238788847,-0.18291648738145552
-0.09086186392848264,1.361804807247396,0.09294846860480722,-0.3588969272004939,1.0127147011716204,0.48644298966694066,-0.5627237526580869,-0.47635641397019085
-0.489726923330534,0.8507105478299798,1.0218066720801404,-0.35872279899471876,1.0570434247464826,0.2762981810894971,0.1746396222779387,-0.4958409820210338
-0.5633564130619261,0.8408958364919169,0.08167134414826141,-0.0674548936883467,-1.0218700555280051,0.10553838943319198,-0.29425146310216954,-1.0035864921693347
-0.7744941134139431,-1.10900733090954,-0.06946203090925104,0.5842301503068321,1.1833462879937764,-0.5461392679715971,-0.25234654124521105,1.440843229435676
0.19101248397131562,1.05380258654625,1.1988667804261235,-0.21090032945651974,-0.5058624492376764,0.18262603055132937,-0.5401754512606717,-0.159157974217088
0.19273471684878854,-1.1735901612514494,1.637787532026689,0.6625557416915934,-0.8343034050370126,-0.40565247114584885,-0.37423215061173437,-0.4807742556830522
0.9250270188664512,1.0518357402212841,0.10324524341963223,0.42164968393997027,-0.8892688607923731,0.23384006968734458,-0.4101112250581919,-0.5418028815614109
-0.14655374852837505,0.9296264105790167,-0.37072261986982596,0.3580091135603681,0.9925862100224344,-0.5042419514888311,0.3370261747417488,1.7269257666309985
-1.895954987615128,0.8302326593485182,-1.7899291116316955,-0.5958426241383055,-1.4443384381587288,-0.25285603116432886,2.426438864929912,-0.6216340527431323
-1.310658140866667,-0.9944658917894111,-0.4078496066664659,0.4232873412457039,1.413804098827889,0.13150351088037118,-0.42206730923739527,-0.20744487534242406
-1.2551421973007237,0.6666663100628158,-0.0802701891445896,0.7357960515139794,1.096813497971614,-0.2721318939812217,-0.767961990562505,1.7200598864327845
0.6749792489454809,1.0944858948893201,-0.619854061103924,-0.49446168026971854,-1.0818338929487725,-0.160817421459015,-0.6558465434097595,-0.8877944785851277
-0.38539432116506056,0.8450815442312293,-0.5295911386358662,-0.006990250807934137,1.1520884411796837,-0.31585077514988164,2.837356292845563,1.303293369796257
0.021983530232985365,-0.981258314239336,-1.484302240900732,0.21292497156896914,-1.0009627635576601,-0.15813484277187304,0.04035480238210584,-0.43539784609543025
-0.032653885038113534,-1.0813730099882328,0.9399568384537209,0.07954258195926153,-0.9492861698623551,-0.527020686355511,-0.9634862276475198,-0.6013864722955087
-0.12278366774632649,-0.7889534157807091,0.3578154119880324,0.35359424891658137,-0.9648045884252359,0.2785258369347125,-0.48480882065247793,-0.46725150154258527
-1.1825362596594804,-0.9647645478477184,-1.9607742935288854,-0.31181051281759753,1.223062579574484,-0.4128694248970159,-0.6465518318148074,1.6985895058523928
-0.13877555743375056,0.8450006738320004,0.0440600296755384,0.8947880641013488,-0.6012246135159655,0.2887036366170365,-0.1856932984215919,-0.5987076133507315
-1.9044022833930134,-1.1431238208642482,-0.4728030908225028,-0.9798695933868614,-1.055176035134309,-1.0212319559998242,2.7687115833238445,-0.45839543769364044
0.7932706621867762,1.0214555026554268,-0.9504433163793923,-1.003626331788782,-1.172931154509097,-0.7245850945366032,-0.5964405447492245,-0.6688837970743997
-0.8401386847229244,-0.9445035086741472,-0.2271669753645693,-0.19642674451133418,1.3605486132023996,-0.6876004558650952,-0.1909165445613297,-0.6375260621653077
-0.3159247196883101,-0.837915047681616,0.8721942104899182,-0.5940974699638686,-0.8635991965108334,-0.07858137673746113,-0.4054417874887683,1.6424248708286673
0.15746060791949582,1.298087498428507,-1.511242257437283,-0.25168370626327097,-1.0062800961897997,0.05597715900867572,-0.8223170686313739,-0.5600249126575318
-0.5443176383400298,0.7972768303312124,-1.4283604719935612,-0.39405850487487243,1.3495972099479712,-0.20626587459193077,-0.12610541447452192,-0.27643898655141697
0.14403219893780164,-1.1196745388718787,0.4648513492932031,-0.4269763237826241,1.0374728715283175,-0.8291454975006468,-0.033505630827554894,-0.7175533376135862
0.08114501673581025,0.73839058329357,0.43388272836574726,-0.5174128754256728,1.108723548924404,0.17004235856370012,-0.07552862312013184,-0.639259170809024
-1.4207949860363123,1.5244715756601017,1.7297359443956348,0.09947931419588718,0.9886028977925082,-0.24310575785388272,-0.48930706273041125,1.7884490607901629
0.1430674553527222,-1.1636468857530469,-0.4630891587930508,0.2650707820918442,-0.513496542832469,0.4411238630999841,-0.08598868878480505,-0.68886244382903
-2.5554987770244786,0.9985050046580279,0.0008046081508630014,-0.14264294364240923,-0.8172285318506298,-0.7484548930679136,-0.14789931531650438,-0.4985241557216732
0.46639780760864374,1.1252171344897195,0.6001826312581737,-0.3711854010842365,1.1226454530974699,-0.1577951840579783,2.8139987999038074,-0.41979356516905997
0.4366166612793866,1.3458486053501337,2.185402632521686,-0.16771249355052062,0.38289688597751315,0.319649086997662,-0.4883629776890666,1.3441735669331598
-0.36595192045513014,-1.097790922287352,0.6083125981143418,-0.8487902367896514,-1.0395209280760251,-0.05276660603097016,-0.12757434324878134,-0.49651818272361853
-0.6652194886166107,0.7496480937473771,-0.4985838278702202,-0.10113607394406651,-0.5360123198178172,-1.0489860965708544,-0.3892284506441098,-0.9211928913592197
-1.3315452969472712,-0.8219739459777466,0.5413933392339002,-0.01405874696750075,-0.6468918505097211,-0.39567968885382543,-0.45494918753820224,-0.16434751627409785
-0.248988253661694,-0.8672067950548,0.008926794042832855,-0.9688027462088038,-1.229458111800753,-0.43704596757134945,0.006763717414336374,-0.4649507709116665
0.644867667631483,-1.203232624571792,1.60114449463222,-0.6017441345742988,-0.7860092756745602,-0.2000831878882815,-0.3746970033720147,-0.3465755713213742
-0.60212558693786,-1.2739739729496282,0.022394632804058453,-0.36694595354828036,-0.1643708439824541,0.0861480117508398,-0.4477239452123806,-0.861700559905745
-1.5071713184358955,0.7404866918691365,0.11632194351135766,0.3922792191066021,-0.6074740233603142,-0.10029973832475986,-0.42099854164526196,-0.5766960226359078
-0.4585165537245066,1.2758057033198964,-0.18454602917834426,-0.23668410068353196,-1.263086944763196,-0.27721159867566825,-0.06134766500236047,-0.8641982051335226
-0.6372513054423037,1.095195303552293,-1.4581958217763498,0.2387319666262351,1.032027382858789,-0.3576949812084462,2.432040997115249,-0.5531987050415409
1.8353385025295925,-0.8581601823237733,-0.852395909028878,0.27106779474530096,-0.8900237849893147,0.3770122439594564,-0.0705921453519917,-1.2676197983723347
-0.8323721918044226,-0.8263780085579007,0.15264340877399257,-0.6262029212066427,1.0120996428534728,-0.9901443805687541,-0.3481801286744037,-0.15897855941753297
0.5608122177077279,-0.5832563388254948,0.8755408396590361,0.22613261634265464,-0.4400326261642722,-0.03855434445267928,-0.3788384175403644,1.738715941671627
1.0605581508646322,0.8468749661654176,-0.7112113764664819,-0.14311084914090785,-0.6644783184502351,0.13681484861980414,-0.762459306306746,-0.22331447952415948
-0.5528788435755717,-1.06236200349756,-0.8903532253458523,0.9204090880045586,-0.7802642068745422,-0.5503911861665978,-0.052837689380144694,-0.4690713938755976
-0.20367040074281537,1.1045405558610846,-0.8138210886711296,-0.405627634142335,-1.2226982308658845,-0.7474918106697139,0.23984080319526335,-0.28143237942192656
-0.008429085455710568,1.2649898846538135,-0.15574280761464485,-0.3019513212935368,1.1476612957244785,-0.24782700888010886,2.713856888912389,1.762537362773986
0.05652950314723986,-0.8716262574411157,1.0229253671716185,-0.03950858630417231,-1.0184138167896744,-0.7595413143018025,-0.27462993386861945,-0.6713592427193605
0.00820797369301183,0.9373916949359488,2.558460180458614,-0.7535483972686952,-1.2187163641690424,-0.057259611728759575,-0.43751485060342826,-0.5665308837578428
0.3905735721000847,-0.76009304954511,-1.488436352819706,-0.43213784782851883,-0.7435911468075829,0.125301815836029,0.3594974529656407,1.7221624556902315
-0.10283012282323839,0.7667851775822987,-0.5556200862709779,-0.44709041353972684,-0.6991034472526092,-0.08867203926265863,-0.7312849509889104,1.4228140501821696
0.6167349325170524,1.009139322327567,0.565155594800831,-0.041695935189489934,1.456052704490335,-0.09740424068591488,-0.44049224080074256,1.3195926933819475
0.13313777043233108,-1.486865615646748,-0.17969744977752136,-0.28633993650083095,-1.0958494447289744,-0.5826001281660319,3.0317019401177743,-0.584891848640729
0.019295535270585328,-0.950869848150809,0.09424723817959828,0.31562930791015803,-0.8035698618091696,-0.8034420696323332,0.18479123331976946,1.5962448023756435
-0.512900207919496,0.6959644384281666,0.394278962919404,-0.24949639927283532,1.4457821686206123,-0.3399171281707103,-0.5804750329815556,1.7092756921123677
0.6534968222282607,0.9734308134433961,0.6717120438169591,-0.2164685980136169,1.1825003871875417,0.2897109487417954,-0.12683798396282744,-0.6709329231913802
0.9824066199270535,-1.4720662752074891,2.032663956762649,-0.9096740513622249,-0.9510006392925571,-0.21282047030675444,-0.36620137543299824,-0.41803108538731454
-0.8737723328407463,0.9914040805544843,-0.569392916574748,-0.07817085185586965,-0.8405397102675085,-0.15704058565056286,-0.49132431835948714,-0.7442401940693133
0.16214341134964885,1.1246588083383533,-0.5892447885861567,-0.5618016677397004,1.257067148760383,-0.2093143006338356,-0.06320414603556615,-0.8293664216230814
-1.4295035910220564,0.8365260832371343,-0.7555142812464337,3.921683339732012,1.011460101044251,4.280274326787573,2.6912311766223604,1.5489494517387092
0.062304672634558786,-0.9726043792023908,-0.021256413430371986,0.01135762372071092,-0.9841126227703535,0.38740240971427276,2.7072382376549258,-0.9166477645454785
0.08574665952465715,0.7744445383421017,0.6608078255750931,0.7173333100815724,0.982048105475594,-0.05726148711159398,-0.8652194603964304,-0.5368806735351879
-0.7412145101229486,0.8186084074760026,-1.0868536115216143,0.10341697727989735,1.334432975349855,-0.18602394773774122,-0.588862970846646,-0.2925977971754351
-0.6370124043478027,-1.4324920966097743,0.45608326504164265,-0.6598680690427678,-0.6336160140483071,-0.35459850089249956,-0.13353852181780385,-0.33304337944362244
-0.9900798640062504,-1.121067196146537,-0.0722452211550495,0.438079277691619,-0.9571471523026326,-0.4435133113487795,-0.17248324548626376,-0.7586880166385843
0.05837030233040676,0.6377931693642778,2.193179230405912,-0.7608129761673753,1.0733561325649315,-0.2093047754751924,0.27242296297825014,1.2315931375243478
1.4686249324124128,-0.8629055032880198,0.41523274825937734,-0.6099467202527165,-0.7156223578395986,-0.4972636394150328,0.07206615465984076,-0.8434055436055711
-0.1462425597846701,0.8321810271466857,-0.974311007835121,0.10722673808475032,1.2417447336413374,0.30805487036855184,-0.8727773489152912,1.7454947466582516
1.8704388882108642,-1.098766124064414,1.877423392013697,-0.3101583043112239,-1.0974089404161347,-0.3231336217910328,0.004314477821198024,1.3362806260445212
-0.5214371001156795,-0.8948338986058656,0.005641015738478841,0.042115579579059294,-0.7810973243828446,0.004102420038052246,-0.45484487901437526,-0.5846726099274424
-0.7732977264444105,1.1919190865965854,-0.6248538644720129,0.26825341645310724,1.0906712749742031,-0.11159122706564455,-0.47427910410983903,-0.8530711728652752
-1.4027964321457667,-1.2165548019900103,-0.3178188842858463,-0.11276804887321945,-0.6293394643531738,-0.3815271306149338,-0.5943009304530231,-0.9448628221207124
0.3106186056664611,1.2104085239363225,1.2553536012277535,0.09418468764771996,-0.7023820527328339,0.5116720543221377,-0.21778157406700493,-0.49553125083115596
-0.30614214098592374,-1.2764008575398795,-0.6738960121103157,-0.2046145223794761,-0.8158754643305246,0.606961112275042,-0.2955652534912649,1.7701620132460305
-0.394163483373943,0.8797109213127408,-1.3121308284281044,-0.5092631283115102,1.240079461761148,-0.19261862508492048,-0.028332196369074865,1.5555704226585894
-0.33053221903347796,-0.5914746831023459,-0.09028204389172444,0.2824449754124361,-0.9066285926787235,0.09993825564788951,-0.032960357940738094,-0.5896715477367284
-1.8723651521574998,-1.007082022209864,1.2198683445070169,0.018371712009083756,-0.740236460024124,-0.913475562782602,-0.5442120467902487,-0.5460330922727948
0.25695532982330954,1.1775259401298839,-0.14069828733784925,-0.03217946988212287,1.139776994438604,-0.6070522211321743,-1.0203765560466282,-0.5418057351865516
0.07486761680414274,-1.131259687555505,-1.5991821578796541,0.060862550843521004,-0.8800527137635411,0.03629412833560868,0.25733802442766684,-1.0951637211355263
-0.5978823647987805,0.8996714178947829,1.4418265469015112,-0.8807718988804862,-0.44754001379999403,-0.13915467221002936,-0.35054565926860604,-0.6771249377220757
-0.39507670232837117,-0.8061382484010458,-1.0544395215430344,-0.05728117766835742,-0.9032837426108089,-0.5133687134595293,0.48123415430291977,-0.5443782278765079
0.41320208364310157,1.1625234134044593,-1.4034821078740196,0.5273089419255115,-1.320669646188645,-0.5161328301356173,-0.4631349909126871,-0.509385699773049
0.1093473794195723,-1.0431917329221436,-0.009254847158970776,-0.6071998372166971,-1.1219288095190938,0.10698595767227921,2.9957411207922835,-0.2936795130072196
-0.6675151210671754,1.0757039583681303,-0.2780482134269536,0.29386106203195145,1.337312440737153,-0.10775303378478214,-0.4260731547321163,-0.42781404847194404
0.43910864148287226,-1.144189169166731,-1.310934839426985,-0.32070080073484325,-0.5301316747708481,0.28199999618729105,-0.6657461584823782,-0.8857167107697269
8.623934439545737,-1.2322249688076319,0.5064432461047665,-0.4568005191365864,-0.5101674987538128,-0.5168239212791585,0.0338263542957417,-0.5947553131570896
0.13512887463483736,-1.3950835879366466,-2.176657684177297,-0.292458962271486,-0.7793143536227486,-0.6646664861679152,-0.6584163633827141,-0.5137418377276004
0.3743787541278768,-1.0375189709387458,0.7744422439232734,-0.6887168460909452,-0.8977350177573177,0.49094161160613203,-0.29958308939121275,-0.6073491799196625
1.716795151325021,0.6674890127551062,0.7904967216233132,0.4906159177961319,1.0727461499598736,0.1624599569105468,-0.6253328409844287,1.368857780880756
0.2373809134664292,-0.8548296499228666,1.111520228779832,0.4514081217799598,1.1233114335644778,0.30163796369137896,-0.42693368763588785,1.710629830363847
0.1006991718373609,1.0274833312095,0.42157647761208855,3.2876298211195585,-1.0486358535770164,4.014206024994295,2.2573096287425063,1.6953827806253337
0.6121206009921757,-0.9468069283899213,-1.106488128459753,0.37267080590377855,-0.42763113402525277,-0.13447863900359816,-0.1624364200312706,-0.5911242542669644
0.34936069123634766,-1.0339712989396188,-0.03157955176769368,0.1755378059852939,-0.367047107216224,-0.7792129318808295,-0.3529683941466432,-0.8884492694676022
1.1669790076804074,0.8258465850497206,-1.4250984504329054,0.06437267531453855,1.4792088490714026,0.08076826361129459,-0.2572569169859673,-0.5465099286651335
1.0305232101672412,0.7699531873463669,-0.1080330071061458,-0.3889119204828497,0.9071477631009088,-0.3326111077567078,0.022772938630940806,1.6384627180729692
0.43711089322960106,-0.9820635378808599,0.5203211500975284,-0.5334724689587838,-0.8886153938428781,-0.11575629282114422,-0.23470438376226785,-0.5656446332716866
-0.16563208736203652,-1.084285010055089,3.1264954460560945,0.1759822795344226,-0.7466582815973559,-0.29295279966877225,2.6406575889320454,-0.6626568100750208
0.1664225357200688,-1.3775478530789533,-1.5499329787730483,3.6897824251611953,-0.7871260162156511,3.8717635584590435,3.2390172338055043,1.1977023225788164
-0.6377327439275238,1.2371194655534077,0.13232587700260223,0.16686375503317305,1.5395026012154953,-0.48489434160000616,-0.35157335266369566,1.4579790832482227
-1.5643958936276168,0.8799604916360823,0.8742202635813757,0.02381868262094668,-0.7062047584057841,-0.35225287778025416,-0.5242523040601517,-0.36149054654341267
-0.44209661810293244,-0.9532630516870649,0.16419549396726973,0.40656837716061067,-0.636994041450588,-0.7355349620295802,-0.6890764269510085,-0.5099909221690064
-0.10864391228123822,0.8517124681645722,1.0073417851112716,-0.12291503721332761,-0.817511394234022,0.12920445829053037,2.664262060303097,-0.2971159809105962
-0.6659983603508404,1.0687019706250398,1.421058514391624,3.3821237179269286,1.0691165225612163,4.447460158589837,3.139501518567092,1.4796904268592797
-0.6248912219069644,1.1270431967800598,1.173460853179769,-0.6847531936852915,0.900066511659611,-0.1018991888038782,-0.12558431754250818,1.4522480799344948
0.46405277546232077,0.8019645608163138,-2.089384714954336,-0.3769493958394039,1.148981650989817,-0.3107183684497198,-0.6800979922162814,1.1260164060883155
-0.45501306046988244,-0.8354957071554034,1.2453295194079672,0.2927135531479189,-0.9880913497213382,-0.6765466710019278,-0.1667475604552001,-0.4979038432082029
0.24908942292727307,-1.4036208613657575,-0.8549673357283851,-0.21314510737427242,-0.732108003858402,0.1239865366095436,-0.2760339587519711,-0.5633653369068109
0.006262635126826841,-0.8768675596900717,0.31212168059153933,-0.17349321800024892,-0.8805337355309265,-0.16189301901426512,-0.1704826130131262,-0.5769836178708768
0.23419255595940802,-0.7486558586464755,0.26493189248175697,-0.47048257328520765,-0.6542423614041534,-0.7650972705157129,-0.6561585571441192,-0.5622761358378169
0.33859996234188966,0.6975937598242621,-0.3760952976469495,-0.4526505312758315,1.0409589248232147,0.19745104721566925,-0.10165885500902075,-0.6386336536854349
-0.47955967075526185,0.6771848509514415,1.4075570854007913,0.04522824103049735,0.9977440603796074,0.10410550689459966,-0.342551246272516,-0.6962804378385126
0.2760764375522724,-1.1553221109391008,-0.33745354306134956,-0.15033885933687208,-0.9259270173787616,0.08305497259689694,0.25889428336553144,-0.7967774370212506
-1.3414666538643236,-1.4012164168369774,-0.14623955894127097,-0.4763689017065704,-0.7869843720429905,-0.14051245584459432,-0.8179890939860212,1.126180996817432
0.1688133406006975,-0.9842189490829322,-0.4186343283525254,-0.8893900820233476,-0.7352170091240227,0.334262393332811,-0.23455967964818972,-0.8168204849793085
-0.024784046282122236,0.6739723686589532,1.0492202939835256,-0.16680052354789118,0.7892278923990911,-0.3210674682357633,-0.17708538798678733,1.44493895322153
-0.27157220888765965,-1.2495447611303492,0.5630745422659644,-0.47026262843749594,-1.2514230571248874,-0.3504811283177318,-0.0164815235956944,1.4333484275448216
1.2793879922074738,1.0242229384246777,0.337736309871197,-0.25416116942252026,-0.8412299819400969,-0.3055441833974875,-0.41451721474698827,-0.5203253833999537
-0.7798117016267351,-1.2205682891539558,-1.1085270472706457,0.6492078792729093,-0.7236366878505924,-0.0688798172116715,2.452622843609345,-0.5004330457505105
-0.14887091686793863,-0.9688554355046143,-0.9635253697731936,-0.13421332686492907,1.0533036136183858,-0.5148179593308497,-0.09309880459300539,-0.9652967820682683
0.3758587873133731,1.0740788159909733,-0.867589494315403,-0.5416741122113151,1.092749836671138,-0.07823777588141567,-0.3681782879504937,-0.5412566089566194
1.2986372626693186,0.8414600614773291,-1.694158714428958,0.14238155274262249,1.467226832469915,-0.032092989962918435,-0.6581233661106101,-0.6611707798233099
-0.9205094175996446,-0.8852115089797957,-1.3341744526099577,-0.32551915867507036,-1.0251057599900877,-0.1429182001381321,2.6669811295311994,1.5546041813461693
-0.04188228568429069,0.7480104050296217,0.622763084754388,-0.22107198300912412,0.9423761639035548,0.7380795585944437,-0.1730137064714534,1.4836129699040241
1.0308034345066817,1.2998931808277248,-0.14117577446410584,-0.05645706881919222,0.942479527402467,-0.25710794197961157,-0.3825089604064201,-0.5947621150332796
0.1971752891110025,1.04975601381063,0.23770598754463673,-0.70390019571607,-1.0121662705937766,-0.4234705044399774,-0.40830554369830274,-0.4084881015067089
-0.9547153547655078,-1.0803810452729303,0.9453954273053963,-0.3254147326093868,-0.7373730327082874,-0.2539197056168866,-0.24113432963183135,-0.6836670344355926
0.45463529613779863,0.6390577236606051,-0.3567991601039262,4.0776545179493855,1.2413983159668425,4.593624241611801,2.6593260223122024,1.83483235620286
-0.5666326070431917,-0.7514022146533218,0.811307712665005,-0.5803718227857457,-0.7675019344070931,-0.21712035745757086,-0.1267554070052509,-0.6825482563293755
-0.2957163323073966,1.2076573909329484,-0.09504766952069833,0.1425887911893808,-0.8720835155409974,0.498770051099436,-0.531148941464622,-0.7666287646823712
1.1149889455549458,-1.0974598763002106,1.5865051265471175,0.16977158398135953,-0.8581950244890099,-0.9514127062527467,-0.32676362659548647,-0.612658626941742
0.8398201028211998,-0.7007107340604228,-0.6750220746124999,0.13210075671428959,-0.6774622008623411,0.2515480898143038,-0.166110136858347,-1.0523711800053417
-0.17879150157505377,-1.2361412878359035,-0.1978176430939213,0.2064056151507908,-0.767872887531435,0.2826683002445966,-0.21478178701509865,-0.9138033208609092
-2.0004879710228747,0.9695591886826961,-0.20901684149670383,-0.6067522008284454,-1.1618832164181312,-0.5019545351681116,-0.38109130302847577,-0.4912832245231085
0.08617618279187475,-0.6968825296050671,-1.0218760894299654,0.16529154432773716,1.1458517307094713,0.09371641283817307,-0.4561516961004602,-0.40399099150991213
0.1682677137505404,0.8079530103065503,-0.009281245065505143,3.8548807554247295,1.2326535213658305,3.4798327925029153,2.771494173492551,1.601615453445341
-0.033662824677608,1.203334903570132,0.7683296100046513,-0.20391717423624614,-0.7852501033278586,-0.07255809740625055,-0.1956941962938511,-1.0272377797779624
-0.2913112135795451,-1.3002823080951544,1.2671760246151016,-0.22609310872227595,1.0985810355160244,0.177948161831064,-0.18979378082352588,-0.8773009789460893
-0.11370194018417806,0.8751274166970449,-1.7231966133204932,-0.48763441425190596,1.1005062477599517,-0.24367199033108575,-0.7804670435889808,1.7643157804605798
-0.13772838091069226,-1.0033161488005649,0.3989556450947807,3.6269578897553973,-0.7381705060515616,3.8185055600604745,2.502532913486879,1.6399352210113225
1.089695150537753,1.0819504578104546,0.9156858005145668,3.738087719953507,0.8227278153878324,4.592451120580736,3.417778208128627,1.8484542067619512
-0.3176957670190181,-1.2359318814799871,-1.0516319236380105,-0.9004384170316386,1.1154672736596152,0.4733559902352722,-0.36470712354398255,1.5816135787800376
1.0003002608376161,0.8616783433548504,2.0162996312152415,0.6269524066461303,1.110805273916669,-0.4364417356117307,-0.10453302352595663,1.4418247349274504
-0.9497989896411421,1.190515227640033,1.2060060695654438,-0.13619007539696,-1.0758901814769313,-0.7081426821428661,-0.2875165418201884,-0.7420475948299692
-0.3217828686803529,1.139926235286773,0.7279244901976902,0.3718413145435893,0.941964781134771,-0.3387854248216028,-0.08538403635165338,-0.5381340961719056
1.1210446729354608,1.022577861769934,1.8308887176129536,0.023581111437228592,-0.6191663250725423,-0.3305856970636711,-0.31634131421925726,-0.4385669244234317
1.1831158577307233,-0.868357040239173,-0.07966542203456557,0.3715057169522033,-1.2584031309199561,-0.7884489052806946,-0.10937234555621822,-0.6314854292603437
0.4072320784090303,0.9530910932698367,0.5674319779424166,-0.5392118721672572,1.248625421654136,0.21862762587212226,0.05776553840669644,1.9497167598540972
0.12889354461952418,0.9939687476606798,-1.5042118553290893,-0.4216224152117648,-0.8657445883447901,0.24192461150012823,-0.5102663333295516,-0.46321948660135115
-0.06034417350698423,0.9059556402361623,0.2488365499484858,-0.36334321830043553,-0.9120950676999212,-0.9061949596721942,-0.39767206885901746,-0.7377662822378092
-0.4564702985224433,-0.929304466318484,0.6541771767620604,-0.10432656279741293,1.3320974953468403,0.04408154132288163,-0.4122801341732509,1.417015796493282
0.1818201493951065,1.0524756800446533,1.3854562159712345,0.29415112194461207,1.0301947931912019,-0.23827763871737004,-0.11266488931667559,-0.40478315512071517
0.6640381048065201,0.9280604718076374,-1.2379505914213031,-0.6158898172559543,-0.7742605136866275,-0.05315539935038257,-0.6615133795048169,-0.6249329052893488
0.42703279519516046,0.7159005041171109,1.0957519807578788,-0.3576816238401466,1.3836030383958002,-0.4180717679178165,-0.6391668054556422,-0.7330701797060885
-0.13237214078499232,-1.086442319490997,-0.2110695280520661,-0.06203851431282009,-0.861442072651929,-0.2233197818111727,2.250502953932649,-0.5502620743357612
-0.12779382214598065,1.25471923815805,-0.9268679014320383,-0.9521971149346207,1.257972397923157,-0.05136288496302685,2.4678448769026664,-0.963584752175439
1.1249079386330836,-0.7347267609028354,-2.458147335958483,-0.3912109599476127,-0.500906027390292,-0.3941560033125037,-0.4729292898202116,-0.6953446707160607
-0.9223373251951097,0.6078938059088861,1.043864988166374,-0.9665914888614991,1.1851338992614864,0.17369013925227456,-0.7708512086712067,1.317761383223629
0.8752166322146057,-0.9066672830179887,-0.6080471826117724,0.29875343793236986,1.3735695162270258,-0.08364832393842574,-0.5999452566376624,1.4276438671640568
0.16146124873466738,0.9037260969424407,0.9314939184979583,-0.8364651172451673,0.8430308642089425,-0.12039573746441569,-0.47321839321667597,-0.7694047786603744
-1.4207377545773399,0.9443378285756302,-0.04957519336091768,0.07072684672297506,-0.8142802412170332,-0.25102848669153033,0.0442590843051647,-0.9168452712419923
0.35399692747140715,-1.3367121849145223,-0.826750739911809,-0.7046957170795995,-0.6742130476337121,-0.22302717448277862,-0.3249601617066135,-0.872589739041886
-0.28989971011081667,0.7915592389327926,0.3819534704994719,-0.6126299388496298,1.3977821538686446,-0.8940243345111685,-0.5709039097485001,1.8773636587361844
-0.3942108515999017,-1.2671982333501473,0.21933420097256887,-0.39834516362461964,-0.9920123866963926,-0.6524452036710175,0.5378026475519152,-0.6886316374267059
-1.5420422265302087,1.2319718989964303,0.6071265599107235,-0.51929319735983,-1.0111157187037572,0.08488338653893722,-0.39735080424250785,1.1022835561370259
1.3173209803095187,0.8558452988013971,1.4821348230091773,0.33041045790202767,-1.0244519601403042,0.23478625319023275,-0.5228087138840668,-1.036066456255165
-0.3860931795690448,1.0181098435060256,-0.4551567626371789,-0.3283943928749142,-0.6031765760867196,-0.15139050019466233,-0.5823102750991953,-0.48350645611894955
0.09314165836734672,0.4485167757795539,0.42636951981782617,-0.037994872385733576,-0.82386345255446,0.17582422152466418,-0.5293064038693704,-0.5621357713038072
-1.2658656301818032,1.0199542590368202,1.93471296679957,-0.614194473345271,0.9873067333619987,-0.4916498706869162,-0.2804550529629941,1.2879110107706608
0.2653221559312142,-0.8454107259570777,0.5312262760512027,-0.9356260961972983,-0.6323276047281007,0.1948547035625199,-0.06330858826429024,1.5967830038652353
0.1104802851538472,-0.8092069199774369,1.9054838522858912,-0.596819007706701,-0.616031583265152,-0.23169790183235117,-0.36098871178649716,-0.9650435720487417
7.422929359254563,0.7459410104003217,-0.4562625479824889,-0.6571304827664904,1.048377969243997,-0.3650052169069848,-0.290765031007893,1.169231837404514
-1.1723394825376092,1.0111396428009043,-0.7862661756792199,4.400913627933231,1.1808119311570122,4.224327080104166,3.218105038470937,1.4499589369127015
-0.5015276034864617,1.110607881471886,0.5066591442116831,-0.2786487918510336,1.4098952067439938,-0.2842165115942781,-0.31060799049412924,-0.6299550725387831
-0.7788587866070865,0.9556623158481439,1.3843837213465775,-0.015914140712727638,1.1426625032817483,-0.2631815038976152,-0.21815821462019033,1.6778632503492292
0.41010097006657537,-1.0753957759764394,0.3239097398952695,-0.0013827073300076076,-1.0256670140217516,-0.12566337108920836,-0.9910725078453846,-0.530722397844224
0.4494581260124304,1.0863828766669996,-0.3881934217616171,-0.0723926483346107,1.4162786206925344,0.3933831217932406,-0.3298198386179606,1.5465499267970448
0.7964564231122732,-1.3034749931311296,-0.31699471478848257,0.35415157392493973,-0.6362498994942162,-0.04188792337732593,-0.7877865801208974,-0.645256475330203
-0.5134097797047517,1.0051153413897407,-0.7980469392367734,-0.6270204408890601,0.7309431989490692,0.313386644447689,-0.44475591479538296,1.5503845126032194
-0.060818884400291345,-1.2189176217957234,-1.2429387363166073,-0.6185403347866122,-0.9698735069172395,-0.0429953811428219,-0.5675537579915911,-0.25883247974487456
0.7319498240725071,-0.8529188956861564,-0.11576096834224783,0.42840981401558714,-0.8706405132761557,-0.20879652940238044,-0.26805692077300086,-0.4835510448154724
0.4314100289785477,-1.1033482827270213,-0.5246598268080332,0.06508569553674771,1.2770598689445856,-0.3596881339765761,2.288351549570224,-0.6791160685277541
0.4211038654173291,-0.6583763173851966,-1.1824875942652242,-0.3780589173750443,-0.9043095195417998,0.36922798201936446,-0.33160895705310806,1.321405745058238
0.37117561015577527,0.8615723543351733,-1.2086332627687368,-0.5717766153954463,1.477191599374408,-0.03565979272428212,-0.2873519313498315,-0.6882749494988528
0.16589884272775907,-0.9559646562986256,0.2916469780805909,-0.15308794897745054,1.30722517875518,-0.18614099255066413,-0.6240672770125217,-0.7662586375405521
-1.5832069738519023,-0.6151774165505796,0.856109147448111,-0.5457221518582769,-0.8831809391439485,-0.4611710804406523,0.15762858503554938,-0.9399502186962805
0.02906679760313633,-1.0318189828495246,0.8205786405784827,-0.24402696196759693,-1.1731944157763325,-0.3004160565138897,-0.622275734429955,-0.6174019140211598
1.0454148300811468,-1.350034381801643,-0.789020909153439,-0.4304653908044101,-0.902782714582062,0.11265926057696264,-0.3745948434059095,-0.5450769074713261
-0.5410250123091358,-0.9657812922412458,0.772063954598449,-0.505096070754517,-0.6743278488683618,-0.17394412768959638,0.003463546630370711,-0.6778477371461736
0.23451465480838413,-1.0185663389471171,-0.0925659600474813,-0.09321717037489859,1.2420096733821024,-0.7164932802914746,0.12385045222550313,-1.0345526088750068
-0.586493068777641,0.9221306322642137,0.4105442562480544,0.45412727999909414,-1.1928544085666406,-0.4073376494741952,-0.9803819634934836,1.5233830715129186
0.150137829690384,1.2509150004043734,0.12195383480820998,0.23300777178795634,-0.7131284169927161,-0.3771476647565963,-0.7577430991336991,-0.5753645035297517
-1.2082153550344248,1.1932407001724814,-0.15770909171764425,0.2958150285422537,1.0422282830486695,-0.08373246334413341,-0.2558454899003651,-0.644209724769134
-0.39230150606237907,-0.9340686405870681,-0.91360982848883,-0.7033569834053016,-0.5836780085207617,0.10725948160823105,-0.300336883872448,-0.27633131090830165
-0.2653108544801154,-0.752561830868297,0.17630354347134966,-0.6266162845176386,-0.4647913318304262,0.21708421151788906,-0.35830540035250596,-0.4780983865273639
-0.37000141322135793,1.1023049710326158,-2.362803484787533,-0.6245596879435066,1.3289239575054734,-0.29980668196607163,-0.2564057716723075,1.2268736471721746
1.3640119844172658,1.1728163805425795,-0.19591770017128338,-0.3689691861959325,1.3388135356683224,0.6303746020523576,-0.024976007182876913,-0.16734355904762624
-0.7694303570531932,-1.1705194775666203,-1.1735675198247806,-0.0172469997481378,-0.7933208516703305,-0.25909087182077967,-0.06979130166176997,-0.3694339320840077
-1.2340613906883406,-1.1271226243561643,0.8139554559225023,3.7600655328188366,-0.9846137239207717,4.39592387091817,2.380675598746974,1.4517079981170415
0.1940050643347176,-1.122605259141959,0.7773644767699714,-0.4371902246894443,-0.5511101001507979,-0.2481706823687324,-0.11258663190499194,-0.47404298148193513
-0.5423858094487609,-1.411313002504824,0.35949782147311726,-0.17077125654808345,-0.7186308425423977,-0.2901686534281722,-0.4542638414624376,-0.20247742013170106
-1.1930067614258706,-0.8674373517739797,-0.5658214220644638,-0.34033248502847957,-0.8901069344211144,-0.5305797737852703,-0.14361457067538444,-0.33537877630818946
0.3028787813821217,0.9606956658874767,-0.9732401616327363,4.169174544818562,-0.40422775068778755,3.812829783476744,2.663990819359782,-0.75521622656917
-0.43601030835642496,0.4048701829618013,0.403302238388986,-0.5521551472083988,0.8202441776715349,0.11810346670278557,-0.6563460052527731,1.4437297261452808
1.0702635119328479,0.665562501744237,-1.5135364672621296,-0.08890580241292141,1.3623630706939187,-0.8518356882995651,-0.19433265392529034,1.6415597426211148
-1.6449269787378171,1.0963250920001772,0.8698117816661745,-0.3303628220857756,-0.5818080264289106,0.27781959054975275,-0.28879162732022917,-0.731630748968196
-0.8083041298908923,0.9331948370540708,0.5662579396523009,-0.3355116877380278,0.7048885486253903,0.33293485500788694,-0.2617770562106177,-0.7161813483158339
0.6010325210538868,1.2380066332150739,-2.769227380256854,-0.020362175915647727,0.8563128618365428,0.012222372311081049,-0.28109735385772705,1.6533320709459467
-0.4435833393571699,0.5750235861835914,-0.44292104564842133,4.123476304652486,1.336021757387263,3.483143854647345,3.0991266120274767,1.3772169827128262
0.22004014015769346,-1.1101322334467985,0.18282929137474618,0.16978698117765714,-1.0688477589294303,-0.47910248920405596,-0.2634085733648609,-0.117915343209218
-0.723867919845436,-0.612579091689984,1.9855253345745203,-0.24124375659622188,-0.8863843808141985,-0.48416956656866833,-0.34192443150363855,-0.9371198575219785
-0.11780957490341287,-0.7185769703698413,-0.6019130842638732,-0.300835226980737,-1.1619840330544025,-0.03988835049134898,-0.2387467627467191,-0.6208172574888304
-0.2260813524073573,0.8834021335299014,0.4991275211494954,-0.21278269286948867,1.1984328104044473,-0.1061805584708148,0.027644008882165984,1.6622091428526369
0.08943444074774307,1.2367936771003198,0.418371897682614,0.3414333414351726,-0.7085896216503959,-0.9633416941028725,0.08390517076459385,-0.6054425026428192
-0.0991074245784348,-0.9557476081368926,-0.3386670210354633,-0.10647300703551818,-0.944082742107848,0.3352511607792642,-0.35600017800357414,1.434283210892257
-0.7714130595691842,0.9929667650686373,0.18771278497782687,-0.03940935191175338,0.9347695325158712,-0.8630203539962589,-0.12675332634867456,-0.31515879856686596
-0.8495261726834793,-0.7005167670716862,0.2834778319751743,-0.20374353040031823,1.0584669460838274,-0.7727315282535505,-0.014441194501063863,-0.8013610525636436
-0.659651717502019,1.1340655437066451,-1.8601613035064368,-0.8338987349500057,1.1329982287339309,-0.07355036915736166,-0.1704381799618334,-0.6994401878431593
1.8896312425095363,-1.0551090382189603,-0.22569558709265153,-0.5319750595526886,1.1609004404398764,0.06050019216807182,0.05250172365603664,1.1962207565174865
-0.24854487464170782,-0.9234840267293366,0.5833709037472508,-0.19808761254067042,-0.7212635112984258,-0.532884100646743,0.16239173687888955,-0.4209959345529439
-1.0948713159673442,-1.2204139946126538,-1.0330723206507813,0.08090341706492589,0.8841915765282727,-0.33371504176564415,-0.17975167066859632,-0.6487532411414261
0.14028312809116153,-1.2185993431379558,0.5910840659472634,-0.45561240459029084,-0.8915835251469907,-0.09670053321963161,-0.2888039410555973,1.521739209720927
-0.6371792881722459,-1.0690904903087244,0.004773896817318466,-0.7721883362800559,1.0457015889945482,-0.03421348523175747,-0.7169526022268778,-0.385727867946344
0.9186784930871884,-1.2535931154194948,1.3456632379821238,-0.2604701899684594,1.2187724923912817,-0.402735730536895,-0.03450199660657724,1.6039357959569982
-0.6861032246761735,0.7131736807306341,-1.4420165550036357,4.032515875311747,1.2490154143645291,4.242747767457887,2.7440069237809097,1.267699225092758
-0.5843849689709867,1.1653666270214065,-0.4768137325844287,-0.14121539993820062,0.9252622261529663,-0.05550678073130586,-0.46271720185711485,1.7417393567399517
0.536648702052315,-1.1073639157846786,-0.12269091338224142,-0.4298102299062695,-1.1066461180846188,-0.5530862880127045,-0.2592977885742802,-0.5645536714993286
7.756657630293445,0.881650934330614,0.9256665643099253,-0.17440560500964816,1.2747060045834488,-0.9349444512069783,-1.5372535680872963,1.5776265402331007
6.544993650751543,0.8990712213312245,-0.2962411590609285,0.4587928037957789,1.2151348588110085,-0.12665163891423414,-0.0611904203977252,1.5958484231645909
-0.4115683449829732,-0.8015804828992358,-1.0952264167984378,-0.06649207459626605,-1.1318169698970328,-0.11078076203606578,-0.260919087164104,-0.27389786066513533
-1.264336544113056,-1.1278865352965153,0.8164670413213259,-0.061476682808657666,-0.7923972997686031,-0.5942141796565049,-0.5040069086833915,-0.3666993656179271
-0.09876426998192395,-0.937404419419038,-0.1113383733749704,-0.6924080285340043,-0.6443804764417571,0.013940059190187004,0.3942908763177867,-0.8529821061959622
0.574397039108989,-1.2665475778458306,0.15827164610480499,0.20495226218383475,-1.2348613477968178,-0.2811694915511614,-0.4954444572525849,-0.7855183941621159
0.23757054861373525,1.1591886585607933,-0.12923461164552716,-0.11542438435697029,-0.805361457357899,-0.19501757141498338,-0.6586177127392577,-0.3960826342533328
0.16824507933665928,-0.9335953904669614,-0.7952403310879075,-0.3916253896420799,-0.8624153873920833,-0.8350762744126798,-0.8442941283340505,-0.763747235502359
0.34331634561711866,0.813086062714358,-1.0052575183250987,-0.5393293954831758,1.047114082380017,-0.3432307878628241,0.35083591773038025,1.7434404291785948
0.7301192717908623,1.1685337084947016,-0.9854876642595782,-0.7087293997268149,0.91912948051648,0.36035208389540313,-0.49047670055127196,-0.9036996509646549
-0.39102053021771577,-1.057199318672763,0.2681463710083344,-0.09653279809547702,-0.9905018417386686,0.08996058798762781,-0.5190098413524071,-0.6681369000626713
0.46981357887758207,0.8152940011115021,-0.5606273357517304,0.04504297983424459,0.9680693893226493,-0.35612134796038925,-0.14841612096223908,1.958436925248996
0.4071480209660533,-0.9184234490344557,0.5277186983912711,-0.6467440231047923,-0.8051084484923323,-0.20817355739094884,-0.22103705717288744,-0.6094582188864831
0.2333248132322462,0.8797516403960652,0.06059366002699681,-0.7109997973220967,1.0737186437048412,0.38382509004862697,-0.22189805961201486,-0.6390206061344523
1.4011758394288751,-1.2761650799133002,-1.0949350057429172,0.5108623328724898,1.1455889350336685,-0.29685939809415707,-0.6926898816885926,-0.5382162842866852
0.3602124187667198,0.726969925406624,-0.1361563907211289,-0.3402232915107415,1.1868440253731576,-0.662187982372938,0.06750286197218781,1.7135838235592014
-0.33878947431840406,0.8982971914464966,-0.1323443109746394,-0.5242138719666193,-0.914922231747683,-0.30839738367048747,0.17943777510508493,-0.430893106745593
0.6607151556678539,-0.9384647000550808,-1.1027219818515779,-0.2180492409662241,-0.6371755298119891,-0.7201186645144482,-0.12335363473202482,-0.13490354312560743
0.7586470268567862,1.2164248747925053,0.2186092535037537,0.20138930152315987,-0.968829396724415,0.13588670497959765,-0.11782236476153818,-0.5721574535617784
0.9544082614989269,0.8353981609155928,-0.1824362523895931,-0.16114205251794078,-1.0300703571031626,-0.10120106638794663,-0.8538761468427104,-0.4093097696664745
-0.02317815982434913,0.8388891768998444,-0.822805274770175,-0.29828172385203594,1.2717605954473927,0.03248704137682176,-0.5395856955962007,1.3345891742800045
0.4468055125650464,0.799582029651346,0.061880555785578065,-0.14938582468363615,1.1978612279571608,0.16189306314049387,-0.712463783255166,1.1054711639019072
-0.49610629589931776,1.2920324730344588,2.0030856273253703,0.5600875715535922,-0.8657248058467344,-0.9384199114800617,-1.0474353137416201,-0.7666060985946238
-0.2116386855341368,-0.7568695831233322,0.8611058085252979,-0.10631667953552597,-1.0026150135210194,-0.5961493872995884,-0.24195792009800504,-0.4845775635546879
0.2427062791719354,-1.2125107734249478,0.6462983268374026,-0.023832908129037694,-1.0381351901987936,-0.5226147943759301,-0.10724426304366412,-0.6849652221126444
1.164762869299615,1.0383028220525257,-0.4787948637787289,-0.2050493929505102,-0.8153651153663048,-0.49930712685654954,-0.6037996294766274,-0.4836442190589623
0.5918793951221816,-0.8928355055926893,1.5016692605862503,-0.4259279964072112,-0.4989261890533936,-0.5712049170588722,-0.6348435212954376,-1.0131052359505768
-0.4024178469213021,0.8422394421257251,0.5229065992568522,-0.09946642366924599,-1.0621608826645408,-0.35942772858987204,-0.43597640585955544,-1.0165520237892576
-0.8145567291832985,0.7901254571985196,1.4208529258892573,-0.12125654600409236,-0.6977411275260473,-0.820287061637722,0.049597734118112316,1.796461078770976
-1.5980908153706932,-1.1482624892130369,0.493058698373494,0.06694952266086243,1.0032785680516518,-0.32307820605460136,-0.506042248480643,-0.6107682406729736
0.8628939648349421,-1.1610866220700298,0.9926933135178709,-0.5256114917704214,-0.9943218956494828,0.1453591856655884,3.0665237598513984,-0.4513733904498955
-1.0724369890048202,0.8496092668514632,0.8167699209466507,-0.18354713862832117,-1.0387296969546662,-0.00477688452941201,-0.5424604516849829,-0.24849983387215052
1.1306413877840598,-0.8927738571285425,1.3490139592446355,-0.17388643158291106,-0.6774552590777025,0.42003291452886204,-0.2446340934999337,-0.6894136210585815
-1.3718844191478348,0.9243033636113323,0.8171998494065341,0.1921237520593147,1.2356367639522368,-0.42134165781353106,-0.9338577241043285,-0.7410460557965302
-0.2934818973126798,-1.071701065776604,0.6145316770170596,0.6242855811942487,1.1608262627004124,-0.2860865535607138,-0.40116656974824744,-0.6077638579435793
-0.6969933228182535,0.9639768588983159,0.44858790518016284,-0.11367933880539328,1.226438938101452,-0.015015939591508204,-0.8703029441997638,1.6535780777466411
-0.5758673115533836,-1.2244599579361601,-1.0899849787521867,-0.020662199947527177,-0.8715380950543204,-0.896686509088169,-0.17251511527227112,-0.9441945491642558
0.04858610229210232,0.9870592418976198,0.8786867035122132,0.5395223598698101,0.8684866695681003,-0.21763627077654366,-0.40647409291914965,-0.5412163348000044
0.10699885615033375,-1.0794310597851602,-0.4335566332704801,-0.6647197915706261,1.3306136823513919,-0.004407565697595608,3.065231053141778,-0.7012896278299177
-0.5649472757826186,0.7301267766930121,0.3576793780192303,-0.6328667793311106,1.4997075014897518,-0.7406956600683622,2.865469336407144,1.8536271604773376
0.40228481386695536,-0.9763664993685318,-0.9554760245713281,-0.7749656737918323,-0.6765491679273106,0.4318791153160208,-0.4568759053384731,-0.8795439306546743
-1.952217770311846,0.7491604590616735,-0.10982332319067334,0.46366383022739865,1.2687892759467563,-0.06863261505738245,-0.44486419906841973,-0.7599651235693857
1.0234433079728453,0.9796915583524008,-2.0774215903215474,3.674550489236799,-0.9964019383995103,3.743832986570871,2.9551766177972936,-0.6576327602081743
-0.11829197957894463,-0.7543627699077678,-0.686372845879786,0.5738091357878219,1.0046903927531667,-0.15859807465638914,-0.4079839327574322,-0.6079715754562203
0.2833006641916791,-0.9259948613890934,-0.7424210451888372,-0.6674056586906065,-0.3360988215762539,-0.39745720280835395,-0.10392069152018112,-0.9803401856857364
-0.2744347998381497,-1.0354621133095867,0.4703545028185415,-1.3320511698286872,-0.7951797287009281,-0.6748944137948814,-0.22018071606807232,1.293655972948924
-0.7179324761915944,0.8871347771080543,-1.0384220038573337,-0.3984042528803559,0.9021365481014395,-0.9596959279789378,3.0963033192177596,-0.9133134620314616
-0.19670365399342504,1.0874257670481167,-0.6057307086258542,-0.5436841794418285,-0.7833743219647665,0.2701011253855816,-0.6834201796967223,-0.666818596717929
-1.3933501148170488,0.8638040053436316,0.03645133632679019,-0.5559249656722735,-0.9175864007630647,-0.7826115415649314,-0.29686738092006093,-0.40742976868983405
-0.904044226287697,-1.132137073811732,0.4997666008171892,0.3028428977330401,0.843241782622665,-0.2661058488939939,-0.23296297611190528,1.4946275032177638
-1.966559716033937,-0.9128723294647302,1.5056443929428642,-0.15233308450897,-1.0303640475345726,-0.4096017621094598,0.2281431388625601,1.7123230113934513
0.4338117255886042,1.0100661714812231,-0.6514279694189954,-0.284150678840547,-0.8431229588153594,0.033251871158029724,0.1471992012417366,-0.3939544347920845
-1.1522129322980972,-0.966938212910768,0.7314700537303802,0.056341999052971624,1.0129552765511252,1.0186111746001834,-0.7168434211444142,-0.8675250701191248
0.12080453678500433,1.3535478372222485,-0.8246069674316943,-0.311266543164279,-0.6161949649313951,-0.20321273159963074,-0.4245453263994169,-0.5128469211285149
0.15078043482280284,-0.8095875171449509,1.2802224316608748,-0.07324188395704868,1.1938677671953666,-0.10654387342733025,-0.16907484623912886,-0.6226525171619487
-0.05956384595452261,1.1740061004532485,1.5024587814631458,-0.8272317233320645,1.1385290083460462,-0.4827648865746758,-0.41721604958512615,-0.5479349714454942
0.456462748781802,-1.0325211301866346,-1.8901923978192008,-0.6018074105858124,-0.6517097135589308,-1.3377715956657026,0.047492731861489446,-0.5223984364476206
0.9545381538784832,-1.0493875572273133,-2.0366684349451987,-0.021983134817516625,-0.5774261386253059,0.18958497029638635,-0.5262974238800346,-0.6158570945162639
-0.4694511406797642,0.7806714978318816,0.9477489677767619,-0.6984110052287363,-1.003395196998175,-0.6558435169673982,-0.782953132298624,-0.603025084313612
0.8354190235058,0.9044515552396358,-1.486974195284684,4.303438049949992,1.4676957641219313,3.702169586800524,2.6321798589384473,1.6275046822393215
1.1899666538804605,0.8390957583536088,-1.3155360307058837,0.06156025221032737,1.2935275294944848,-0.19321401166910293,-0.4938700549560442,-0.42061935676079487
0.34756382401712016,-1.1605780229010567,0.051181581338952814,-0.7624743626775421,-0.6930812920898903,-0.3050482540096571,-0.4559023364131683,-0.6415919136521606
-0.02805285867655935,-0.8360275388457227,0.5873606178766608,-0.2658003908323346,-0.6778028249798645,-0.02877215907490666,2.648292909701891,-0.6613484166805466
-0.17324688034474578,1.0391090575535709,-0.3604699437678932,-0.3630327453674334,1.5232985315869547,0.19584153498383533,-0.5566626789023228,1.6393960476356861
0.03205030621039439,1.0169222992628866,0.138481101648651,0.29351520570052836,-0.7599231524246638,-0.22164300976188764,0.002449503156193072,-0.5843383075013253
0.03445968437314072,-0.9493723137262472,-0.08999065964078702,-0.19697470254216998,1.0213115719487698,-0.5087988186941754,-0.6304658833484401,-0.9339499635204964
-0.7365964424787836,-1.0446458002547898,0.10462465280593082,-0.31353870524946376,-1.2905648521475743,0.46039936285025707,0.016185327962677683,-0.5386328267772174
1.4099302702113152,-1.2013434922176234,1.8699806435374349,-0.6018774246295358,-0.7809188834619901,-0.7266081862616327,-0.31621512456070305,1.5996491846662406
-0.17822768460201932,1.079813552951582,0.10056555515917638,-0.4178840903363842,1.0252170020489275,0.1421583901108853,-0.5235218675865921,1.713493302832595
0.8825580254021788,-1.3362374068513176,1.1233814269091602,0.6553443862733113,-0.778312973861223,0.05388383995006004,0.0008413647112810091,-0.693779311735031
0.08128516416529798,-1.2670657227794924,0.13976092142895083,0.006168283222883425,1.2379543269136044,0.248219304419789,-0.5610670930889304,1.4020117647025017
1.4007014899197725,-1.0399749666031664,0.20050074141849777,-0.22865294747731227,0.9751514282088767,0.48079504221796665,-0.48443201443232303,-0.8770107974081872
-0.4062261368175443,-1.4012097505267687,-0.6416840297982105,-0.6030884753172894,-0.7065297720489956,-0.4763972574882001,-0.04543149935452828,-0.3336922275865295
0.542515306287341,-1.052669245726436,0.14221377965631268,-0.8344751192159346,1.1102811716250627,-0.5543348102608409,-0.10543603851123898,2.0700059259813983
0.32583494870940116,0.5520193142317266,-0.35473968692138375,-0.1499109282838415,-0.8106557127925546,-0.5003167718005339,-0.24469827297960786,-0.9017947766194194
-0.7868025974425644,-0.8846374466970768,-1.0021492715751854,0.022830595276513717,0.8675462343961836,0.5396768084396463,-0.5609020209182861,-0.68263322124733
0.19552164153047666,0.8302148621077738,0.14448065175351965,0.03826524830336456,1.32526108059331,0.1340671295623167,-0.37405708027096907,1.4850388873898765
1.7500357006005867,-0.8253041161337881,-0.9093167945067905,-0.15926134434574118,1.0707257470537819,-0.25216620908338205,-0.7020841882113403,1.4279720109936982
1.3360474377687173,1.0535115921271976,-2.4618122266647133,4.459998388314898,1.3506047371928598,3.821751568535266,3.003047150733905,1.3317154024910813
-0.4212556611785477,1.2329156009893394,-0.2662000601793782,-0.9777253273873997,1.1241253406974359,-0.2285188345503923,0.05088606980310678,1.5196647745010257
-0.38377056412638505,1.144432064453472,0.12210763787605486,-0.5124604404882306,1.3634454807387657,-0.11506556070699413,-0.3198648561864663,1.554850759523756
-0.8836545159552155,0.8375700174812825,0.00615789346042605,-0.2816959824130419,1.386513315231462,-0.10517082063671412,-0.05563500911400345,-0.6324992435905334
0.7543895951245643,-0.9330790595367455,0.015890195678012784,-0.20632816037636992,-1.0153036785204501,0.015474994878965682,-0.33324128043160134,-0.7425038273949052
0.7930298041219417,-1.254581469542936,-0.41534787862278605,0.22623209481500187,-0.7658354156148616,-0.21571311766750295,-0.2429268325737126,-0.5959264765208057
-1.227130280377664,0.8723772632665613,1.6017866921140858,-0.47477310399940226,1.0740341744066295,-0.42147570485099595,-0.34775894277921265,1.391145246102931
0.31576147866367965,0.9790232584208225,0.767859550503214,-0.6374990060139161,-0.8946716837853872,-0.28983325666946885,-0.17945936235049073,-0.8051501819019794
0.646081893447689,1.172013659857004,-0.975645911280929,-0.4047777315900272,-0.9323073741331578,0.9012103318353424,-0.45410021519326604,-0.27364607852643386
-1.0345729791069853,0.7474266277279766,-0.6766220696950892,-0.552212129999592,1.0839350797168432,-0.4911342825633034,-0.5748804114100408,1.7657799088315913
0.8833911804021195,1.1257477534743714,0.5209890769177616,-0.1622718495342032,-0.9254515396165999,-0.5929730919027868,-0.20819392525155966,-0.8869800474483839
-0.8245486175452444,-0.7856906966132577,1.882864790361061,-0.03738553673728326,1.3539103171253566,-0.298220120308085,-0.7356345024246722,-0.5028359724460855
0.3793344523828106,-0.9966596477951652,-0.23716051528264412,0.1990119403533037,0.9429253985452096,-0.5182223564640727,-0.6334233866325331,-0.6162417356710861
-0.8969198161814961,0.8070169970972908,-0.6955675689350181,-0.30909749901840256,0.8443841394017826,-0.15942869156637238,0.06606264679744188,-0.6053747147829163
1.127930267655996,1.2008094960712494,0.7720020426235584,-0.169775041908587,-0.8233960765791704,0.1225248382961384,-0.4422438358904229,-1.0394695336865127
0.3198143545843504,-1.2313338169924448,-0.9492016733935057,-0.2007156752296163,1.1178743696887479,-0.7842154461379943,-0.26944725716984913,1.724407278106086
-0.928070670195831,1.188806917543467,-1.5408131454686043,0.6789882484437065,-0.9086030314655564,-0.1350869859906285,-0.907561833251672,-0.6478863757581471
0.1168669103496438,-1.0274550526713695,-0.5544242833287616,-0.5941281033780417,-0.6057380101376716,-0.18293105270083904,0.15707194042219927,-0.7477719589831258
-0.3939458830870837,1.0996602043841397,-1.602943260864822,-0.7050307231990006,1.3521478430066627,-0.6841425583591493,-0.884927245362842,1.918519962360633
-1.1325231133676354,-0.9747186046051314,0.0709575027445843,-1.3686895719212233,-0.8803271271335787,-0.00890441002795409,-0.21088787466053782,-0.440163841689996
-0.35751589140971896,-0.8716218326501425,-0.6793173658796058,-0.7868904488596377,-1.0827387093629557,-0.8050661867408044,-0.00766239095321874,-0.9603203602613037
0.151951695099095,0.888637842656704,-0.09893319619686511,0.3658015269602851,1.0504368361772707,0.05910013561520654,-0.30912252324378664,-0.667221083577447
1.7121916984065324,-1.2918732986429957,1.2779104595708528,0.07194332515412023,-0.9220127618666745,0.4832075873108913,-0.8939395451828184,-0.7467575647550936
-0.9897897846520817,1.0209284928612095,-1.0985048241411766,-0.02086068023639659,-0.8644391308836391,-0.3955276035842386,-0.20023843399601154,-0.6923035076569998
-0.8974911262274685,1.4871188973326372,-0.4793251062581415,-1.122276412059368,-0.9932358856403253,-0.7238742090764226,-0.06455402268796265,-0.5653295389715415
0.24796748750051056,0.868326526294315,-0.2737384863954305,-0.3549391530535614,1.1206110787719632,0.15233465855158237,-0.21654290224696546,1.6241601931024208
0.3256326128693183,-0.8380738499811154,0.2876713215107001,-0.0516990863370256,1.3700867784370814,-0.47290997400543916,-0.5861697026626691,-0.8896240103154243
0.08177369172233445,-1.3723375914407032,0.45980794379174655,-0.24618097808375888,-0.6049300463220181,-0.4757734506624181,-0.3838288200544503,1.7579781525440936
1.0061060647502675,-1.1433525014576127,0.18244407528466555,-0.07847086018256783,-0.7544164038705361,-0.30519081121949454,0.07663203582492426,-1.0410146120222228
-0.3834224040427354,1.0279228952343769,0.45493156134560203,0.3612938230090243,-0.5924394222883734,-0.31476128880271587,0.08236579986239384,-0.7881178806128547
0.6578138068369482,1.2937873668479472,1.2045189225278756,-0.1568586987752264,-0.892989841394679,-0.8327703729852737,-0.22446248956482706,-0.874414784931228
-0.6699160686572311,0.7081896573672338,-0.4528376067689483,-0.21243066710392733,-0.7740677952231263,-0.4460148824825087,0.010852083752600696,-0.6793073362634046
-0.665747920145655,0.9846775183887823,1.9450934911966147,4.093688675500055,1.0652819709827699,3.3349441457073365,2.712549352322255,1.5671162809606636
-0.3575848773002772,0.6155796704482599,-0.8388232798969175,0.40358552196294684,-0.5461242159759645,-0.565253280792207,-0.11212556665095412,-0.8880432060051986
1.0224180151791604,0.9883737282596258,0.9420635734807166,-0.9134695437034375,1.2696739151531715,-0.1989671057673891,-0.05655762060027436,1.7133781818391591
-0.00843213455470321,-1.1278753089113667,0.773942130421525,-0.22580431164598955,0.9651126536705817,-0.5792189903624279,-0.77889557736525,-0.7442890691237591
0.7901266068182532,0.9752216792746587,-0.5214684352662775,0.13362746076845056,-0.9913457492369917,-0.15603435397801624,-0.3764823229950981,-0.4669214013487835
-1.2737741472398039,-1.176531203196506,-1.6180500710157493,-0.30867715153115505,-0.5898460307708824,-0.4064013036917523,-0.4791542669877264,-0.44700353873571885
0.7638322790107588,0.9232424081821173,0.6799801532184452,-0.6483081627184814,1.407246513589311,0.6996491284055055,-0.15912402937073108,1.0682200514725104
-0.48900794626402755,1.0600965913461358,-0.4143458509015506,0.327819088429939,-0.7122797704269249,-0.49017469055415647,-0.3107657964825616,-0.8267928457772399
-0.199710254306652,0.8323136767964261,1.1647678572066453,4.833673512389255,0.8554212073047696,3.1700234239632237,2.704560193132957,1.1899542903321654
-0.023506054770246972,-0.8645134033050249,1.480720328998343,-0.11712465016585207,-0.8657589579243081,-1.020210333571445,-0.31265132420043845,-0.619185668613178
0.43298783185563156,-1.1488812781027573,-0.4277698233746575,-0.8149527308712021,0.6864643077431911,-0.6577068821793439,-0.8077883694366849,1.589011085489827
-0.45812845121702367,-1.1156624620399402,-0.9712344675749683,-1.5440141678147892,-0.5315269844651881,-0.6126062343980527,-0.44867901029334306,-0.9474822995727228
0.689422431068725,-0.9826579951271677,-0.8148828940604558,-0.36378917387739323,1.4662181931552747,-0.22617727658467304,-0.377134592145339,-0.8370209586107611
-1.5181786589812973,-1.0418696087349264,0.32460570786849996,0.25609395588965983,-1.2695053699692513,-0.6646241883470868,-0.5008815787393949,-0.6352690451235747
-0.17079076758075956,0.9167806061419608,0.40633006359909796,-0.5761478361972157,1.320061024382863,-0.015138943142484552,-0.4199641103647712,-0.29014877803353306
1.1395553727322483,1.1225476157370506,-2.9835475192345906,0.45527934464522074,-0.6716955052908169,0.6403502280441693,0.06301119104258994,-0.2950028053948596
0.6175877005841082,-0.7474907507264746,1.9753363077700294,-0.11082524612446483,-1.1366612696056013,-0.3238955846259055,-0.19983576664440794,-0.6184112025437589
-1.0191163455385444,-1.3288919954466198,-0.7305946820594132,0.13482567042378907,-0.5173777728040808,0.18618691992722128,3.1085444975273075,-0.6519045265809694
-1.400734064359205,-1.099464542849084,-0.25337358084602585,-0.40734549446090484,1.1473046075654014,-0.01181876753145743,-0.056220775443177065,-0.6943466752425745
-1.5252471553630953,0.8463065761337742,0.045855032342436916,0.3072961424965582,1.0250216400188141,0.017820281373426054,-0.23080532935308895,1.5260243137905074
0.6575411301364016,0.8115829209722656,-0.5663997396194096,-0.20575379705294353,-0.953564873548446,0.015931962698030416,-0.5419595945786478,-0.5858399553606203
-0.13624179676537887,0.9824597624034195,-0.4521936551151189,-0.3417077320102125,1.1554203116318096,-0.11155976629139275,-0.32207547581141666,-0.2676795877046909
-0.8220964993800126,-1.0231706187772982,-1.5541269074826012,-0.04620030116306497,0.9174840706831863,-0.3117478009721882,-0.43616320266230774,1.5770033874764857
-0.484818915921304,0.8243699944921183,1.4230604220285747,-0.0825646710280913,-0.938027509517467,-0.3002976389386362,0.1895130645165579,-0.6851066232632366
-0.5899313472213508,0.8068698849979249,-0.5406194496530152,-0.44783623563578245,-1.0791870131050656,-0.6642507074381893,-0.5779752003359542,-0.5072673699053698
-0.35269944527016517,-1.051064098324832,1.2590710298274543,0.33729658560028947,-0.8832359600994885,-0.4586653320376948,-0.5888640899255414,-0.48549720428024934
-0.2167474562710174,0.8651124803806863,-0.8023184894659929,-0.5206228619641314,-0.7649445216606688,-0.743944311859992,-0.012226761496419896,-0.7493556618168122
-0.1743351239004088,-1.2715101756989526,-0.009619484983036677,-0.3372336491707922,-0.8376537149516818,0.41752781895914304,-0.2656615761448918,-0.805459507436952
-0.6069076563633217,1.056644169101297,1.2873693004469595,-0.08366529589347967,-0.6925268884511443,0.0583234288203527,0.11933200634137828,-1.0538968445693688
0.45475348613339706,-0.8187000042809304,-1.3217426233314034,-0.5688242729275416,-0.9949417617442752,-0.4994737679021415,-0.4701705648421574,-0.5823339605070936
0.6075911938367831,1.151507156311548,-0.8262177037466768,-0.551802294323441,-0.5693390529006498,0.07374481903314188,-0.2950728570287455,-0.5327007729378074
-0.08204817061247517,1.0428793648093302,-0.3298462481533823,-0.08911408546882678,-1.124544112763213,-0.48238560963672156,-0.5307384899251572,-0.7150553622797484
-0.7726356020943869,0.8364208091665509,-1.495547449764415,0.027188962869958925,1.1203517153144318,-0.9063706931642823,-0.5796839110995415,-0.5621139077825411
-0.4772954884290602,0.804539154942745,-0.07117839897661288,-0.05803603614245552,0.8544067789725054,0.033482805279429026,2.5323967012791035,-0.6383767666906437
-0.08637352563853275,-1.1134828105277461,-1.0100599672719526,-0.31951807563498413,1.455836539487056,-0.7632122981951037,0.20407649627162502,1.460712214251328
-0.03185446284961449,-1.222678863644564,-0.7603783208961168,-0.4097792807594999,-1.0332298601868861,-0.2828303394754714,-0.4470029749829151,-0.2363985360220584
-0.9570528678905877,-0.9906067432529576,0.24780010662120977,-0.6455515860571979,1.2714792544390454,-0.3617617077657366,-1.0937544381891424,-0.49257995381069064
-0.9192906017205688,-1.215081824198664,0.6831331763413889,-0.345062327639164,-0.647530997558419,0.3085365605880864,-0.5207884540037477,-0.46388149309685067
-0.6409021053494944,1.3762424247544343,-0.6829063668846391,0.2255542488197976,-0.6620638720988665,-0.06404763965737874,-0.5287325193468164,-0.6670874112071946
-1.7176490095793924,-0.9668552747355004,0.3484769581910368,-0.1453366454479631,-1.4118852700358515,-0.7231906797367055,-0.5527829643782951,-0.5717814928906977
0.16373481204441737,0.907310593991885,0.6310417463795305,-0.6272360891762266,1.2564336059209478,0.0020674654905580027,-0.20367863223679544,-0.6736790173535203
1.3508248296614405,1.036754846237111,-0.9553298268953514,-0.09763208300399381,-0.6799999354080278,-0.44084831860517903,0.01705126880437158,-0.5523409652292588
-1.8631199999727368,0.9989951288643617,-0.39905786062901155,0.0224018623572413,1.3220398189936757,-0.11444035638349694,0.1956839468229673,-0.6729619377796225
0.42209889861367145,-0.8535856049401922,-0.09368749982266422,0.12278994232504296,1.0197443141347702,-0.37186369233409977,-0.7278235495187906,1.5685104077370526
0.1913924965971106,1.170618100589804,0.7852631361352665,-0.319147848155284,0.9051216305480806,-0.015389827536974963,0.023713297576132747,-0.47207235324464686
0.7760989648642698,0.8991809104095705,-0.4589974172939068,3.648222240810403,1.125580306455958,3.938723809143855,2.844695590861954,1.4887676743053564
-0.1620066361513676,-1.1621894016102012,0.9341271866809336,-0.16901371243541638,-0.8620833560208212,-0.5072411170321274,-0.733847779963555,-0.35316395223614355
0.3680514995609576,0.6236705368106887,0.7575659071793216,0.1825034555547165,1.1609926297633137,0.4702026109943013,-0.253559537166763,1.2118077938370193
0.22213422946552278,0.9883076722293068,-0.5942084546023619,0.03751818455252484,-1.1554082419243166,0.2170241952160863,-0.5931102958779663,-0.8463921530871309
-0.14675568373834502,-0.9261631129119771,0.16477855155550736,-0.5094007299716845,-0.9272309897951861,-0.6679354886296759,-0.39045384661241267,-0.4032723429017244
-0.06237827023595511,1.1082102223079777,1.4423955377570101,-0.44514397730336897,1.0999104659210983,0.7090198288008801,0.12717195794276165,-0.9942714083385725
0.23906127123157628,-1.0105341191484227,0.8201972581730833,-0.5103645779423641,-0.992746693493152,-0.47750427565017933,-0.4981484830862066,-0.4591358045545479
-0.9687797052693464,-1.132125783070218,-1.7671987559036748,0.21767193554251135,-0.5781378370566272,-0.3320686040802505,-0.4131774146538805,-0.5370276641184472
1.0764551024782198,-0.9309165823655251,-0.6874420987284219,-0.8734668178900425,-1.0468687798205523,-0.16525680755397637,-0.5240135876763622,-0.5925807538393872
-0.48492141989384313,-1.2171054746643828,-1.1617858472532123,0.4483855749080156,1.3111911391360955,0.5253798572943695,-0.15331357958033776,1.4240853639674658
0.9600560493227307,-1.0170955039545608,0.22108541064480486,-0.21860324724771957,-1.406698932689162,0.47296304175116616,-0.1684938389876829,-0.5635720030177807
-0.10667114570066721,-0.9787558780246873,-0.5882551266288215,0.05539420019263575,-1.0845793239767252,-0.1182298871784863,-0.14660762166693328,-0.6772560195024424
0.22652306871610445,0.7470981631060528,-0.9528476624157913,4.052783155098979,1.2698531748581892,3.190172309818717,-0.15887441752930803,1.3997327281720422
-0.2075819659485142,0.6791617244203915,-0.8398638419933752,0.20063860793252716,-0.8213603960385014,-0.3552822226560341,-0.3568996492923835,-0.5292858677960279
0.28014503649615363,0.9258850824783039,1.0838430840755875,0.20244086076992482,1.2177623058897267,-0.1730110759272631,-0.11691274515622885,1.5841829661567932
0.7578641274053086,-0.835123891685661,-1.0047121387283058,-0.652051456045665,-0.965567810856608,0.21101163883705648,-0.809643975430648,-0.549603972238616
0.2201119240632472,-0.7837912736010153,0.18101701489313174,-0.7589431890551718,-1.0162694316767735,-0.6883354691724485,-0.48760860904622416,-0.6738642564898006
-0.9566426481493785,1.2274748933638346,-1.3084445538798137,0.3585282650139732,1.3693711148830408,0.17857542270212737,-0.5359349681464914,-0.5608556315762407
-1.042843566469197,-0.8329101637238854,-0.07057702751141406,-0.37089071340596874,-1.0682055589543078,-1.2282062993119498,-0.6428622032859135,-0.39514613217339417
-0.3693313914387034,-1.0436822791439475,0.6511326113707656,0.5494883027032456,-0.5675352023368445,-0.600964823011924,-0.9232352241078,-0.12694338606172542
1.6883348288253615,0.9772945599533635,-1.2542394738677032,0.1994340932001616,-0.8490280611859814,-0.24285112318354235,-0.04336756661348058,1.588508255154288
-0.9723329067004096,-1.0740059736676246,0.656671097219583,0.011212827233488678,-0.7763460803981025,0.19321095106827227,-0.4329541109365992,-0.5960866035929416
-2.658747149662034,0.8527898228762846,0.7583183521110967,-0.36302662915718675,-0.9194006120303481,-0.6297679559512581,-0.009591466109865495,-0.5165402818470756
0.5765855139931653,0.6037108505612656,-0.15611433375319578,3.838029156432413,-0.8829308459674425,3.7147608219734742,2.6732574967604585,-0.45175309294089966
-1.5322491833343639,-0.6638634058954076,0.4812622249805607,-0.2183986090385641,-0.6496796333695601,-0.8007840480099165,-0.5269206197913849,-0.6605648295069273
0.9925707277032348,-1.0197156447818405,0.4478383713861072,-0.4457923914187441,-0.732181889098861,0.5031774670589785,3.089346835483997,-0.6520422862419499
0.4611239727231579,1.0532073375527764,0.5037646530032082,0.2612335174607135,1.3535214789267271,-0.24875922192999136,-0.1217018904141829,1.434173272751105
-0.7699856762481654,-1.0632261285196898,-0.07284578499254717,-0.8912339256716542,1.3055621810644888,-1.3489810645831495,0.5211927463158108,1.839650257443216
-0.26010720989292746,-1.0088041422051788,0.30233408389080124,3.709612016388455,-0.7899783476680727,3.911466209453081,2.751359767695127,-0.5954861692555401
-1.0706890828056934,0.9482448228137657,0.16430734647007406,-0.14726874355686762,1.0941631909764558,0.2784039221389838,-0.4304530322802433,-0.5856201775550087
0.9399991219022628,-1.0261309974214659,0.2147753626740288,-0.24085876851549237,-0.5847499883613995,-0.3031692406010622,0.07724337132435266,-0.656803083261521
-0.7209953246442629,1.0730811912768212,-0.2987843617381873,0.05702369326320572,-1.3639737768568767,-0.19359997699996828,-0.46331289340164855,-0.8632379771356236
-0.4851655416304721,0.8285850144817022,-0.04485706504752425,-0.7689643877492867,1.1986885542878285,0.37356585169456114,-0.23364599859165255,-0.4604986470706714
0.7838657231594385,-0.7693835692536778,1.8526818821587088,-0.4082386660033781,0.9954231729310792,0.13072008795872742,-0.10111277947448007,-0.46766467691421637
1.3959074823526358,-1.0084249233921119,0.4241967372266381,-0.6081826439450485,-0.40835854128505145,-0.3360156048753738,-0.4163614553257438,-0.7091096881280481
-0.5557521631108823,-1.1529687685983496,-0.5154700856109599,-0.7683284159168824,-0.982082004854568,0.6164112776172802,-0.09261846205093283,-0.4353489259653337
0.8475145641887655,-0.6527730096217782,-1.7497976930939343,-0.711853509877463,-0.9856975852479976,-0.3915169873890527,-0.4139899814629486,-0.7306696719281742
0.10980225739336656,-1.0037566611366113,-0.712463505523766,-1.1047993867452128,-1.0228527928565592,-0.42465026522156907,-0.39740077019553455,-0.8775231758484856
-0.43708251507589696,0.7198495244905625,-0.12185530274419709,-0.6467029088842323,0.9698036430700109,-0.7411296992867532,-0.36837854454562313,1.3301991861288194
0.6392511513146603,-0.9314551984187317,-0.06648846907715159,-0.5321823343031961,-0.7530674862475729,0.09206275272543793,-0.276519357223031,-0.28954778971951567
0.29488759538983034,1.1187841770294082,0.13474571612496616,0.07994542135122064,-0.9843338309781987,-0.38679490305778286,-0.21242175869660793,-0.5609312207583921
0.3318344450595621,1.1552291906371526,-1.4070644709368032,-0.6057162221876188,-0.7827192903339065,-0.49762911059310866,0.726798442880049,-0.523583773086128
-0.11942056783027577,0.8399474181131545,-0.47239538384142193,-0.1882845913652166,-0.805818532491309,-0.38608679730017087,-0.4054869119493563,1.8057500739147063
1.007160622954557,0.9897001576826111,-1.3242514275520494,0.022951741497282317,1.4418800635297921,0.3750520227785948,-0.09299971056352285,1.8225584297902653
-0.017982130825422753,-0.888089973527313,-0.6708556613243379,-0.07936569800906078,-0.5666454205238439,-0.44139623303477127,-0.5879377467586607,-0.6135494225578697
-0.23365574924393473,1.0671836998328508,-0.44578135019051734,4.66847300034371,0.8832195379199149,4.4939363407025406,2.5433892119625234,1.1302468135039903
0.12410077280159248,0.8908458243840002,-1.0950871674661216,-0.899459579405242,-0.8294583733023154,0.210885872072644,-0.13935661272875013,1.5287790388077773
0.3096820869813353,-1.0159533160693976,-1.4117665316253545,-0.7912229284980125,1.0966505289549615,-0.26271727512268606,-0.05685113181936625,-0.47161648114088445
0.4069389377574242,-1.065331234807356,-1.363221106036579,-0.02958367647053982,-0.7246529753875997,-1.1911283922697409,-0.5795314093277482,-0.7831730655992416
0.032050410539254386,0.7837750309726271,-0.035111563552653643,-0.2882908506260832,1.1052975290528828,-0.4943080932366851,-0.5189451840986619,1.2842044942227793
0.2336080405443914,-0.8992116948019269,-0.7597338459606073,0.4310522747807958,-0.8896155682098618,0.4418964952045644,-0.5199196715477381,1.080643487625037
0.25065142609951135,-0.962148070144624,0.036638417536994865,-0.4676711268874467,-0.8346072865674257,-0.4088234091359426,-0.4145420797443319,-0.4534766685283156
0.08277692045127383,-0.891631651294102,-0.22676632565806068,-0.3429248203210364,-1.0544033949244431,-0.3499724086733727,-1.3507726545873688,-0.761482994110032
-0.1221494092625522,-0.9006612121198235,-0.26318065400444735,-0.05634236126787534,-1.2560085569986184,-0.21945443757197255,-0.8416481849090992,1.2566625575452774
-0.20323798859119444,1.1895445870511971,0.3698366688080341,3.9619971352484984,-0.8316525036831371,3.674087961633335,2.6118878627737057,1.6085137751393588
-1.1260099812251791,1.0562388851498112,-0.38172382246300735,0.14222926015490303,1.3253554148093531,-0.8929840083394817,-0.5011419922628161,-0.8185529382545016
-1.4551406486000489,0.7390595708027392,2.417669737298096,0.052456678257912406,1.5131880153470783,0.149736384078086,-0.5508452839514415,1.4344580192767316
0.39408011881683647,-0.9252785949479091,-0.5685321718924742,-0.8282456934515858,1.7824005506517464,-0.2545896439631802,2.679573553220298,1.540960254587542
-0.24602903656910552,-0.9866969175544261,1.2757493550933379,-0.25256149451876486,-1.0562161035512196,-0.2631300439864254,-0.4648004599154017,-0.32822521603582505
0.8428246550592992,-0.9896634545138316,-1.2623985687804455,-0.7101952189594142,-0.8248452219870641,-0.05561516079453582,-0.4369566861934676,1.413291530873021
-0.5156307237201075,-1.0152079365020408,-2.3545765221673456,-0.658435326932629,-0.9509923929727135,0.30742686510555806,-0.5731659895922148,-0.5956997567451868
0.11537328972451211,-0.7573981339862011,1.2516410163867782,-0.22470253956853356,-0.9212191039844343,-0.47240456437135925,2.7058346077086592,-0.7278852439111856
0.3672726628880011,1.0225335920392615,0.5880636508106238,0.32245267359681484,1.5024981050126167,-0.14381886305975689,3.1215815646667884,1.440935202694836
0.8535202287023267,-0.8035251672602913,1.0002072701803892,-0.16172054377279285,1.0052697713297323,-0.7769031135166443,-0.3331893241135789,-0.304753775975998
-0.29771766365574737,1.0937154537841194,0.8375077541044329,-0.31868689359703734,1.3951401602877016,-1.4078789367756985,-0.6999923520009298,-0.8314820474500824
-0.6903865360481518,-0.9450328491915075,0.2895388233429354,-0.037096567879312044,-0.7107231533856532,-0.5917008592510502,-0.6985737198514518,-0.5492679072341247
-0.5444590677179763,-1.317069368257763,0.9635334425221425,0.37888826380197954,-0.5219309776879693,-0.11783846256513039,-0.12664763370150522,-0.33984776908329284
-0.5530720401470394,-0.7939315641431038,0.27505438949371963,0.17885951876314615,-0.7912603246476363,0.3444126171570335,-0.25144932799396325,-0.9537391847082966
1.0590844166524416,0.7556449891342808,1.2422239808195565,-0.23830672781819603,-0.5968031683411762,0.27711659344162926,-0.18736907527438373,-0.525129189013269
0.26638589617024516,0.5475931673980473,0.11967402543214045,-0.6645591174878663,-0.7941884000876979,-0.6720611427688765,-0.6882696907858314,-0.289282635035652
0.7645237291444595,0.9397158191755909,0.18539943162435693,-0.3038235531146422,1.248505651636293,-0.47749746272989013,-0.012576729623334077,1.462139325750338
-0.38243413668198617,-1.0064068094556484,-0.5821888311993074,-0.06423363953836574,1.031002233875725,-0.0005239358123737661,0.05635625592836185,1.3618474947121808
-0.15965597404467854,-0.9206300340957784,-0.42856594139642273,-0.007872836723510199,-0.7187147542079942,0.25565243886957245,-0.5087122128671655,1.313780375261817
-0.29597137324918943,0.751699416560917,0.5610536826226397,-0.6835431704887148,-0.36952374272014143,0.3442755781105982,-0.31687209571392727,-0.4479349507287235
-1.3196537849904195,-0.5182909821185404,-0.581266618145847,-0.250878183320721,-1.1923911691022429,0.006878631582451108,-0.6638905121472756,-0.6126530968839062
-0.4782600722634825,0.7302382140533442,-0.7931152577825875,-0.10698859896148757,-1.0795490721500716,-0.5078172042006408,-0.11506672126932892,-0.07470053565718116
0.3087126766132751,-1.189616492629489,-0.3605605165356341,-0.18768277070577163,1.0679202615278989,0.18055720419426813,-0.25332574324986235,-0.4392320489692528
-0.3012594294028224,-0.7520160893736049,-0.16208510062404374,-0.6043605040885487,-0.400108306022693,-0.9562818283035343,-0.5498824837223282,-0.7694003123576033
1.8726394473441033,-0.6580949516720337,1.480508869403075,-0.33820502557685134,-0.35122329999298413,-0.04226788173843108,-0.0176868228742159,-0.595865985393182
-0.09719117477051542,-1.0597696193551236,-0.20477637150276012,0.052033572940184895,1.2086923415707003,-0.20888402320365754,0.147386864625537,0.8784022729318441
0.3335868296818847,1.0805669499510169,1.137267266677838,-0.227764309610561,-0.7869726709758224,0.21509957702178953,0.14169349809349188,1.4519325349186443
0.1465121866522611,-0.6831254881676135,-2.0986180237746876,-0.48752486848893883,-0.5398706283980931,0.2595179979589123,-0.15874274087954396,-0.7310180041038967
-0.7382146022761051,-1.1259994526128037,1.5340085527499423,-0.4619411516294887,1.1564837653869553,-0.5098574757870121,-0.05939693702275561,1.4006953932648507
-0.13425571183533236,-1.3390994321429848,-1.5934396355917062,-0.19762034211658766,-1.0881267542898863,0.6814717555610882,-0.960126802594817,-0.806646079462289
-0.04623330843400988,-1.0818869348056526,-1.0896818955732235,-0.5988498251265651,-1.0224177565654338,-0.315253052520532,0.2845930332348494,-0.6177551786062565
0.8518979436035135,1.0394436832959193,1.1045220345943887,2.7909720382334458,1.0767534593797623,4.516189687192062,2.603280815098102,1.8957066692917184
1.0837006461534946,0.8489888466994465,-0.4951497676919254,-0.6219853185063285,1.0128844669715629,-0.7094190309237068,-0.18778211377075454,1.2033705372614494
0.4058607489622439,1.0630727803323428,-1.6407624211075365,0.4431766182822216,-0.7269237982970177,0.1166482951061857,-0.5560624203418207,-0.5006402359841541
0.8083798894719104,0.9212839566452613,1.9830513295079695,-0.18249885943432084,1.3606537560174776,-0.07366522745439091,-0.13918044260530898,-0.9940407547592759
0.2266662720588307,-1.1540493353802588,-0.8347009178100491,0.523906338108203,1.094567952197991,-0.613869454380795,-0.4321522953548711,-0.9142602769652439
1.0451895129482927,0.8047851417445218,0.5262331645459615,0.3626848626958919,1.038311660692976,0.02593757353898789,-0.640240056716782,2.0426906370102023
0.6620439677630489,-1.0482241251990534,-0.7619258467011598,-0.24817692572729483,-0.8946016025858173,0.618070441734551,-0.7008559108159125,-0.6055231297969822
-0.0732180209805567,-1.033552099134617,-0.1048372275232036,-0.24903882743218447,-0.656312955579413,0.05800952000612379,-0.19085233595264994,0.8639390661625707
0.17178732031158908,0.6174811374234759,0.6419975187003828,0.41187890767568414,0.9546122444060028,-0.3048595416146304,-0.5066546585560092,-0.3687664087135387
0.01408907670009408,-0.6734173731105185,0.411927484097152,-0.10006509306308287,-0.8144176199877189,0.14510810128242105,-0.8596930089394877,-0.6161619313492027
-0.11304045667648757,1.0820654700946037,-0.18307342934580637,-0.6324268275326415,1.1380044261611735,-0.647015167714189,-0.9178672624369455,-0.47810887917894984
0.38686040458213494,-0.919506116557783,1.2915589794695277,-0.47714480796544684,-1.1089406956839662,-0.2249522506923995,-0.42854499060751666,-0.8157066074216379
-0.12058986744885004,0.8211896990883742,-1.8136873154357118,-0.3841278134552494,0.9133336122430645,-0.09923574102309257,-0.524232927396504,-0.3953971057627332
1.1760983072077091,1.0730827917098158,-1.5317666437214301,0.42463489648516445,1.4460912955420644,-0.18793867257162075,0.08951598150622747,1.3979099630029888
-1.4963567151208468,0.7921798789096032,1.7133555437140369,-0.8203868034494004,1.1364664386198167,-0.18154054420113458,-0.47986457544077493,1.4211748829851458
-0.0034536388004538982,0.8308368183185344,-1.4041830554605619,-0.11145800272294556,-0.6169663933653295,0.1666029187764424,-0.5719011969678616,1.2474290850092757
-0.27795829283370477,1.2464264893702026,0.6412831840174887,0.09170481645646082,-0.6530145935385022,-0.0204254580824005,-0.2833671391435485,-0.4920513670513293
-0.4797169147071197,-1.2866288073798018,0.7178513859444496,0.3134999778797324,-1.0474788516444866,0.1467455709820919,3.301864777585237,-0.6350034601056654
-0.6890674193024907,0.9645271105261094,-0.5420118315437464,3.6981561615210836,1.2216541360578985,3.3031613623216542,2.332781504932426,1.520730528571062
-0.0762758210100111,-0.9436101308600044,1.8577139867970804,-0.1573807400946031,-0.7103124697991665,-0.6022974791083785,-0.0826064597096887,-0.747752278626677
-0.004091542970938829,0.9192859170266204,1.024501972926674,-0.7451341797046371,-1.2763300263913426,-0.2847117415149908,-0.175463450290611,-0.6017655965318236
0.8898684900735813,1.0258628411659938,-0.5551833038662679,-1.1670743979859528,1.0899434198203608,0.23260642550353847,2.6590087162952005,-0.6284283042277128
0.26540908540379826,0.7424235595427774,0.6191609953009413,0.4794531031449264,1.1026134285376477,-0.6662777901347986,-0.3414277461470371,-1.113007799566595
0.20036579347527156,-0.9223970768142362,1.660266906095564,-0.28141803802575543,-0.7475741009811514,-0.554688873582521,-0.43131352761413766,-0.9626030932226313
-0.20910955506737067,-1.0702143125051093,0.2986024590993748,-0.4599276063839662,-0.8114438352274468,-0.33469672826885016,-0.42358251670268054,-0.6172335302534471
-0.027887092499374763,1.0890419107988403,-0.11673453818077505,-0.3461941570309242,1.1010430876753272,-0.4935870863843135,-0.43239403639672774,1.953503648316179
-0.7619811727349649,-1.0650139009856396,-0.38071634824525424,-0.3035142321497284,1.0714926062162369,-0.07940298272806551,2.2502087263266213,-0.41141420523061367
0.4280789795646789,-1.2531484463198173,-2.2421115248566066,-0.6068047257502784,-0.8754848287712745,0.8795013652784064,2.94908128062328,-1.0233510956980953
-0.5902231373512313,-1.021026020604709,0.25357473271485936,-0.7471171828064976,-0.8543331627614199,-0.4948268500239091,-0.6630886237558108,-0.5786786301171433
0.5368947349811716,1.1046253466107705,0.5708357089367303,-0.4074772345073151,1.2769249511625098,-0.06697862213707353,-0.2792319791516644,-0.76610165680462
-0.4417569738828295,0.9549406856518852,2.41630318413449,4.079594928884224,1.0165000452006552,3.6245975461701523,2.628082222230379,1.984938707774026
-0.366576785700575,-0.8336977525638148,-0.3692799982276701,-0.09228053445121942,1.2920890560582596,-0.4340949881040692,-0.5196047213690848,-0.2776806295609017
0.6991743062852007,-0.8563699706926572,0.7814408907114482,-0.009844523711794697,-0.4314488656344648,-0.17747147725875487,-0.14174191507411968,-0.9466263255117836
-0.6944264057571692,-1.2449432824083044,1.263003921923926,-1.261447991461945,1.0575316423639032,-1.4433196179800638,-0.5785854013407477,-0.7401283641533035
1.0074425933956757,1.0179128609424253,-0.821586408729556,4.39735422822199,1.1400634030037324,3.987129533971778,2.4076043443626114,1.3036189017837665
-0.6945316164951942,0.9495894794541697,0.07966358861913425,0.44079735708320456,1.2121998082874095,-1.3240777295213513,-0.2393173207929991,1.2046676807601364
-0.803023338238638,-1.1691112499866323,-0.6536055570782424,-0.7722149957705257,1.1765320029742536,-0.7836848221598255,2.8912130258026534,-0.15332517498622286
-1.0828812921122468,-1.0661561086704703,-2.4937615769968144,-0.325854280564313,-0.7015621543321534,0.10453878927348408,-0.2967789550124356,-0.443230722314771
1.901710709214879,-0.6765440591373845,-0.5142994320215646,-0.8037758802541008,1.056777047997882,-0.590399927659592,-0.18079275344940787,-0.8886069568399045
-0.11517834311146756,1.1040346848126699,-0.09700145217919101,-0.5940239335037447,1.3673381868033396,-0.9787862765852395,-0.42243366633332474,1.5076193726885876
-0.046843416282549746,0.9757419105500678,0.6065022474922643,-0.215521337729521,-0.9001165030710104,-0.3656215470898378,2.5909435735408635,-0.46511174476032996
-0.557009501703944,-0.8454241571035447,0.021408922383344218,-0.41740211621193885,-0.706337541149527,-0.4989169109462044,-0.12284785288980611,-0.5887607391130889
-0.5183458010304877,-0.9074978764613757,0.5433374001865715,0.28016734238681285,-0.6380283534882816,0.008956717632456632,-0.6704799281350182,-0.10780445212792403
-1.1400693307269205,-0.8254262385298393,0.4292689681313534,-0.6886919466040972,1.1121430928335236,-0.228587382928921,0.08413713847101605,-0.7879606687845196
-0.26082827371024964,0.484717800132588,1.7187588527408886,-0.6456129564710603,-0.7635983987461449,-0.23802824985248958,-0.35116602778122696,-0.46031077513639396
1.2280026344874524,-0.9615727557621686,0.6506613828575155,-0.06414671742300283,1.3364419562273955,-0.38867767051821933,0.012746042988825446,-0.3956405261953157
0.7746045052638416,0.8117182011539161,-0.16391727415897078,-0.10130467803159086,-1.0971009865435182,0.4688729737044423,-0.3245797132670053,1.5776566254835094
-0.5034665990289747,0.681628071188777,-0.5949336242618395,-0.1097243388979084,-0.6955292280614325,-0.12834665951439794,-0.21324037673303034,-0.7070180614181442
0.3230832023291933,-0.7213178548461618,0.6998392987339042,0.13557458101920242,-0.7700601100591501,-0.8221704775949703,-0.644762001028372,-0.5366718938484374
-0.06751978014200634,-0.9248226689575658,1.6610455825855706,0.10087595959841535,-0.5805233549664233,-0.15631309459708412,-0.571119717005034,-0.6469678755198511
-0.6788628436099832,-0.7065939370978332,0.7845222458974246,0.015476207638261694,-0.5850302246075433,-1.0375758620729205,-0.13836899454900123,-0.9164534440504201
-0.06468310036360722,0.8797047348041293,0.6572485164950322,-0.10599165326594347,1.4007921303078936,-0.4465943483456039,-0.10084973062274354,1.5514767198391741
-1.3184896532235162,0.7612866499251687,-0.14565578407750787,0.26137441676809475,1.227653143472085,-0.6822951753524957,-0.36428955396449736,1.9506314412187324
0.026561760726591766,0.8766574048123996,0.48907597289873156,0.11639868744070692,1.0469518397465385,0.013666017013723896,-0.4227730928659407,-0.479785636633868
0.07159142328048633,1.0345641024153984,-0.7484221573879773,-0.5420721512699682,1.322291743285133,-0.2288555430325587,-0.23237250023310232,1.4506721096992694
0.6330457934708142,-1.1292372903412113,-0.13153221070584625,0.1257893974008192,-0.5974009842907992,-0.41403239416484644,0.28699811194463354,-0.5671388228084675
-0.8622908841196344,1.0125323428118627,-0.3762750807581246,-0.02044327053150697,1.1281418963923537,-0.1648174801109086,-0.6034910985397136,-0.4215480947392248
-0.9494694874069397,0.7241855050949347,0.36603153466211047,0.46520999411893427,1.0672979182959426,0.09634310926304986,0.012110145142587436,1.6918277276309264
-0.29876765645048886,-1.2235248714900173,-2.18124216172278,-0.31002501590425474,-0.5963952884773805,-0.6642364920595547,-0.10361135817979313,-0.8389076988706256
0.02259498089618658,1.0786261055997257,-0.649803912721871,-0.1299684168518019,-0.909355565676183,0.09808349032623383,2.85357777050888,1.5287362373996702
1.1410447559070018,1.069751128218355,-0.6803291871353675,-0.2364871604403528,-0.842725378720702,-0.1622980135952497,0.4621713076651961,-0.5547462863044975
-1.62701524334196,0.8346149361649442,-1.9090198995546128,-0.33784750733256647,-1.218198546653653,-0.5589821216247004,-0.7924042477615321,-0.5518835395398763
-0.05867985027866782,0.999637127388447,-0.10081559007627416,-0.7801715798933343,1.2374354066803464,0.6052686718696259,-0.1938603644194144,1.4249601757808383
-1.1588998769067107,0.7633450316810245,0.45079132155431195,0.24509654113377843,1.1878044145924749,0.1375633860275486,-0.10129513244470943,1.6255415359886325
-0.5662088545351348,0.9744594971121006,-0.8366591717050685,-0.1935665991499482,1.2015545306166162,0.5038209788286532,-0.726968590028661,-0.5309431177787516
1.0816570448302774,-0.8625794739832359,0.8266199136594116,0.04339204534505436,-0.5727742268460909,-0.6489477849809844,-0.7505993794981825,-0.6358828170690266
-1.7234820055398299,-0.7705237745618968,1.2102280751576757,-0.380875873701807,-0.9006493037544616,-0.22591809206135782,-0.30463878056875504,-0.6071638830760036
0.37081890203138007,0.9068418140930334,0.9356845811402372,4.139723314774983,1.0173300053367915,4.527848486691,2.3593515382145096,1.4967550669720795
0.6855617882444424,-1.1517270565468893,0.3088471992327232,0.024961393930640285,-0.9968552843157549,-0.22597236809424961,-0.36930992757139913,1.3978964726333878
1.7135053391364006,-1.159538213852284,0.9967590029939447,-0.3640266060470525,0.923104220043699,-0.15292393631382065,-0.11946446229078904,1.7145917851283958
1.1440599507034521,-0.4359765019616377,0.25043939601987664,-0.47633881106463666,1.225522044320852,-0.306706559037877,-0.03359599271224789,-0.9135534396370147
1.7648423058259828,-0.8436140618001944,-1.663317345561608,-0.49542658044002724,-0.6675069592968789,0.29444209279857203,-0.7153402074625749,-0.4811412070979863
-1.5588100022927678,0.9230931832432585,1.1027259634773157,-0.4299762272340865,0.8405442051935348,-0.13483786835277164,-0.5083179731463171,-0.49909590721283803
-0.7409161847552423,0.7897697088222583,-1.99669894271384,-0.13019278668397316,1.1049526892961203,-0.6909979831634969,-0.2606681640412774,1.7375140750031837
-0.22511167007497454,-0.9583195195969603,0.2729917812382904,-0.7012355297509287,-0.4238251190483738,-0.3919837326928643,-0.11728642708004987,-0.46905429306913965
-0.16660233828221524,-0.8922475104393212,0.24579480118605013,-0.7898707217665866,1.0712896090496118,-0.4510340219691168,-0.4639765066477654,-0.9150245522129161
8.509761809936913,-0.6980677843566889,0.9701206721092506,0.3271254432996851,-0.895515256608052,-0.4609128616803066,-0.5622409207267285,-0.4959754000996931
0.11577399271675629,0.9254568575636677,1.2838625962937231,-0.03254626572885799,-0.9925599334404591,-0.4795204355664521,-0.10926098294824405,-0.41043300623040446
0.36577307347327065,1.3106388725657718,1.6200738146235956,-0.017548177001561686,0.971831664733523,-0.7416728497984404,-0.4409137005269392,-0.4724964487266699
1.347669782178351,-0.9291924748028045,1.158793662536549,-0.30273964481134075,1.2588957788778452,0.1473437150740527,-0.9347176429747007,-0.723455147484853
0.6723023594472797,0.9940774762328443,-1.181060165602442,-1.2105805840916906,1.064707367697732,-0.22560063883450063,2.5064600508173824,1.547359882265831
0.3308909712659591,1.07138640722476,-2.328021181883944,-0.7469244787986161,-0.8876553563904895,0.04266934796635301,-0.1690427604311897,1.6180848635781016
-0.35437884397282643,0.8765973357334687,-0.7178990114259722,4.273624100308121,0.9557418246927245,4.325705385246561,2.8450601908404676,1.506891342170316
-0.5648509558201086,0.6760351858100135,-0.6380883293187476,-0.3379341902514595,-1.2931815629791277,-0.2780118381449715,-0.03409492920273698,-0.5125059708340873
-0.44124078960589364,-1.001485325076728,-0.5475820044820882,-0.13899521764472464,-0.5252808418498096,0.20782791159783803,-0.1592547475980811,-0.7405448093009094
0.5184586400853238,0.6113861601816252,-0.24703145382761874,0.0417368167498902,1.2820070784501953,0.08338805202538371,-0.22933441504698282,1.4744784424350688
0.35521894008085386,-1.1965625315131105,-0.8329983457585441,-0.1751565499360283,1.1705830143883331,-0.9565474615834341,-0.17961459493244747,-0.4682985895775743
-0.1186153057504648,1.403822248666742,-0.6729920248739527,-0.35084876902191786,-0.9054220136333789,-0.2275183703540776,-0.4227220183636536,1.2139616878301762
-0.48001125419201024,0.9214766740885845,1.2180006406817814,0.7142741036459548,-0.5654786488876041,-0.5188884698503817,-0.5365685789115112,-0.6687934679314073
1.3152561897921373,0.9082471036155757,-1.3106467814950007,-0.40905938164405636,-0.6791016997593626,0.09174578698451016,-0.38286689341218866,-0.4875108707440439
-1.8097449133004226,0.9607829296721754,0.8540621834492172,-0.5468826163230281,-0.9921043746905165,-0.9735635568075172,0.17231306839230778,1.3616684606691243
0.12654065435130923,-0.8928090532383721,1.4984539963491166,-0.2647568027031698,-0.9337803196957166,-0.12364763058735016,0.07746843747962792,1.4799750323805931
-0.7944734193490648,0.6398964523404732,-1.2055765350701326,0.15836585772263587,1.073577758957104,-0.44893790156883556,-0.5428201994449378,-0.6162260546676748
-0.24350800277951715,0.8872314509547218,1.3374565632394375,0.43827248046219613,0.8202916067327946,-0.05925326375142336,-0.5617059505513277,1.4631795395716602
0.17909090488993418,0.8990188882450018,0.2306002982763522,0.07882589953582027,-0.7699500261590478,-0.46532158425186243,-0.5159103553548817,-0.9442154505147461
-0.7167292183539781,-0.6278109829603837,-0.7808899568668691,-0.696685130744211,-0.7649701233102373,-0.24176082063551196,-0.3814329970316214,-0.3314202402919754
0.3638064898537363,-1.1140538808556883,-0.41730665094848146,-0.40964501024930783,-0.6559842063232043,-0.3241817615145448,-0.8768954696441814,-0.6449143310112285
-1.2428128915243004,-0.5844634089709266,-0.9526905102398263,-0.26806727123078306,-0.7770952620890147,-0.3160600250250898,-0.4107214514924769,-0.5437809635854891
1.1162972338583117,1.0902779837479977,1.465260032063099,-0.6357030912662679,-0.7654740307801,-0.13107432406849123,-0.2118859232378572,1.812622281795709
-0.22913270431995045,0.8614036082951525,0.5308637924366142,-0.9396929457128672,1.090033817493606,-0.2516925832415167,-0.6062095232768578,1.7439649499966683
-0.8771637757650034,-1.03715449050552,0.2926247676006621,0.3615815855424379,-0.829889681153837,0.1943488751421036,-0.10349178495260042,-0.6079633103516704
-0.8981677401287715,0.6606133531371573,0.10797611330273982,-0.42631178923769103,1.3171379633237115,0.11504744706543721,-0.37802699783552435,1.2675451055197147
0.3342401365780387,0.7419051203146743,-0.7477102572336263,-0.6077785422688828,1.109353661920086,0.2918785203154318,-0.32233566670662533,-0.7298611030419965
-1.234024825258295,1.0482528608931134,-0.769415470208146,-0.15197745163481463,1.0669786051963523,0.15351973272955222,-0.3695371220617524,1.5039052102206052
0.3149956912143642,1.3516234255651767,0.881525752618044,-0.23762661004539734,-0.8271877941642002,-0.41449086151630593,-0.6154010791934748,-0.7534225644553818
-0.6537542447547338,1.0680072218224335,-1.0570849265292375,0.3531709835151576,-0.6800857773744554,-0.18722556631314172,-0.32067349338739315,-0.7543971256792388
0.14890625032933166,1.1528291709057856,-0.6929963628141005,-0.8379684832884742,-0.6896774601290423,-0.06059793196965469,-0.6681873493318127,-0.7922801811207382
-0.7207215805899044,-1.1520117639066396,-0.3175952116343857,-0.3115652787357354,-0.9556563746439724,-0.5117144723312567,-0.39172678583682863,-0.5984481341331077
-0.3026862941637891,1.1665994496403893,0.5052485970895432,-0.8618418479847417,-0.7249361496559393,0.056575794870919176,-0.4555996848451029,-0.9561524035149742
-0.05288273787320984,0.9390200198659913,-1.1069948549884592,-0.8038237608888356,1.1193616641598356,-0.2928980811945351,-0.4501817154663637,1.4986383723885506
-0.9083820153063619,0.8556833225053654,0.5302150633997489,-0.34622936480904837,0.80812213752828,-0.39275152549865494,-0.6526679914101772,-0.5770565600836641
0.18645264028208444,0.6168693947258487,0.7534808935146178,3.4922826954184405,-0.5215338984730045,3.9511482508231217,2.394044539377825,1.270928110721917
0.20898516683110904,0.864174944484592,-0.09300286781063699,0.4693386250933457,0.9992026177404976,-0.17078115268777042,3.2209434636405585,-0.5763300947214601
-1.2963963760680062,-0.9120335220879765,-1.1479076320535468,0.3837522196142679,-0.9894581765949448,1.0416978260681244,0.13431521098527782,1.345221444063067
-0.0436818988309054,-0.8635947609048094,0.7778638772143088,-0.017007820391493504,1.3825316526126024,-0.24701329259599134,-0.43450500682880977,1.4419669129458637
0.6019681147008517,-0.9393904456559992,0.2907713152330843,0.12962942727323412,-1.2307199101829343,-0.0665559028713423,-0.252986017414573,-0.2755427820291699
-1.2363144770989045,-0.7068101897507483,0.07721356970844498,0.0023776887795149294,-0.49860245557909627,0.03791374659650691,-0.1966033053037887,-0.5824009946810702
-0.4314387098281201,0.9349654015262324,-0.7052200573562007,-0.21932730461239586,0.6776957456006445,-0.01697789531077903,-0.35852752750114497,-0.706841103660672
0.11014817959450261,0.6608117747617233,1.9111785817632938,-0.2435109794775248,-0.8564653372580875,-0.598073258623795,-0.3133456484940309,-0.3361711786578902
0.7387001917929943,-0.8439282668150063,0.5431486735747244,-0.34979141419159204,-1.112682641201249,-0.2795468909033576,-0.3939247638279329,-0.4089139874390734
0.17917720417437172,-0.696054399347062,1.1872506909332565,-0.39049317722923993,-1.1804469565816982,0.38163382239058213,0.10082328417274602,1.2226949334075994
1.1032234675567714,1.015081566942178,0.16157474275807,0.4701709267104384,-0.5636692076198422,0.07565634060100798,-0.1740102077950591,1.6491735114667803
-0.36719350059092565,-1.0213945987696964,-0.8900196388810196,-0.33919443305570623,-0.8998366966030854,-0.4605163628809849,-0.2783621629453789,-0.7042118372616072
0.3276933496664289,0.6239821829944554,-0.10952451641824938,-0.14614599246400292,1.0755411996972515,-0.26760937472951235,-0.812415673706475,-0.5578384486052637
0.43964885991275965,1.036821499233442,1.0301930574567824,-0.11706853499703851,1.230591481986327,-0.13072232266583514,-0.107537421539346,1.1773028175477163
-0.7472732924034133,1.2501548089384213,-2.4314163912586664,-0.2590558912580433,1.366839412369389,-0.2346331280369745,-0.446381206106867,1.5444207767977527
-0.33104547430543785,-1.004624130298432,-0.6734331693028229,0.25987104194619476,-0.5482331867999242,-0.2513561336690755,-0.7507739105324993,-0.7472042437072562
-0.20079135584654476,-0.91200428088301,-0.9945813646599492,-0.5204134007981159,-0.7274999806712337,0.19549704990978514,2.587817937926708,-0.9213087524473298
2.4701194372461748,1.0933598830943734,-0.26152450505623687,0.16029379246459977,-0.8522639674971124,0.16559626708597766,-0.27133858592854965,-0.614886770927955
-0.1465686147851546,0.6581157665459401,1.919908774627487,-0.5920377738625157,0.8694006447527886,-0.28447303582669015,-0.6189602449754732,-0.6456442236844366
0.47057584169261046,-0.8164431168200803,0.8086006750135252,-0.32780589334332555,-0.818074297948027,-0.025795998172823922,-0.8659271418236537,-0.5117817392438635
-1.1814125517385354,1.33862990207692,-0.3975600400351119,3.877601838895591,0.9853610248950566,3.7089506474645813,3.4858776707520507,1.718863896428715
-1.2521903983469196,-0.71714625206035,1.1830499974571493,-0.3176589898707171,-0.7675691740753114,-0.20199669845519333,0.290997614048935,-0.805810353076101
0.0533526618721704,0.8569857818030876,-1.4150471037716996,0.7098674741246499,-1.0599201592928569,-0.1040359406891817,-0.8606278882928255,-0.7203643887578123
0.2658777643033012,-1.1715627958965706,0.5831179639179978,-0.31260150496004774,-0.5999321200689476,0.3717098147717723,-0.502743538712352,-0.6180142652227189
0.08218930502191943,1.0613695278977424,0.016841387484790277,-0.12177169344966535,-0.875630195256535,-0.14774587612505513,0.0817669099011862,-0.49554123942894784
0.48096634329017796,-0.8695602520956026,-0.14954434321973262,-0.06832874627870242,-1.0409849646133063,0.3329739278095649,-1.1838711746928972,-0.6532667800378048
0.8195487947517182,-1.2767568602967874,0.398103172461232,-0.4836828787266536,1.0641136310010941,0.1984275092317267,-0.2593475351108107,1.0789703415185534
-0.8110748042048873,-0.8203390452664233,0.4467383520059127,0.5255818882794886,-0.4972806646774234,-0.3383910208225062,0.4555742383018456,-0.6292544548051383
-0.8004800516597024,-1.134277133701119,-2.2298919221282247,0.46694470355834544,1.4498317706066057,-0.6189558285504775,-0.3914476453551283,-0.6139541296325214
-0.7986968175135005,0.5980743043922173,-0.20548628038067723,-0.33422463353051907,1.0602618863592155,-0.10295792680156994,0.12257456421820412,1.45138255546495
0.07216890195474031,1.0823487204132143,0.5508095391597906,-0.45611586559865763,1.1554925722256768,0.03240404714892375,-0.6707157520256394,-0.3627202581673455
1.0434216193422654,-1.1516699167108175,0.19420526918083758,0.06607268722958061,-0.9349951613274978,0.004931087328606802,-0.2701407041183922,-0.9502843265800156
0.2945210094721404,-1.2252995947237197,0.9317369553286717,-0.47971240167184237,-0.8594985311112343,0.3760929216820136,-0.16682601531975122,-0.8667260377713529
-0.8407180979164842,0.8235900951044831,0.3930224565860462,-0.051926900066058754,-0.9934330333986051,-0.6821737675985913,-0.2334428873773982,-0.6736402189541643
1.602252421294499,0.9476660933521069,1.7973957907986104,-0.687130089223368,0.8275222277255762,-0.6625359015046797,3.149390307791559,-0.25676506544826777
-0.6614790772684384,0.8506599604596845,-1.1538215273119,-0.9535868395007315,1.277683580847346,-0.10283114243039103,-0.31751959558928866,1.2154145431438945
1.203892955934628,-1.1088567133444098,0.5305132230034014,-0.8052125174382945,1.0991341567985573,-0.07434630134461724,-0.2193341951284972,1.5498473309207945
0.32175389202077986,-1.2312268590828026,0.19786811966665532,-0.1535397915628918,-0.7823067628032309,-0.16562112174253651,-0.7156426364828413,-0.9179923348836212
-1.7643808630713866,1.100038782631732,0.821388731297324,4.304936322790484,-0.7675509013605392,3.0825517582214994,2.4621763576638993,-0.597862199406552
0.045271937038384946,-1.054105290227104,0.36757168008287633,-0.195967177707003,1.1602843430330911,-0.46208323116040173,3.085155115749643,-0.727183609432575
-1.0838747849294683,0.7900892860254295,-0.34211267015394603,0.21222233622422823,1.1282574506864689,-0.2733416347084833,-0.7080289761451739,-0.4655550295938876
-0.5611864637943367,-1.0301604936784234,1.4669113163363612,0.010594158561222936,0.816710081914269,-0.9331671651941641,-0.3407173536063808,1.2557080926252222
0.4403733761023624,0.9487703387207014,0.1662235805212796,3.6607536557352938,1.478633785822111,5.156052573517201,2.6941978036356047,1.5925231782170286
0.01592928199422179,-1.0613126395836388,-0.8205268478296158,-0.6516379344649783,-1.0508900554683989,-0.026895744334040447,-0.48194256566939864,-1.1891371494614291
0.2835056938107349,0.9330586898356621,1.3348340868878188,-0.04576777556836101,0.8460933139269919,-1.1249297176274904,-0.5439072794441427,-0.7689872081959902
0.6672647646688397,-1.01237425050207,1.1241353586427822,-0.7513073983989416,-0.6382017348620439,0.10468461032725512,-0.9467012838359113,-0.3500118041847552
0.012880431689842878,1.0170185559371443,-0.8530002037965717,0.32908579326488063,-1.060762041968202,0.15098388111594033,-0.06627160459236703,-0.8440735463537383
1.4683703749967294,-0.9654682986742071,0.6494886974309876,-0.8353626162724037,1.5525623770811408,-0.7060718491775461,-0.00291715140127729,1.3025954069926424
-0.535800230338894,1.094423231679184,1.0191386360994823,3.426173831417136,1.3507702646199655,4.40694334141065,2.489703208902193,1.8604661319045785
-1.1810724143857987,0.8186205116716921,0.47647565141442083,-0.5554851939253861,1.1883844774747447,-0.09530686071725017,-0.37879095058843926,-0.4554625042662722
-0.23496389218681582,0.9857016474872946,1.1367815452819663,0.12773961215551713,-0.6734126122754768,-0.6746602758975357,-0.15801473638337074,-0.8234942548560287
-1.0459578743512965,0.9265329977131301,-0.8919764424624311,0.12771115248929818,1.2965659065247015,-0.9886398457332602,2.523709995363591,-0.9485351574537837
-0.41538227236706116,1.0293365038071725,-0.23707409291305995,-0.44586728725851604,1.3919640953655987,-1.156259276993043,0.06282737342419094,1.3994989480529387
-0.11924972197248791,0.8376266868890343,1.5289433871573952,-0.7123086661433714,1.1388659417315623,0.024027400559412333,-0.8204037958833991,-0.8323996801133048
-0.17321272073717386,-1.1836465820453015,-0.8042250026496981,-0.34618473045573867,1.2641627056358011,-0.3385879842312671,0.01368750714561071,-0.8491480702073216
-1.0232444962875509,1.3163863598814358,-0.648283102134104,-0.7455228818593637,0.7943554984196706,0.25225266711638655,-0.42662344871348934,1.4620053349394615
-0.18170205699675826,-0.813001260462312,-0.17498935787702383,0.7731996369223684,1.1628360893904883,0.24670244580244766,-0.07103767081126804,-0.642360466620629
-0.5111421860649092,-0.9458716605088346,0.507238031404349,-0.4387314299732366,1.1692356924160188,0.3193875975147689,0.3211949775749047,-0.45073679710785214
1.3754813681070717,-1.1334448330229305,0.6969633086676356,0.3553769734307464,-1.0038896113831794,-0.39812636730981854,0.21821618043268146,-0.8442739058545398
-1.0919465320298394,-0.7125085858656672,1.1865331600431108,-0.02125281048135109,-0.8367953130342206,-0.37851298237579406,-0.23332954202125353,-0.29468782397707016
0.12463291288612316,1.3633341543046595,-0.8856914247610427,-0.20898653778208467,-0.901098767040093,-0.6479740564335815,-0.36824922904781315,-0.5447485255461612
0.34463282494582226,1.3640156798796077,0.4620964900539269,0.27709961795275667,1.1495438751391764,0.5035175172567417,0.42307544618647336,-0.5202784960830354
-0.8235767735047959,0.8334430550078,0.2815222912197639,-0.011123276383400325,-0.6906190094396766,-0.003993550195429136,2.7827635015876457,-0.7713729988869077
0.24983541895300657,1.3024632094943716,1.0115963506898833,0.021373083428584065,-0.6255702952742178,-0.3504005580916863,-0.47840411017266743,-0.7953764187708949
-0.15558285698622734,-1.0929838016543447,1.1979211327575094,-0.3983165654452515,-0.9855007655939636,0.6137501039056589,-0.46076044529162796,-0.6014947553785532
0.28848431231191524,-1.2324312489981015,1.2248381510699982,0.06392891397095085,1.4426857663453727,-0.4788174666040945,-0.2900297353585872,-0.6260544584276513
0.14413455722880833,-1.2944630838107438,0.11226061001182751,-0.7935373612024096,1.2069507789002243,-1.082829090136189,-0.8950178051190865,1.6926589731602644
-0.48023471578775384,-1.2033910388253843,1.2598204950395222,-0.0646724867945125,1.307871823445589,-0.2650462583980673,0.5102795710569772,-0.7645573251187153
1.2844020061877306,-1.0226169252759847,-1.6341402517519004,-0.0001739488759506181,-0.7659847827683272,-0.633880551390182,-0.6067865829560938,-0.6398329922192143
0.21025783313674976,-1.4927111706414282,1.0444329681973632,-0.4062840354278198,-1.0894213430554451,0.19639622416069838,-0.32809711474328335,-0.37291071995789815
0.2781871735121205,0.9402286019907549,-0.1484770884820431,4.155000012700412,1.0553273691488936,3.616186738405833,2.969752577700623,1.4855000689766522
-0.03324360866758737,1.1530803589297522,-0.11004072988067803,-0.1945617882387979,-0.945609739379193,-0.01626931119734388,-0.21227774375004826,-0.4407544376977217
-0.5051026719211521,0.8511963481427144,0.7862498267651729,-0.09600841521958141,0.9585451198778161,0.348703777120095,-0.8475245902600211,1.685288448119998
-1.0334794187698944,1.3084730315045736,-1.5254091581250693,0.2779779705941348,-0.8438520615683484,-0.3485413593992393,-0.2632739524889404,-0.49859212511298984
-0.7556057954761988,0.7813502580802102,0.6452469688645911,3.2449813899877804,1.0217958880988616,5.238602847297981,2.480380629882546,1.763484854984591
-0.5103564809166712,-0.9113201492904518,0.6499468079229743,0.26829881136264316,-0.8671533905957673,0.6330475507146782,-0.5035473528621252,-0.5841370994132851
0.1298011401333946,0.7216093348456221,-0.2801904993517853,-0.13369614950354236,1.0516756356461967,0.8214233518682177,-0.5808604972122184,1.7702869974098587
0.6004945237213286,0.9378193722637587,-0.8533097866957616,-0.5200365221218063,-0.929564277750654,-0.9399310373545785,-0.63198401592577,1.1976851722004784
0.9774103356025002,-0.8899710116568775,0.7801526717578673,0.043864515689850093,-0.795017272751666,0.41293194670433614,-0.5101923754797072,-0.6115745576145423
0.5162409859392092,-1.2684334330905982,3.0659696758178865,-0.18893899800373024,-0.799923926251677,0.32800256256176324,-0.03701084769220014,-0.6263293122783139
0.041122014277916015,0.647039535523327,-0.5478799803053394,0.014104033996738307,1.2237577419941914,0.3131203846772626,-0.3581441375770676,1.2181615044104923
0.7547299540403619,-0.730438298544766,0.8912182456494564,-0.2688022922332898,1.3417172161703903,1.2331414034563195,-0.28505931867335965,1.2344130350922426
-0.5106139223205062,1.062564950633881,-1.5849676193512545,-0.13041784898280104,1.211272913785222,0.4439534950145204,0.08556753359188643,-0.4485393458853578
-1.7246502288061885,1.1202369988755267,0.7005554729059927,-0.09445794344511264,0.7966797124490804,-0.5194697501296114,-0.682647164721352,-1.067968975423597
-0.061340292765851366,-1.1663118416426628,2.599744228623815,-0.2709373612483607,1.3907023034865658,-0.849650930374673,-0.4851726754654582,1.5374245782894882
-0.7584964561659275,-1.093021808074313,-0.21299809062080927,-0.298002889532293,1.5009756055236079,-0.0381530280176154,-0.17205836177321757,-0.5184350791171299
0.41270983845788184,-1.0268160218605835,-0.31469034267944984,-0.13149281350097486,1.3638003234213274,0.27356175690842444,-0.3953287572725369,1.6817518101238524
-0.20895170953182132,-1.004034671540842,-0.46582773168570923,-0.27628647231164605,-0.5643282762946438,-0.15725499256297082,-0.2788162016132044,-0.9458314615152046
-0.2972548172938038,-1.057727962535085,-0.817631278262781,-0.19180625290500247,-0.9121235594357326,-0.16243291451539035,-0.28308973336082754,-0.8401127086835114
-0.3661494658772124,0.9556211253901626,1.1742031291392514,-0.09413599796808524,-0.9578449895768597,-0.029494131722667842,0.20880170263321626,-0.4373274451552633
0.3625741619441113,-0.8690685868928841,1.427114023683211,0.2461389917316703,-0.7164829238536136,0.24956011339258066,-0.6562322815125944,-0.9576727297499867
0.06189195123449215,0.9539248636677616,-0.5354590054976895,0.14235208667248722,-1.193752540787138,-0.4186217650188171,-0.47117494148486305,-0.986505343651955
1.0920495678507904,-1.2758463157999849,-0.5794121811994275,0.17647778448183243,-0.7009083723609155,-0.6575725326145386,-0.10910718292999166,-0.57218470701935
1.737657322430988,1.0193396476518581,-0.13711225648456568,3.5985254330856256,0.9903630605657137,3.6273564071089126,3.2058256290134737,1.520446375561835
0.3762214128608942,-0.7151883141566736,-2.330539083584134,0.3305927922133066,-0.8169339608785726,-0.014473880252033118,-0.5776907574193129,-0.7969551751609529
0.3173821414416841,-0.545368412580122,0.9951593753763652,0.3250452091374151,-0.8655322777994819,-0.44588886052224963,-0.5629287749527477,-0.7395528961898135
-1.640015018219184,0.799080201416214,-0.5517256387092402,-0.2736740936636556,1.1624411585112908,-0.04472702856094311,-0.3254012161044313,1.3915065762381529
-1.571146619648343,0.8282717615441039,-0.9594004410794753,-0.007147255593448582,1.315178754141681,0.1953562950132997,-0.08601329161622859,-0.6632430156234856
-0.46107152925120765,-1.1564156434913586,-1.4887065181363806,0.21132934068869913,1.1022406515565908,-0.7151495032783132,-0.5770978233149512,-0.8210150388247396
-0.025960566686066038,1.1488049636362259,-0.34164114376375765,-1.1367883195402348,1.09939833684537,-0.2608589402136805,-0.39052838161092446,1.3816076217541027
0.10836223384316297,-0.9977381436706552,-0.021950091700722315,-0.02934673510015559,-0.9122513485923144,-0.3985412404412004,3.2086244523990315,1.6369038712867268
0.5777649474821407,-0.771409842419186,0.5229134255714074,0.18495816165226284,0.8263176283609525,-0.11069324388533638,-0.3774400535349293,1.8774676818861797
0.6553171436310715,-1.1336537990781284,0.371407027754335,-0.1311332722409896,-0.7385682019229567,-0.6203456170417714,-0.20911789710671283,-0.6835979422453546
0.15842924236150727,-1.1519830614695508,-0.5761704632182422,0.2869496818122099,-1.034379528700805,-0.6032232178769009,-0.33676956050824336,-0.8005617063357664
-0.7406868385596145,0.9610261887816082,-1.4862995703248112,-0.6196402695483854,-0.4243142955008145,-0.00429468449793883,-0.5523091896856702,-0.5445579860391219
0.3778258761221771,-0.8166164742348776,-0.12317763526607259,0.2049485697254261,-1.2282436401850616,-0.6359584708550958,-0.2699497293985204,-0.5636127724206128
-0.761290767398616,-0.96002619771452,-0.6145313802967598,-0.31589161741541105,1.3378646316767024,0.1830072643154692,-0.629997558214743,-0.8619457623835131
-0.3757542927431641,0.9353054555499056,-0.6482241030971592,0.231602187528295,-0.7595755565851905,-0.026543577105628817,-0.7135727995274984,-0.3834242395787306
-2.2310062047531467,1.1032622951258446,0.9268983333553209,-0.38048138949842636,-0.5777685111354373,-0.2220634241123222,-0.3014099283511845,1.5896169414027603
2.394997927134186,-0.7483218096540415,0.6962203176937652,-0.5801000320566967,-0.7996095523701505,-0.5346177577316106,-0.06580535357553595,-0.6043044121622047
-0.9251288383612523,0.9563528718622281,-0.837687679721671,-0.13797490578916888,0.9678053496699968,-0.18431436991106687,-0.0880238704634357,-0.6459322994432946
-0.36013200355275465,-0.9709807876331843,0.6923141144037098,-0.6608688962906777,-0.7766133180346475,0.3532822240664966,-0.14286008406061285,-0.622096778289216
0.43358907053444967,1.0288137443272696,0.7481271128336238,-1.0417989600016584,0.8314032082019148,0.22296765230483678,-0.7876150033121944,1.6029558869706677
-0.33022102623032734,0.7461508999012779,0.34851101484491465,-0.11727467683892652,-0.4132652535436899,-0.4561431886045462,0.1258590576894448,-0.5587105459414999
-0.5681713792222497,1.0964704773160954,0.5622806719774021,-0.18591501570152116,1.1888709102781074,-0.44454817758874543,-0.5768794092246375,1.6799445580132377
-0.23155884127484147,-1.0262689173010635,0.27943225778484304,-0.09057530951628616,-1.1085895296413042,0.3402434468730309,-0.2831892432578618,1.472988098527206
0.27271439500735434,-0.9644900392157421,0.7614442218800296,0.022735883720095617,1.2775725014902952,0.36722294036668646,-0.04672768158146808,-0.6690424886107372
-0.9238808163196635,-0.6852280723705332,-0.23255835725236879,-0.39739576457811027,-1.1689745306604855,-0.05471914674014565,-0.27459706892044905,-0.9604368267263084
