G0,G1,G2,G3,G4,G5,G6,G7,G8,G9
-2.396570118790906,2.2698743437768334,-1.5448541703116043,-2.056252551122226,-1.0542407904122113,-2.293230416993409,-0.5854586077274483,-2.14567614999438,-1.245001867885759,2.417725380129327
0.5539087115812524,-0.20779270451922138,0.7453273983821161,-0.48146057329784303,1.270166527076952,0.8663858963177036,0.9810206758911242,0.8624238981622506,1.6574970787117573,-1.1696225424565705
-0.27471955281545407,0.4212592426057946,-0.18940009573911998,-0.6155100396644206,-0.44920875031898655,-0.78428742933244,-1.1549963527708056,-0.7739308747861982,-1.2369223024001768,0.9224932936473302
-0.19018069385017075,-0.3536232277413508,-0.3160918701108988,0.7920656108329919,-1.1739775603418228,-0.4209457511095295,-0.6230539863266393,-0.46355473108320655,-1.0246081840704238,0.4805562704602147
-1.4629278353276263,1.4511888998180162,-1.1321771481778506,-0.5411561820678669,-1.3224425410215221,-1.3602658401307626,-1.1868196686994275,-1.2696886796267417,-1.940920872918375,1.3842412915163909
1.4107123184550694,-0.4631343523162528,1.6390197020876909,-0.8180438000560769,1.5150361546230042,0.6346535311575495,1.76386753460637,0.9662916156857643,-0.5087675300112665,-0.9704164496437203
-0.05498739386096694,0.2964673390260095,0.7189506954760624,-0.9821822639573352,0.9108606772171065,0.08238583650063892,0.7029159973069822,0.12798408507700296,1.0559460863433692,-0.2498111948469895
0.31352001226781784,0.3881338442811036,1.0542873519941671,-1.8982174081483285,0.9770770827993093,-0.7591356456868807,1.2597316407865171,-0.33695406436736475,1.5391091656492863,0.0645531014982863
0.37312001661316246,0.0848763999248206,0.4981050190305929,-0.6184927168777093,1.1550038186003826,0.33300240281914983,0.5461619318443196,0.5421481402588267,1.286023858326885,-0.8044060641743603
0.775999123915027,-0.15042166040621652,0.5508483353501482,-0.4643194915241024,0.22883516600858742,-0.09055553076129749,-0.037441261109291225,-0.08088114438609022,-0.101563562605895,0.17155183039261923
-0.31579305314395484,0.40905293805384607,-0.20055039470890135,-0.10111317607383667,1.1370260696435028,0.4659337915955232,1.8462903343912938,0.7207874030591506,1.1901777478743185,-0.758979655494576
-0.06020788298602699,0.263662917776868,0.21244794443033407,-0.8582442777248573,0.6355172806911626,-0.56963530092972,0.7432222956196192,-0.41539358672313526,0.23071520418628014,0.38855453511042987
0.06097501910753565,0.041412571100938746,0.3123078736569179,-0.6865748957824973,-1.4591775823376811,-1.2467182553075746,-1.4769616983439369,-1.3110232472673164,-1.3714604362789844,1.5344624082339557
0.6132695055375956,-0.5691291529165109,1.193014675691825,-0.17630080055748112,1.9817111660314624,0.9685210679121445,1.9662778302040318,1.3832665284039976,2.3002713533828616,-1.6664243650487738
-0.16724768765042375,0.4537487619900616,0.9613540348159282,-0.6781726362973522,0.14919234404273188,-0.23803409086319327,-0.2853620074318592,-0.17298747715399385,-0.20099322265055017,0.2207829744626515
-0.06346119570377493,-0.16926524302698828,-0.17322914326397876,0.30873366849337447,-0.8445071880287821,-0.25529442663118596,-0.38534856962563746,-0.39242996530769075,0.010180770423888274,0.33040657585575184
-0.7576815225252842,1.4720588859358523,0.48554049189044085,-2.3569190665187927,0.6420936484750325,-1.125313598094062,1.7704749461941687,-1.028847896434988,1.0483571229781605,0.6560726260632782
-0.786100215145795,0.32208374391442013,-0.05623515985041389,-0.005555515161120539,-1.2164618473069584,-0.8948997178718078,-1.8407010586376489,-1.1584657047509217,-0.415351774668023,1.159199145964982
0.8888584072708854,-0.4840507286041961,0.683273040892294,0.24306955807839312,-0.005530180726514932,-0.01682658419466361,-0.1260944256204557,0.04714701519515886,-1.4102218152183708,0.18405956830597728
1.501741428787648,-0.807939775239272,2.0411326096844893,-0.5333468347575614,2.4371023818352673,0.8950728742558424,1.9091980793150514,0.9874705471593209,0.6017166612043747,-1.011796794199351
-0.3883022355180052,0.2720323093719367,0.5488655121805183,-0.9007880955646631,0.708927906714202,-0.306368570509785,1.0314316708642564,-0.1350501423203799,1.0749053024220951,-0.0028245826276137712
0.33292772117901265,-0.7795490307396853,0.02612208889988951,0.994035887402266,0.49691668153566565,1.1119815634094996,-0.5734890251684287,1.1314364150468452,0.8399780491323067,-1.0470667295515135
-1.188325208679419,1.561179118378159,-0.09996002601989658,-2.3252980349700287,-0.546932294562479,-1.5065079931746104,-1.4761078758895512,-1.2702288234793604,-1.235368836977446,1.347652278021121
-0.4279461281441948,0.4671666163148041,0.19405654500053893,-0.6116963811545402,-0.9058928910578105,-0.6514825643308023,0.2061280967541381,-0.6338517023401274,-0.4092303365127401,0.5610978094672029
-0.46449520190714716,0.7555669137907928,0.8442675108284939,-1.5923320600643414,1.020208331996549,-0.36052804711183806,0.15158535822359956,-0.5200139557855692,0.8537182744478675,0.33032156904580107
1.4468454762263951,-1.3797210267020512,0.9827420247063888,1.266943177633564,1.2652369389673366,1.9980435246523771,0.2823711017589153,2.1723638361417055,0.4729651761768237,-2.1031127947041495
0.2819535092915529,0.4562692383531816,0.039482349735055336,-0.8516798630429119,0.5537554300830777,-0.29160502565719465,1.5030697164262947,-0.3299401873872284,2.073114806976961,0.0840086124763525
-1.3825240429944567,0.3710334511289763,-2.2423329047726077,1.8386613571260995,-1.5346730178673558,-0.1180391022402223,-0.9538253088723552,-0.41184139441410494,-1.5969303635547112,0.6339090143832029
-2.1436895613193663,2.1099194634858174,-1.5152844391003573,-1.036295602665505,-1.7715648938058022,-1.3032385178469597,-1.105061589773399,-1.0796590439528897,0.059644998035717454,0.8864779286543035
-1.0435800862573015,1.506523793334581,-0.6925316683112624,-1.905953314652903,1.0312878974565645,-0.45656704804302367,0.5537914557481103,-0.21898572987002546,-0.6477785699179832,0.3762354523612866
0.13619571721864307,-0.09021591525187296,-0.19352516265197559,0.1714725313748235,0.12249701450961646,-0.22007478485186094,-0.8074696408144525,-0.21171084334184687,-0.7780495857313751,0.3742391798718589
0.28311619843533486,-0.14234823011080563,0.18343673902375257,0.49799820960859803,-0.028773101043399054,0.714274871967719,0.48058771412523715,0.7189744309345749,0.6847892401729232,-0.7621092446314744
0.6920174156376936,-0.8244419529837779,-0.11963332872732155,0.9536534627240671,-0.24506483866733694,0.2672116510784853,0.14365576205361075,0.23757966141680603,0.27142455521190495,-0.1737899117628025
-1.8122800220032325,1.6579658793924008,-0.9061257330104145,-1.2159517974169363,-0.6069414027527781,-1.3261492549179221,-0.2705365131456539,-1.3638710271123295,0.5792335920820911,1.283096674509805
0.5161111781415652,-1.1808380902068438,0.16481868971224128,1.445263285081907,0.7641076530505269,1.6968526938441248,0.4242020262779533,1.6067659043780633,-0.9418805500839603,-1.385875847348355
-0.006543224261854093,-0.303890670804602,1.6116505183440324,-0.9036612407655639,1.2397800576242795,0.5511596187728641,0.6089049129232103,0.578060174453196,0.5888426198807349,-0.7106475414957527
0.4276020712638211,-0.7298509231571817,0.25568708400251905,0.7676976387084385,0.6929356609935319,0.6740711093900602,1.128853809981546,0.555825049098967,1.728117278922311,-0.7795882617128652
0.6079710954420897,-0.2864023409136384,0.1000291982897356,0.5940513466009044,0.12184034172775554,0.8497101733747385,-0.017018149535532837,0.68841942892961,0.06115789618814383,-0.5992297377762451
2.2386425476223875,-2.2975827001717692,1.6553332429934984,1.201574723590455,1.0755494757056228,1.6965121043236835,0.6674856749836106,1.3698530893426593,-0.2751126360786775,-1.241324185323051
1.007304680126533,-1.1583821351146277,0.09269278300212486,1.1076509201007434,0.4341800495052131,0.7851680206106405,0.6789693248781659,0.8233961109626109,1.2544632035476453,-1.0475915503188886
0.06222665708629369,-0.22450912821092386,0.2945164038572888,0.6261559805315486,0.5555135002441536,0.6932719148797422,0.5237108484077828,0.7216070525603752,-0.033531491992080574,-0.6506191085807554
0.37514773850463756,-0.6659060788097092,0.08292370721756392,1.6677081312071018,-0.09870289506017452,1.4243902430716306,1.1406016885329573,1.7133037390964563,0.30503907020781695,-1.8281582769915805
-0.9554611736404411,0.9774669503884291,-0.22035628586325498,-1.1274636260578206,-0.6938480610897945,-1.5966401780955057,-1.737642061433281,-1.6160974149587672,-1.944642116387508,1.7651716483768747
-1.0474340205215957,1.1070538591191397,-1.0379782357689755,0.12408947281772081,-0.577704615836207,0.07324775083512411,-0.15543104542765085,-0.019626612324089094,-0.22526043418861355,0.13131260434143918
-1.85019057512644,2.0288747836774346,-0.8401118861905964,-2.300168112665219,-0.6054039181237085,-1.6728177447410761,-0.9081815626200889,-1.68889908833799,-0.5202697519603054,1.7319234170775772
-1.3566952165617145,1.5051391010019866,-0.7548478117174234,-1.5729965316243542,-0.9543560096753878,-1.5076390392035541,-1.3107368048445724,-1.4746424505196427,-1.8498261914460667,1.29885584306706
0.5857781258264432,-0.3147283371011903,0.49631993807897196,0.5643168174474132,-0.23600543207386104,0.24907404243429732,-0.4833506704763771,0.22569348956749574,-1.0833617540122296,-0.06408444338600257
-0.9105553176805384,0.6864039132007842,0.0538118967762222,-0.6537179437896233,0.25641699031540227,0.2500449174348847,0.21476463102432425,0.34471320290083723,-0.2981204960425028,-0.21965964240526484
0.43036518757435716,-0.5678353928682939,0.8518120414495474,0.6475287217158681,0.9240375906449491,1.5657068611263945,0.6868674881044989,1.602728832405114,-0.12801739605463688,-1.5798595528180719
1.232939926978125,-1.502330793469379,2.577033993183449,-0.09573258394308738,1.5814826842237037,0.7755822866245857,-0.06088854475884214,0.6950380180539988,0.012281201954037379,-0.682754568532054
0.17391210217354214,-0.5404719789921125,-0.08094815011280827,0.3894331076393634,-0.4832700710005026,0.10416144657209508,-0.7075672918450234,-0.041521212875175004,-0.243626317260829,0.1877035186204149
0.5477056947464278,-0.4297283017791064,0.48955676539709886,0.2277557052979918,-0.23302069163540726,0.49067142166182254,0.05791886287131229,0.3900331014523983,0.23384778887796454,-0.443395532497725
-0.9004840995329079,0.5139794115198747,0.056221582115176694,-0.2627194334712416,0.2398597323032698,-0.23184513211143934,-0.47666301983669773,-0.3912389221088303,-0.16642658211672523,0.537406573978121
-0.13987127791359327,0.7322086136258064,-0.9421018298049826,-0.2015379977464884,-1.2513037041609958,-0.8686967001604909,-1.6324507816491876,-1.1269462255787477,-0.011303416958952166,0.9791289013311718
1.393218530699141,-1.3005564213596954,1.8541764103257277,-0.0251711495728108,2.7454658743530445,1.989515134772171,0.16598103016324903,2.159511936416839,0.4563288048668683,-1.9443342365832472
-1.1211611349122423,1.6442679039458945,-0.7241069657229656,-1.378599015491249,-0.8383657470601491,-1.9729394105512796,-1.0306225702913296,-1.937570962184494,-0.1870627697347395,1.8311607712748683
0.8899857663842484,-0.5852433733294908,0.2696882100178155,0.31858122879281364,-1.4262732810009242,-0.4848510587924225,-1.7731348891807164,-0.6468148802672202,-1.5924212224465284,0.7596286611554173
1.6429994264676582,-1.838403662199297,0.6534824468889769,2.0105797194333332,0.4043387592621218,1.2812076989232297,-0.446504804353223,1.099509373613621,0.36465435384973327,-0.9453194434298152
0.41275712780699214,-0.41333679070534474,-0.01840242901781694,0.5959792910482155,-0.10933753223215886,0.3663735978379632,-0.26461339780034393,0.3863120080433055,-0.49375979953636334,-0.3971778753152011
-1.664592670659175,0.8146336538394284,-2.6156481035894092,1.0417481782491986,-1.2193176625427722,0.20366531573228147,-1.2352206666950578,0.24839083891242322,-0.60419709482739,-0.21401594890476072
0.2856825724409942,-0.1914851101096189,-0.0290379191687736,0.6762040554890759,0.11716539795370745,-0.11857636592651781,-0.7687998681475299,-0.07828861395254932,-1.5153497356930314,0.3474220337753678
-0.10993651093122533,-0.19559515390171098,0.2234699372525657,0.3205661264979295,-0.4277663892956649,0.14021296605346908,-1.8213449685323393,0.09115995205480977,-1.21767746803716,0.10675274176981107
0.4223669348682894,-0.8616194358480525,0.09297263729047141,0.9327738717455155,-0.1671474779220943,1.0374918146662673,0.11670686495975843,0.9118105099018259,-0.5704584267658825,-0.7356598878396381
0.6825748742422816,0.0018683080776488524,1.2936347490988884,-1.1709082088533538,1.0991537359478676,-0.21356097046814426,1.2797523160507602,-0.07132212505999189,1.6549015063501302,-0.2190937721153994
-0.7873801490211756,1.1419430486085007,0.199449936066623,-1.8325978304321753,-1.3081457069168694,-1.884796269541242,-1.1453714683324947,-1.9650445529689549,-0.20817850254505832,1.7448394696295493
-0.8496320882150806,1.1874109813643645,-0.05526748836418814,-1.8140287993118005,0.7793912565196477,-0.34471956620590427,0.325095042241177,-0.2724082639429012,-0.05409520140755432,0.1999731712098629
-0.17725090323598897,0.47959021101003574,-0.039515940867788715,-1.3005955747178253,-0.6162198319584736,-1.6691848633844808,-0.39781985027847433,-1.425943767526567,1.1833599379430213,1.2684131306722954
-0.967611899036863,0.3599600434689624,-2.0500171670123875,1.1512954552475385,-0.6122858316243835,0.559296398182011,0.7559896636067593,0.6693999275770071,0.39724840243762466,-0.8072608462676927
0.1146630062330254,-0.28193587566319406,-0.2857241456132746,0.38073737315020784,-0.0008020863477653457,0.5139648900407734,-1.1397563053383835,0.6105241432451083,-1.964077884910314,-0.11687553061050654
-0.14126133278895733,-0.02218416142658814,-0.20542864717008183,0.2564547594662297,0.21103104598713038,0.465627637454825,-0.15784456634426994,0.3882006837190555,-0.637711847503757,-0.23509474763879584
2.5225647833932183,-3.0333082559303874,1.6407745915733978,2.797151701662136,1.8832210808672911,3.0470195625373804,-0.011676932481265053,2.7627006492046995,-0.7154813002711999,-2.51457300580092
-1.025343626401989,0.6961602160946545,-0.9481853351823799,-0.41751880615347403,-0.3627162439984465,-0.773295082292565,0.031744612858911364,-0.6475002019959252,0.324372310687859,0.36521889732245033
-0.7896551057783584,0.4849767886017616,0.17127496795916056,-0.6608595208720338,0.5115220667109043,0.254828075285778,0.2376688198610602,0.28605769791156394,-0.6635837213576427,-0.34029849935382617
0.37984221394993845,-0.30460549244294305,-0.5585088734635124,0.5216013844301036,-0.5591800409235019,-0.010089539737181095,-0.21402607956979894,0.02116592195682135,-0.5101616462830757,0.023920224488352734
0.8150245945769179,0.3029054005271038,1.6280066741245822,-1.9210394823418433,1.3699767104899223,-0.6303377336701562,1.0200360999131384,-0.46442530122901915,1.020253080477049,0.23206806794682402
2.186741735254094,-2.01997870557707,2.294499301342102,0.4236733981056538,1.2296637403602861,0.9703977015926183,1.5394703347486274,1.0020389699327321,1.285739147558948,-1.1150863250447929
1.5425382963326535,-1.3686806580818496,1.4277317653506485,0.8652274671359079,0.7611273062131718,1.1427583585518073,0.9003070542298033,1.1989610386053446,0.6988917619639796,-1.059774662058538
0.7675344787685734,-0.8167392375787978,0.25854483706220843,0.9137221816159244,1.4123062665926673,1.0792359179456825,1.5427305050746192,1.312510681064034,1.2792402880465261,-1.3633802886142707
0.25291896599677227,0.06726964846232474,-0.2589931520145772,0.09294058504478477,-0.7600387239843955,-0.42289274463044013,-1.2729412028955651,-0.3642412619819583,-1.1857196603811466,0.5054691373632837
0.8382258953615874,-1.2257540344988678,-0.1624119363587179,1.54322986794592,-0.06605436452821042,0.853320581084796,0.8340402377148198,0.8220240060896774,-0.47651761633559014,-0.5784864062153571
-0.6231257613619711,1.3533451519177284,0.3676078237728023,-2.2916476255382876,0.29074855883906214,-0.968035967126301,-0.33024019551776446,-0.9064978872461898,-0.49667576866911434,0.9310135129047794
-0.3378708762169184,0.24779838281093805,0.5133747429565023,-0.060032563175325404,0.12107399429142163,-0.4623983954317351,-0.39998561839339275,-0.2591462425647704,0.06334565086509505,0.37999517922142584
-1.4688379663619788,1.1697556594979248,-1.9883709692778426,-0.0034697898387079937,-1.153024609801582,-0.49285173367221013,-0.5555527132514242,-0.5799391477444644,-0.481941810196921,0.5486172326137279
-0.2531947709730622,0.6276588001670204,-0.5157995345571444,-0.19531576316719715,-0.03927285178688743,0.21614284679958834,0.2006345577046514,0.1365904756942943,0.459565703703843,-0.304021445790287
0.902239295651572,-1.2078585660769365,0.9756515069743893,0.7066538344961154,0.05653672240052348,0.008558306529981522,-0.7397846767259741,0.05454917884959167,-0.9384977163915091,-0.09568511665198758
-0.23461932890923032,0.505827862412805,-0.3669067379490784,-0.17581387442380886,-0.24827971296378232,-0.7314792689138664,-0.2841346393737522,-0.623714776074526,0.5221511967802797,0.49014692970358614
-0.7818924403016314,1.2934937879412967,-1.6799579019523903,0.09316659518923535,-1.9654164444342601,-0.7225944030485776,-0.20128970442945357,-0.814508032557872,-1.9276437018472241,0.9329334808645192
-0.3801634075060071,0.23752917438258095,-0.6780182807274358,0.14013474194200923,-0.027654387578986816,-0.1696970128544209,-1.084851694842367,-0.45954331798341486,-0.6823392167662929,0.4132879962235966
0.6709000811524114,0.23438344329039443,1.5800629794705565,-1.4487721635468738,1.2084159422247234,0.6318308865605545,1.886708081718732,0.8157930042252054,2.4026136466555346,-1.0256176833055244
-0.2792973731061278,0.5153917853921118,-0.5574327163290829,0.9121144023964347,-0.39839907319188345,-0.13799035668014573,-0.4329781374239568,-0.22634696026034948,0.7665301824307292,-0.06688477963886576
0.7929301467926615,-0.46090285971233536,0.5695545794845672,0.3369328477583553,0.7905591025873553,0.7631901310329715,-1.181091911971751,0.3701712278730082,-1.018661376980951,-0.1804787470651444
-1.3029154732986727,1.7539905188814666,-1.7112575267581216,-0.18682011356204406,-1.4648444903992188,-1.0652347235682706,-1.9571261733612724,-1.2877557602253114,-2.375460277122144,1.5478492716213523
-0.8752415519804044,1.4732275209195467,-0.4389686721067623,-1.404323213784515,0.2265807604193312,-0.8355143159653126,-0.5486292145347895,-0.7499708522750399,0.5868735339360068,0.6160819391013722
-0.5225843091550496,0.5782242776389823,-0.3909679429834189,-0.8097819902123987,-0.9464240493247488,-1.0150375471574276,-1.0731051514393148,-1.0778100262271357,-0.8102794158252072,1.252743269520153
-1.3015834983686096,1.514948189703862,-1.4978872502623428,-0.5951129181976839,-0.21635643507340985,-0.3949318641767172,-0.21302462597004987,-0.16460233366154817,-0.24039779913475343,0.11183590144225032
2.823315213183439,-2.0102753942824396,1.6776358120272514,1.0727734369169273,0.8072952691234992,1.1665016908541535,-1.4372253730342794,0.6680500396323246,-1.678597205066794,-0.23775711361490973
-1.094364762978534,0.5065314220115986,-0.19338639382012154,-0.754445714321821,-1.2884087733093141,-1.5862732691457824,-0.7061014097790622,-1.3685643062592365,-1.382339370732205,1.3160990684821514
0.8559274649888582,-1.5159895555649086,-0.13662902144637903,2.1346852361844877,-0.3605146525520227,1.44000168497267,-1.0021960757157184,1.2166004673102229,-0.32143845276439126,-1.021378194506704
-0.6771777006332209,0.5862285417739888,-0.31646317327658346,-0.5737669885439302,-0.5641199754256492,-0.5737715831963281,0.650189281851803,-0.5413997074008223,0.9939905313992626,0.48982637717741323
-0.5295123936358864,-0.2578344721785485,-1.5913689537452214,1.3416766710624835,-1.4174180118156894,0.002205023771104561,-1.1248795479049685,-0.32296440373853696,-0.6698662790806288,0.02275871492961438
0.26093246411757365,-0.3796755846385431,0.5801810622636975,1.0815035505540689,0.521106934278752,1.1919135211054719,1.0378714558517668,1.2970889013833742,0.270564799940646,-1.2498061779062344
-1.4456540819562276,1.445128763721844,-0.7176653930148087,-0.9849711075856596,0.14423589349836768,-0.3553257118466393,0.9120319376422259,-0.5003724929335943,-0.036817469420404446,0.4591219467657305
-0.6739559275903435,0.49212080351244003,-0.002626399933405118,-0.5668401756520081,-0.1748820614466824,-0.6885968721265642,0.6820910863468908,-0.46058996459019985,-0.4692507699966657,0.5052253662545002
-0.17331274011952652,0.08988043755566856,-0.2424971426980902,0.12836265030260072,-0.672515661931708,-0.20074616917459098,-0.850697279531078,-0.48216548473955345,-1.003196303250578,0.7591040105916937
-0.851688572759725,0.35133408998428406,0.10534256866174233,-0.08712663506173494,-0.703000720116287,-0.6552624666382815,-0.8801192709764079,-0.8911645492019449,-1.3403260506230372,0.9591841455597782
-0.828872877396378,1.0785832579270698,0.5055960055337743,-1.0745343340640994,0.013364254972777908,-0.48846725019956283,-0.1495844328037061,-0.6391248689476944,-1.289595012691615,0.6780685231623818
1.0225701643809302,-1.3901265563768108,0.6795679125645758,1.539557047526554,-0.7813929475442928,0.45523364921897175,-0.043892028541632655,0.32868255600423385,0.4598428667091877,-0.3680525116697509
0.9433034985323046,-1.7520499796107796,0.5447376108363704,1.921140224882778,-0.12494947054654536,1.3348727093911041,-0.4493886733252346,1.3545324740421747,-1.238567682158363,-0.9664903254414653
-0.45967031241288814,0.32452051119986164,-0.3201029247030648,0.4391114168503742,0.5265494246084819,0.5027717931585571,0.26560534046843104,0.7197535434979582,0.9274689859272547,-0.7574428614105281
-0.11289046529181881,0.4762322679128712,-0.3582544664980024,-0.26807162855668626,-0.841655021927799,-0.5407007913961822,-0.3484833169078532,-0.6254319876469511,0.049175379502215656,0.576387154795328
1.1683114312586562,-1.045640288849133,0.6431083410586534,1.0066592627180937,0.824092401809776,0.9197557207629574,-0.11232836903792214,0.8552939916019086,0.15589833759457467,-0.8400707958752537
-1.4145855244254109,0.7984020081417652,-1.484921932925243,0.6526603949009935,-1.9178248282307466,-0.7879122968518427,-1.964259956046014,-0.8593907255084021,-0.26440997271123934,0.6507659338605345
0.29652177546098146,-0.23838889096749766,1.1411002090766733,-0.8600173896308303,1.9249985634289062,0.9149209324048817,1.1580966793890792,0.9345638688248536,-0.008311194927088856,-0.8128042135750053
1.883547958736437,-1.550502046974125,1.9799065715278317,-0.5224120849131634,2.5747215753425574,1.41364979018215,1.6827337461585934,1.5671101236278657,1.913366370115745,-1.680275300080088
1.874300100479636,-1.6874941436193605,1.3125504217630055,0.9219954157724333,1.2837655146242575,1.465761092367789,1.1683517479354766,1.5012587183786141,0.6984821054221604,-1.5655778298063072
-1.9124812716306265,1.6304436058783622,-2.913944417088569,0.7178674536155412,-0.864700522165437,0.39115849342765113,-0.0727150951676125,0.33128877247619104,1.796356140973305,-0.6235611178920749
-0.7708219236801532,0.8991667878950028,-1.4736310163839337,0.3861909169881711,-0.8836329077829632,-0.04396634955247584,-1.378828689866734,-0.37260012648352486,-1.2724914118525994,0.4405727566136815
0.13228347736571386,-0.85732199237515,0.36461847969017946,1.3680262842413393,0.7133528981224627,1.570215552054022,-0.11746467503909439,1.4959650249550942,-0.4398629917011139,-1.2427172466382326
-1.31314887017233,0.8187612781776642,-2.2339015632142396,0.732048737419346,-0.8458453826796382,0.11000877421013097,-1.2602144066482899,0.1227213830149693,-0.612993210658801,-0.0557957864852693
-0.6792976282586048,0.066654314272964,-0.4292383307919911,0.9284518751509485,-0.24254194318467837,0.6552182106943325,0.8779876338304159,0.5984159171279488,0.5432851073048193,-0.6526023703785157
-0.1644087806398204,0.7045358397548925,-0.7111163010870069,-0.2428598410892997,-1.5695638865413755,-0.7248691713064669,-1.1155751349797967,-1.0669968195062323,-1.3420589397623433,1.2527748372488874
1.3276449990737307,-0.9272309699644409,1.1539916519979776,0.45758033148274646,1.2974570383029003,1.0094090817617833,0.8722055810445726,0.997125164514269,0.0002983630531805364,-0.896388008376445
-0.07530099590649131,0.1367308968892652,-0.04151611829597321,0.21342944872215996,-0.3846714201756782,0.15648544571471618,-0.20517821252043753,0.3480829331006494,0.9095966912253005,-0.40899272797982966
0.1790999323745635,-0.7798746031295295,0.2024694971520008,0.3097097391184601,-0.1600307945371379,0.1900240587821115,-0.6222224895199397,0.2965782311106222,-1.2582283925671414,-0.06918481338377142
0.4656454302688182,-0.124762824273133,0.172504583212296,-0.39535195860339056,0.26924805791156114,-0.1938905937433881,1.3259420179694337,-0.13030830604095223,1.1851853746696253,-0.04041873016335917
0.4957703559665776,0.11617946443536206,0.18055761354687,-0.7410396421002305,0.44910667335941556,-0.23104006460958532,0.6019698562656002,-0.08856760948263549,1.2310977806608536,-0.08703463009579135
-0.004023069168677655,0.23298669377160866,-0.3946154642707148,0.46780418635808985,-0.23668759052659208,0.2085339706662593,-0.12100297625156183,0.2777977392946475,0.7225469693552189,-0.32567155274684145
-1.1921351550655843,1.066955576599159,-0.7603675102196608,-0.8856218587503686,-0.1863019144032673,-0.9305234977186171,-0.9241094900887199,-0.749854521597873,-1.0873883881691735,0.9076483072496847
0.7345048786241172,-0.41786241586152206,1.0303483259848718,0.45518923023811314,0.23807746553921103,0.6724637716298203,-0.6860254047010884,0.3519801365177471,-0.6288787691148896,-0.34652566892477626
0.387160251729372,-0.24989334316990236,-0.3276514014099737,0.6281583027180272,-0.3133077699826714,0.1797921298216959,-0.4260342542852861,-0.018592423928626884,-0.5709612910256517,0.047547756408171334
-1.0948365445669035,1.379692283891798,-0.9604098955320407,-1.5987693139205152,-0.1926145343092887,-1.1520521822286818,-0.6322286225066015,-1.4284912125589022,-1.5286059253209534,1.539184354026205
-0.6929271894367421,1.002439570208209,-0.4914671369275017,-1.187434100089222,0.7454849513160913,0.049792888849713106,-0.2828386156258469,-0.07160593317375814,0.19993798034682841,0.07797015836840224
0.8293830622324866,-0.8611708417679882,0.7830448712276029,0.5041835880454945,1.8964861851362156,1.5654198166555386,0.9839501225163115,1.7295945778565345,0.7978672380132816,-1.5791162569121673
0.5558888288268632,-0.7945649900950099,0.5439069726052316,0.7889680001379313,0.6254264761212178,1.319177491819779,0.25974550675301594,1.1952023356009565,1.2461456142076899,-1.3754217069007197
-0.7297738372405623,0.49130601703040777,-0.8376312536327873,-0.31381959364290485,-0.10971060794278872,-0.41892487822402913,0.037272108350841555,-0.5719546563877242,-0.5224298533645335,0.6920231053431
-0.29303774385612896,0.4826412237661112,-0.1114927657836767,-0.325808724579327,1.1556571347736564,0.22690232332910532,0.39893411874371304,0.290819551850647,1.1016822416747,-0.49051613371805514
-0.17039326380052838,0.004508919663749127,0.17020270375646696,0.1747553940014228,-0.36059045589306904,-0.19657089685136708,-0.9675555818735544,-0.2382778971533917,0.12577376019530428,0.32977031018806385
0.567060856192662,-0.8423644094843472,0.5397623834086364,0.39076794526935393,0.7499944599311895,-0.015351083289334572,-0.2108211642743032,-0.17420493088919708,-0.09297541999921759,0.3539154886407469
1.1798752153874597,-1.0899928406811072,1.24764873127395,1.143864357087154,1.3518150997010128,1.8427475359230276,1.7822759671340895,1.845226475596589,-0.16589911217366793,-1.8527886049237128
0.03239036274388445,0.42368530603493715,0.536892760429436,-1.271160136313096,1.2784563792649868,-0.29865187569749696,-0.06647534283650057,-0.2610154258281491,-0.3805450708370352,0.2692223598567057
1.102554904654557,-0.9623434105730687,-0.058247766230057174,0.9434122638228291,-0.8281733101169853,-0.07715040775612851,-0.2741619212681487,0.012317398601878318,1.0896259775350363,-0.39614794638003364
0.8156179503083028,-0.8716242675503283,1.1714125690846835,-0.4937892678195199,0.1892937178639892,-0.01894998470463273,0.5101355869560437,-0.05477146718713029,0.6250970473899706,-0.20186867444357084
0.16815487522884934,-0.02956223562836787,0.31004785803323776,0.25083742350622196,0.1894095697856269,0.31104786712445326,0.04210360483678679,0.19016175689885464,0.5541515225459911,-0.41287572576702236
-1.4310754321105257,1.3355051081461322,-1.8014596315360136,-0.1831197455384229,-1.1064830015271474,-0.9450292007399761,0.5686188182834507,-0.5576349060341969,0.39575865398321497,0.5159541222496133
-1.0278843205936847,0.12305725115484194,-0.4544042488340159,0.04376833159212325,0.35084197098054803,-0.2909779435116153,0.6035044037988967,-0.24878903516405176,0.32695030410757475,0.22197364182032417
0.6875382780944133,-0.34768392116444924,0.357208573452123,-0.44929756998524234,0.5452505883388922,0.3908854754840755,1.711246443345942,0.576857748846263,-0.004490774709553692,-0.46094930430051817
-1.690040775490962,1.707740791055199,-1.572101145111368,-1.0570180526550683,-1.283740915289572,-1.322782522109335,-1.3150743905188373,-1.2777658584534295,-0.3929752687529319,1.302916071386862
0.08410593798275318,-0.0798063557740486,-0.20824572905544725,1.2510864533625636,0.07078787734137965,1.401836178996945,-0.4105132102252101,1.0329839181057934,0.4876591434677675,-0.9887372045135184
0.9389384352002543,-0.4249882863211059,0.9377060220544863,-1.1353061287551525,0.824656047491207,-0.3814787883804437,0.934405344139919,-0.26543293618226016,0.06072637940825635,0.24740589652155465
0.116536334125865,0.39077741486875567,-0.3271364595766289,-0.49289336379424487,0.8463123361752044,-0.17359302970980042,0.37231588942751853,-0.355954377017758,0.18494370063624943,0.29005226295950065
-0.6144710553400654,0.886768713627643,-0.054331648742120285,-0.4283559395744332,0.019459945860752316,-0.01059715785499599,1.2501156865711542,0.09913124511421625,0.7484722036184147,-0.1107262480369196
-0.8522678375034818,0.4151346182249024,-0.8021771694101668,0.6583549386259853,-0.8771866933566879,-0.18154990197142915,-0.3221329569632904,-0.0015302023912914164,0.08740833583616585,-0.011111157775232264
0.7601835080241068,-1.0463876347506458,0.4363128515029546,0.7870567414135868,0.5584035988155416,1.031227703971064,-0.38933918511133014,0.7978371008066029,-0.6454108234802054,-0.5949821662914836
0.4261610787774286,0.06737081736643682,0.7432867594320226,-0.6782377142003996,0.6175546407260295,0.37120729535621955,-0.8560537957808907,0.034825087886024446,0.04824924678404508,-0.2575365066655231
-0.30812256160675283,-0.5122065980165915,-0.4393253453169755,1.2674842376816204,-1.3850861032742123,0.04641073503013494,-0.9633794255897532,0.2240388365766754,-0.6407562509849544,-0.22122843408100126
1.0017842249846047,-0.9887938749633851,1.3305811484701828,0.19265580518506478,0.9034069850909396,0.73976245539008,0.5358098566948457,0.5922156972342689,-1.3694316596057345,-0.25187113149877277
0.7968833708542815,-0.5551716945379361,1.1746653432323277,0.41311992518697427,0.735480223305456,0.7938761186265526,0.719520667913516,0.6111413273698538,0.8853340467697344,-0.7646485418880368
1.7031983384116067,-2.300289533595394,0.7190142517679636,2.5929306200520483,0.118619911451522,1.3359238566556184,0.9684595856938804,1.590371276925387,1.4638881591235375,-1.8298467696395018
0.5184674830621645,-0.3862106293742881,1.0086013865226082,0.07208672643525928,1.3522368925068151,1.1946244272820807,1.684771955513175,1.1277170160445342,0.4816772090593849,-1.0612688700219304
-0.1907948471714363,0.5640160451763979,-0.9420537602484894,0.15215546698197682,-1.239403937518417,-0.3842852980218036,-1.233161552550096,-0.2429791680316076,-0.6045766431872499,0.3169564400914266
-0.16993623037579278,-0.47499012646338495,0.46201413181705664,-0.5966014777921044,0.5808867435738366,0.1137488132337093,-0.5566013070156435,0.09755585713739659,0.9087925954393707,-0.266640037525889
-1.9073018691800194,2.4294066645695707,-0.5491797198333643,-3.270819033461353,-0.541695564415373,-2.891407685354481,-1.2522954761898428,-2.6602300637256455,-0.8288191516221407,2.73740513891257
0.11482782841240306,-0.5367929903708721,0.5454595493960315,-0.16536512134887862,0.4156202411531613,0.11895521926025086,-0.25855044428555957,0.1190442067980497,0.6455624489197077,-0.08399050170208702
-0.046511637925498804,0.27323415756244485,-1.1864828448076103,0.5895645087871203,-0.6396689836029502,0.35389202263632963,-0.6832063620179164,0.42630889950505507,-0.793704667790579,-0.2938817764211808
-1.3210979383736854,1.1647645581437396,-0.5637304681127345,-0.23200080037712145,-1.3042372202596435,-1.1358607826675367,-0.6301405407363987,-1.2576653492919112,-0.4537658773550014,1.3041243870991388
-0.055794651857766914,0.07055118624912744,1.1237959949747154,-0.9592350071724539,0.8882996823329194,0.2443848155334806,0.005871593868080442,0.14930065178142243,-0.10837163451250513,-0.33163619675264017
1.2712513811933792,-1.7097329467789366,0.8986589406082746,1.4555137486007452,2.085474937041386,2.2888307415708207,1.584211971232478,2.0173811732164597,0.9473617034175984,-1.9161578216875312
-0.7435922962573899,1.197952359659406,-0.655873688845768,-0.5330683453947185,-1.5324584805135184,-1.1406765090018474,-0.7388195853394064,-1.0037335914313226,-0.6271501730985972,0.925663443182818
-0.962120224210011,1.0073301728372435,-1.4472271989088958,-0.6525248430930368,-1.1326085973620423,-1.2615094854103386,-0.6352426735239526,-1.186163503684994,-1.598547389478955,1.208112030936627
1.0402205872140289,-0.28425438275223786,1.028046922573627,-0.7385256670112431,1.423139775793959,0.43868246749280604,0.11875684075690016,0.2874826851811965,-0.11295418583355873,-0.41701533117822326
0.5837757954588094,-1.0695417738051718,1.1477593175665735,0.1542328093388145,0.9769316088873726,0.8324913358727796,0.991072600085862,0.6384388745596269,1.7224335034738034,-1.0281629547223983
2.937193496457852,-2.7739363877362155,2.827675365185328,1.3670317388035265,2.4423126562473247,2.157311565688255,3.134722997800543,2.3860807858383843,1.7034102180461106,-2.3743873329035567
-1.309942144558866,1.2770783633479936,0.539868513928205,-1.848965322528688,-1.198759191490175,-1.9058801053201526,-0.6038946849981838,-1.6118321136278042,-1.1756128464450468,1.733945226408596
0.6673159138062531,-0.5951758507190392,0.5672788270692027,0.48138529871271285,0.7494992722495957,0.07698436825189069,-1.6576127009302488,-0.10330177613939291,-1.1690649785806138,0.20106231759130747
0.2750597359011168,0.017355333167329335,-0.638748013332171,0.7414203481713542,-1.004507104992996,-0.3172840971466143,0.25085072037045747,-0.36276118814259584,0.2989546224350024,0.3710953816888082
0.026215182095861028,-0.11463218555302729,0.10031758700337179,-0.08465727114098896,0.22481503617188517,0.2260248427651468,-0.35933388549750833,0.05027154455557179,0.029280983034885757,-0.10710014011588052
0.8516876624653845,0.09781575236342277,-0.5671139546741835,0.5015159499383371,-0.4778739902270265,0.31511457329472725,1.3462985018230968,0.612113217151842,0.962171976161225,-0.684616287071622
-0.060098097126270865,0.06208707904907255,-0.34300041762603606,-0.11919227229232408,1.1806694123399604,0.7925425859415461,0.8685115459550201,0.726837215436581,0.7348101239872882,-0.8319834331314104
-1.9090532332282468,0.5323352563982672,-0.7633333373724688,0.23354044060184354,-0.2461809538701446,-0.3758074378636363,-1.386817366664587,-0.5369970338368649,-1.2573282161791663,0.6776280677049195
-0.8529885202095233,0.8064125385925749,-0.5585050270197899,-0.7935996850050103,-0.525592324958315,-0.5863427835285452,-1.8484107234103384,-0.5794585536148129,-2.258190574476528,0.7950573281336116
1.291873125058973,-0.6648260574841572,1.1700084779851374,-0.6070709110847,-0.1815244306895948,-0.8188045054719004,1.0111575393764378,-0.5769094093916711,0.7405436814841061,0.35253677863515914
1.105290789591263,-1.407260867436959,1.8770947038990498,0.22908055717456113,1.3873329025346668,1.1893672231334145,1.7274560672430734,1.2484389144489425,1.841401988331131,-1.3883551029323065
-0.3931007486335986,-0.06220801847517988,-0.4850732896001934,-0.25723053653794364,0.13436478885459244,-0.3800344402612102,1.7205069799545616,-0.28416068090105956,1.6879401507794842,0.07377506017299965
0.45708585915860667,-0.7792583856318893,1.0372572932510167,0.7134311319697931,0.6492016009310414,0.6707933955120914,0.44147990320990727,0.889897161572008,-0.8706019056360027,-0.7340633601052428
2.668423171541072,-2.9021214387510765,2.3022043754152297,2.1715676283494014,1.2883058839560424,1.9836829135519967,0.813102712265939,1.7965752681471268,0.8206033350999499,-1.9361823105005147
-0.061515314063151784,-0.15365769682568345,0.13655085114617382,0.21716314143592502,-0.3212164077769448,-0.030515608804718042,-0.485160409138245,-0.10044959383763975,-0.9638301900602512,0.4693846139459475
-0.04250504167821946,0.40941188781719207,-0.6884023873825224,-0.5946929492549516,-0.19948575739628777,-0.5730030515580532,-0.6062916261146425,-0.8082346834172395,0.5617626296029713,0.6688428373874096
0.1535589062173859,0.48786043176861665,-0.1362955281695063,-0.8224395167280164,0.3451904164445856,-0.18974663329823405,-0.05337625911210053,-0.00924025179551775,0.22274173397539862,0.003542354685320191
0.557336241754517,-1.533071776761462,-0.27842074340186485,2.330362263614432,0.6326624374530442,1.9182423426844808,0.5814603971086629,1.8035660211635112,1.1025767176589614,-1.9607143393665458
-0.3696155845048007,0.17056182384231325,-0.37298841481541745,-0.0060291837143192925,-0.9636105300778911,-1.0226269892324804,-1.245108741493188,-1.1798075774444747,-0.887732025085934,1.3434763195050174
0.5565155059339588,-0.3924664067959314,0.6621696668787994,-0.7484951286116125,0.7712561713825243,0.06810467388685659,-0.7055028370583047,0.09514793704755183,-0.5443624894502055,0.12120333788059494
-1.9166689717000183,1.82959088387733,-2.2093251284492403,-1.0247760678615996,-1.725292974183878,-2.2386100795881716,-1.013491860178252,-2.4070871390598585,0.329432266478564,2.0266793887558157
0.2949470198304607,0.5146050697432015,1.315310973829045,-1.99028624686298,0.8427044402894724,-1.0057307850073558,-0.07180403967749044,-0.8592342816727695,0.6662916386417539,0.6874228037383946
0.017825504628623017,-0.8663578150171575,0.14965945946512166,0.5133768317720107,0.3201213488896242,0.4385641925450497,-2.14957200919029,0.15790168513917624,-1.4982988868270328,0.06285271543363438
-0.24214891211482892,-0.8701429652579401,-0.18513488553301,1.8892560080838712,0.08179106414220833,1.1696138051820573,0.46345848360309216,0.9821704128150845,0.23864024350698795,-0.7262285800011359
-0.4921481819827551,1.302913468063329,-0.020775508024583292,-1.543612679312816,0.2791847636966566,-1.273225951637852,-0.6195996947462217,-1.3963824308523651,-1.6409209079260223,1.680030510014532
-0.622205826019287,0.8748990021491584,-0.971841565818647,-0.6380074542989949,-1.4371887297451524,-0.9749110503826653,-0.45711624639617193,-1.0556579790266325,-0.08154661679696616,0.857321346634077
-0.8201759876519126,0.5023502443936858,-0.6159949089553867,0.3417411687176234,-0.9803513792567907,0.030252660700103327,-0.17374411213425936,-0.04601210181355966,-0.18765881430820844,0.0027822918160460147
-2.2791951779869306,2.1484433294739187,-2.307454268256741,-0.445640914390992,-0.7538256767882813,-0.18211795625728294,-0.28333923081019624,-0.36436864559411164,0.2111920564216274,0.2227855020764028
-0.29118028761230186,0.3586216058255061,0.5637637943197623,-0.8759864782368793,0.21599205873478977,-0.13834581717898192,1.9720780571140373,0.10973145763158955,2.11928820124823,-0.3885664554248803
1.031882348844555,-1.2030523691581447,0.29939082199613487,1.3352862123476483,0.36627261909604436,0.9977720647247859,0.14632604454556597,0.7863999939300882,1.0140863054120839,-0.737902799861524
-0.3565336412697932,0.3760425174937317,-0.27858004118796065,-0.38208683351292927,0.43376881740592615,-0.08837629845515409,0.08296717987802257,-0.4062748857415401,0.33267986057924404,0.33683591682718306
0.5846216554600788,-0.39640974442970467,0.653665226301086,-0.27218451700278107,0.7245555650643932,0.15394648380743758,0.9825357219097051,0.5200353749958132,0.02929520689911944,-0.4412713122427929
-1.0787859662631243,1.8203878241130131,-0.7118574701154805,-2.36167120814656,-0.2090674745660901,-1.1602620564270432,-0.17223650086032363,-1.0770273200975142,-1.6178898330557907,1.183154601274271
-1.2974590660362395,1.5807883384104535,-1.4097681409859992,-0.25753095069210313,-0.48807451107758176,-0.5146512326793043,0.5322389031126812,-0.14157960427590746,-0.15192013390987952,0.20035561923895756
-0.7593158439699266,1.4125027018472882,-1.1222934521936028,-1.1144666706849793,-2.2328237647092077,-1.8198155689016522,-2.391363772384291,-2.0924147621941502,-0.8197865755562033,2.0236498136722774
-1.0257402314499928,0.36773980253635163,-1.1734730647023017,0.5623464427736397,-1.214992057691591,-0.09506094146689983,-1.7088981121964926,-0.18259273955919894,0.03919744753736444,0.010169341581096038
-1.1785127823594006,0.9240630251200245,-0.7255096334974993,-0.9680280978063187,-0.26946541396221796,-0.7603028540738616,0.38789972316493077,-0.5460160548666319,0.15486925717549024,0.5236026236022899
0.404891531283913,-0.2789435065480598,0.25329093509484163,0.041046613889046804,1.034318110059134,0.29633835240720663,-0.16374530193109582,0.2421179255747145,-1.1245246363734995,-0.056062010707230304
1.6938214267887826,-2.363055278858759,1.8330299867739612,2.6929149000915533,1.3197688534378162,2.5727543164012876,1.3200524764213157,2.354826497614587,0.5642020821054139,-2.376055528625456
-0.678033742987669,1.1050821933938788,-0.33129928435078354,-1.490979677435779,-0.8360111412397283,-1.474285275318336,-0.2743414248428637,-1.4489231725909213,0.6310036062978909,1.4037108295007976
-1.6718956623563606,1.7892565700646264,-2.617631977958737,0.5107683098532887,-2.4721347140489605,-0.9055262446137055,-2.129439328555321,-0.9669943562716254,-1.9846919523444706,1.1269270507089575
0.605650249023689,-0.7174400962690942,0.6282895280360278,0.39028543107767455,0.9788250533640466,0.8781031324150897,0.9187918438819068,1.0070924512131916,1.1385015673020782,-1.0516436537626024
-1.4237223490513427,1.2170132222894345,-0.025246662865086075,-1.348916531456839,-0.2081437946766717,-1.339826757036616,-1.0329715012054062,-1.3588156168270413,-0.6242081537433399,1.3226744357572926
-1.178731953357861,1.5935024134111095,-0.3061295831174665,-1.3775468215699824,-0.2747215624802816,-0.8210240705032084,-0.9053793628615366,-0.7292014847329079,-0.14536907395439413,0.8430740809314946
0.4487447299521852,-0.7528335472278069,0.588106153429838,0.5950804887030967,0.7754423591496993,0.8176439907396476,0.34337737002337276,0.9311635018904061,1.575945334366143,-1.1263289357638335
-0.19157954156862306,0.706751165434816,-0.7307355047880459,-0.44482172574701484,-2.458606050268923,-2.531974799311895,-1.5555637914786475,-2.6082634359188996,-0.7185102734081735,2.375359365649004
-0.6976533241882441,0.5236772808063731,-0.3475226028555379,-0.474198692650712,0.9971523098113204,0.4043607925012356,0.44084854438867255,0.21353586970961552,0.4668644858614299,-0.19393936275553345
0.03501068974863264,0.2743774323613251,0.40716370774295857,-0.8001372397160406,-0.22829015453185805,-0.5420173615261511,0.1719902799199842,-0.46152338526138476,1.5253649042559627,0.34106126342636955
-0.4282922562385162,0.41873208850088695,-0.505819657878301,0.636351192181862,-0.25757752764863207,0.025213471772337435,0.12008674485282195,-0.06514201460469646,0.36943045902234944,-0.035752580018461766
1.8010972508304393,-0.7247723009490071,1.6708955525474432,-1.1210579932268043,0.05424819013643644,-0.7553713973860665,1.1588530917921085,-0.5729586177582245,0.34093751525200733,0.543605719040943
-0.686626955376771,0.24800870742920572,0.2051289649788174,-1.236469212601874,-0.1743261429922143,-0.7519699874443624,-0.17845768967431253,-0.5292822396657505,0.3843796685225101,0.44518229806615894
-0.9170446888554608,0.5902216029271643,-1.2349169049818027,-0.3816215841162405,-0.1345993275895972,-0.25300316983709004,0.7899156050089802,-0.09348630048598516,0.9415289727790143,-0.09184303676114233
-0.47253599598177964,-0.20659063693292862,-0.9666280866590715,0.7799982015042076,-1.990240204700419,-1.1726862292713693,-0.632193208277295,-0.9773108765032729,-0.6604296567674096,1.085987589265521
-0.4315435828436627,-0.07299922643118693,-0.010283554510074731,0.38632393100731505,0.6741771088183217,1.0075644643951613,2.1256552421182398,1.0193070400371722,1.2615177171633336,-1.2130981796169675
0.5463470948004907,-0.21160036765250412,0.6889585444703925,-0.028153289960086304,0.2720802839416145,0.5999758828925136,0.0921781862241833,0.7351785216615937,-0.10982837563422618,-0.6638233702410562
-1.9625456071197909,2.4557282914181915,-1.1218894778938393,-2.557465279490791,-0.5440784426810987,-2.1604396843225704,-0.6594266347220473,-1.8571916682855953,-0.8393379416779618,1.8761155798134401
0.3818619850504514,-0.013655520988878284,0.6096157464111446,-0.542829822463597,0.8185526986410253,-0.3441795817964639,1.463751847295728,-0.16676869653261261,0.9427924976074085,0.032389820698058305
-0.5561782491421869,0.4972736417300898,-0.7787703015077766,-0.4276191424724484,-0.32560924409749503,-0.28861671874141237,0.0730667136965163,0.07120003374268367,-0.509419585825743,-0.06182201123654989
0.722043916366504,-1.0440393320945267,0.8234883195639537,0.25442528365886713,-0.014031904432065704,-0.025137469467836838,0.9329399131638803,-0.04900100105670565,1.0055274669899017,0.08502263793592972
-0.07747423688373688,0.4368742507364297,-0.678255404412523,0.24811395547192,-0.77555246026074,-0.19452498005069516,0.018802964251538032,-0.2668817876695605,0.2662655326589226,0.3249731565891174
0.4717264019485196,-0.8378921082588237,0.25348819504888753,1.3223347674922903,-0.8131041524417131,0.9250095682001468,-2.068485710016531,0.7683451380187418,-1.2765893723701838,-0.428614367789077
-0.41083013448594263,-0.19737595704187966,-0.0928261582182657,0.15327849300974,0.2031060140523712,-0.1838046826426598,0.4146091525425268,-0.11942001920932202,0.29910323236828545,0.19895067740467562
0.3934956916673629,-0.49870950077779375,0.12963080886243541,1.2125641455147835,1.1487714441458978,1.3091604676803577,0.9898404470073662,1.2309860268372692,0.6493571678640278,-1.2360208930903245
1.5821514770354708,-2.3080032149588665,2.6192130390555066,1.1540421445861604,0.6623887154334482,1.1204766186857622,0.5394165415371598,1.202973129997382,1.4570973179454239,-1.3733433500167513
-0.7481391941018779,0.09782783051402892,-1.6376030124847807,1.9729324482177897,-1.7268150297795988,0.529534736516895,-1.227882184427053,0.4356380345127666,-0.8420883231088692,-0.37931209076124806
-0.13522298035791966,0.9025366225108974,-0.4138034607730688,-0.9723359263968747,-0.4657907280820065,0.0006770038619512313,-1.4638352104469934,-0.22014786056546995,-0.17282510897954334,0.16461941189414464
-0.502776468978835,-0.20427482592753418,-0.9286303801322455,1.7169383101091271,-0.6078191706490615,0.797798698894632,0.24422937148367435,0.808664813789,-0.4896105907671142,-0.7722475129407709
1.513505543711614,-1.8916292087120115,0.8933784351205807,2.627599610981432,1.1674897164826656,2.027018146982834,1.047861246687949,2.1273401738495017,1.2354309564867911,-2.2132244626361435
-0.4520826571671929,0.43426774935299645,-0.7307710056834315,-0.1016809054945313,-0.6758319389446524,-0.5927286232692974,0.3658268308342045,-0.6041358049515111,-0.21317404123577174,0.6189146295548354
-0.7417929939386795,0.7212237586265657,-1.3344058699615717,0.15597470185757287,-1.2185479741643606,-0.882525769725458,-1.92058203129837,-0.9404822223095054,-1.803241283950099,1.23162433431785
-0.5920503505619842,0.43429124405080033,-0.11378500402713836,-0.8701794369205237,0.5843693039165913,-0.012744379526162043,0.7612551667088534,-0.055451847789342625,0.3120402956108287,0.0865349755378084
-0.16288277744197963,-0.6978840804933938,-0.4368754180241081,0.8674600187902716,0.06466793507948156,0.7035256556543962,-0.12287267248623944,0.5610832089743446,-0.396020291690978,-0.5710885733984469
-0.8007655997675782,1.078079165196911,-0.5996076381994374,-1.3782658278137296,-0.13278484103944327,-1.26708320428052,0.023538890613064963,-1.0285637019935436,-0.28257708578203,1.062251787726022
-0.3885728392089239,0.16091258871560413,-0.5677218638371492,-0.039828986653780485,-0.38626580060510746,-0.49689354191473173,-0.4114452317972972,-0.4156971938006459,0.5843032117156137,0.4040381153666254
0.12117265296342279,0.38964763135694164,-0.27349751427791014,-0.17375236278870093,0.391070974279997,0.03477718786080661,0.660597226454603,-0.16564882044672807,0.5600159392517134,0.04494929472058717
-0.14325139255112837,-0.1479826220088209,0.7480748458616739,-0.78440657181655,0.06672532151132361,-0.5394895807408139,-0.06907925156885575,-0.5630676495246391,0.13934735406181167,0.6133498648564589
0.7752686382092069,-0.30855294013980195,1.1266432200242469,-0.49799237995881673,0.25205328169829894,-0.18202752699532088,-0.5964555429854593,-0.15453492263284843,-0.7391971931351246,0.3367595105430955
-0.3409635518329388,0.844285374376973,-1.2822758258113207,0.11228755637508206,-0.4921564938641537,-0.23168603502986937,-0.25503594542491487,-0.21795595762823017,0.4467910508377118,0.016415462868786174
-0.22969699646111919,0.005497832317168768,-1.244400388445783,0.9135804024470835,-2.002330839258142,-0.3543495750611739,-1.4691789223241392,-0.3839628406070325,-0.8197232585815397,0.6848929007635198
0.23158711867309636,0.14645972105846564,0.7320580060460554,-0.8822922999732011,0.5405003831336402,-0.3436802304769696,0.30099459021385794,-0.2725079750226156,0.039380140391930274,0.1799991143839298
2.1456059789191566,-2.528916590055935,1.5204123581039322,1.8336556153681007,0.8455631887536231,1.5898188263792408,-1.7658180876543474,1.313364273725774,-2.414435238067616,-0.7657922822459685
-0.7950411219096899,0.8283950571276344,-1.5490930108346948,0.14048248042100575,-2.0804803996794394,-1.589722402368802,-0.8655428339980611,-1.6010883415293407,-0.46474754777865135,1.643407294911775
1.8341428359655203,-1.1776010818712392,2.0824992563202813,-0.6063021879618417,0.8534354642167445,0.08156055415006279,0.3381468666204323,0.2709115001125642,0.6931049421575471,-0.4712849919239015
-1.1790301934167633,1.2863918392903961,-0.9150527895100551,-0.886002626302468,-0.7810692327968461,-1.0143703962770714,-1.4932391130574396,-0.9977309470409093,-1.7814839488579037,1.212934147496787
0.1907694955849115,0.8215903775515384,0.28124847039888373,-1.6064602973616386,0.8251913917585061,-0.9873705403814272,1.2233172341622478,-0.7482630322940146,0.7413345759474839,0.667322010006628
-0.36038861777195674,0.5603878739008853,0.11111659050468074,-1.3298133167516355,-0.3917263451019539,-1.2153985485302032,0.21282571442211143,-1.1069382753923387,0.5717763519416711,0.8262237661614897
-0.8218728766452131,0.5900526775642355,-1.3931483448624433,0.6871548306058276,-0.26932731433992807,0.5798710032614032,-0.4105200098865207,0.4341891231550488,-1.3875760151515917,-0.1844719025252312
0.646665441250341,0.5859667124400065,-0.32642069257289097,-0.24900831985447108,-0.24375788868092077,-0.15202878512113263,-0.9962174892661135,-0.2786727888228694,-1.1749117211347115,0.5289637604131785
0.550471380445468,0.1694204072396246,1.283868927956774,-0.9337151283294608,1.7294953575148495,0.5820228463952251,1.275000399543688,0.8305307609934423,1.2557681664038491,-0.8635434461857318
-0.4979576847891294,-0.22377507267214292,-1.1874853753067356,0.9483465164531877,-1.299399687705131,-0.046534431374355326,-0.7598701476600165,0.0257087865125751,0.2433253284886607,-0.09821874186047973
-2.0617075267360314,1.5498578037211799,-2.390466656361558,-0.14807316101762286,-1.8090195193913745,-1.4040389502990427,-0.5102099817101786,-1.4604018306164233,1.1953507042228,1.3195098967069137
-0.4386089626534186,-0.04203764326372446,-0.9191919759950777,0.9691082051023855,-0.47445365718726,0.14108016005787755,-0.6306499244747942,0.0913003324882504,0.9442530415991521,-0.10641252433420878
0.10371952491625423,0.16535104956366653,1.1705616457790562,-1.4777565803539476,0.6814327114996731,-0.20356285079726522,1.327594468168278,0.014325889765804456,1.130310588493481,-0.16237154884724572
-0.029513505074927227,0.2561789931206219,0.223152838553465,-0.31898075653469476,0.730693768565222,0.4695002818221362,0.09252366998308038,0.5190452305113974,-0.24113562330777832,-0.5076560210204946
0.701788261274233,-0.4164497595545505,1.0871603648064936,-0.21468066143469877,-0.693971790471435,-0.7840574983754065,-1.4341830476042632,-0.813157117803396,-0.39156176314746466,0.7055399440730464
1.8437609255950136,-2.3785877029382765,1.6433250474935948,1.9270740185068416,2.710531105805094,2.4845932929239507,0.9639248926766573,2.284231915182303,0.3710178411395229,-2.143616805747967
0.37007864856296296,-0.6150552125258866,-0.017153125488038354,1.4302586696734545,0.4951487030537215,1.0547828058927007,0.28645420518062226,0.8614209600710528,-0.2921376037988256,-0.6198945441701383
0.5193153235947959,-0.5473419738254913,0.7576801102688138,0.3159538660417687,0.3867287528199205,0.5912253461966569,0.21278506968884767,0.7504854234069026,-0.02424679238070914,-0.7077637577314879
0.11242548037204587,-0.8740447170116913,-0.7366407992740215,1.897279276532478,-0.9395357913878424,0.46590160871697883,-0.3733037090902352,0.6233087433262449,-0.5529405183015796,-0.5759923498589751
1.1056853559345734,-1.386104289713293,0.3422154118555507,1.4818058200390964,-0.36302404150472717,0.8214295185182969,-0.2991414458154269,0.5400593451810576,0.09934578714580689,-0.4402717450025006
0.484047482075238,0.11432579443529461,0.7815300517914333,-0.9079424186036497,0.9351524729782071,0.36994652024950725,1.3357321533719282,0.4809778989602832,0.6085248151428239,-0.5231560588956784
0.6951653219417264,-1.2955060335702657,-0.1412193829728145,1.4412778210385924,0.49440048994109176,1.228502650665901,0.14082757847731037,1.2936548210278238,0.1979237458945987,-1.18417824462646
1.722945121655037,-0.9784078245043154,1.3388192054317845,-0.5950427761990079,0.8141239134430459,0.1847983811695721,-0.9161290856887598,-0.223306397031234,0.4726380913268199,0.08645613067068914
0.1888434653788578,0.27365708497102087,0.07162903359032338,-0.2500897317068243,0.7209567736082374,0.4704701461331117,0.39229695225572697,0.33477438753328675,0.4128892323295889,-0.40849599635276185
-0.2940351144983188,0.13804370542999403,-0.5375556165365862,0.785000823186855,-1.0257245735122364,-0.4291182884853643,-2.1354758262776374,-0.6206695337910971,-0.4980469428129213,0.6021551920897861
0.40151228837451475,-0.6483350550904581,-0.7010226550202978,1.36559222921832,-1.2584223707047844,-0.11535617170206429,-0.6245642560926082,-0.2491475726606294,0.4135499892594391,0.21499821323415488
1.070587113679482,-0.6418550890242233,0.55819516851376,1.0025550668040937,1.5308569672185093,1.8166716523868514,1.7863939802983775,1.9228534307935816,1.7918660546904062,-2.0898746873246714
0.45498122605849256,-0.7553245681953497,-0.06313951367259346,1.0006371947390191,0.28897338736715006,0.8436443832072735,-0.5241553203066883,0.9592669258761303,-0.6120474296811009,-0.743739629899426
0.9972711627984375,-1.2309254348972656,0.912591668141031,0.05151224040400473,1.5170685229426184,1.0255997642078405,2.0412826589619986,1.0506617256790935,2.3004868129657603,-1.3828544972258225
-0.6800037231078162,0.602895800875438,-0.5259144186703409,0.02418955962202878,-0.982730496045836,-0.605485414283301,-0.025574606712327887,-0.5606168575359729,-0.16406441418117806,0.5916703589716553
-0.8730880226255072,-0.10081439245748576,-0.5476097282354838,0.4292928598788208,-1.0435426067584648,-0.12941456253036665,0.20001485778363023,-0.14593148294038344,0.1807119279215241,0.17344495240381474
-0.5598168811649167,-0.10322638107832147,-0.8388129264831943,1.2936514772719365,-0.8878100974597448,0.39236143724721273,-0.4402621186377578,0.35201969119538357,-0.06491050166530855,-0.28673633122516434
-1.2603032423211993,1.0121130368395501,-0.7972693626909745,-1.1707271857824673,-1.1595881965995563,-1.390685308156844,-1.4829170186289995,-1.4496585556898665,-1.0850257961629062,1.59623517084479
0.07568965073578977,0.11997700818727643,-0.7672388660284742,0.6876682321757973,-0.14611575341332456,0.6749110048050815,0.480096059110248,1.0643392707714905,-0.11718056236622554,-1.0164813014579277
-0.44828494956499676,0.06571070012094761,-1.3482300296245375,0.7920642585971153,-1.5107294868936587,-0.023129037228640882,-1.4452321886388042,0.05473388447260185,-2.1333174899540754,0.33630719629963124
1.1617126244190765,-1.1555693786829893,-0.26360045988744696,1.8726426198566233,-0.9990668592058608,1.1780135570282688,-0.5658932585736267,0.836081514584421,0.28573225939366453,-0.7987157774638564
-1.283423836480283,0.490802077675137,-1.3548177338749545,0.8566006450400829,-0.9363356181874524,-0.1925716509872889,-0.735861237222233,-0.3759444881907825,-0.11691955398340954,0.29098394726081445
1.4765981041982301,-0.9714291870329765,0.8344390680017236,0.7751534844531481,-0.2817271381117069,0.9752189569218547,0.6419842217068572,0.877158554860408,-0.7033667263572138,-0.8868453904033177
-0.9827812116012059,0.9820180316213866,-0.42336891083566724,-0.9216202830397494,-1.5216988080395082,-1.8659139398760691,-0.46270692726197943,-1.9746488569522649,-0.8436963544811283,1.8039058366729563
-1.2320339218998058,1.2471525380520294,-1.390201199739176,-0.9975492331965474,-0.967602888272899,-0.7627645127996919,-0.6901361460854093,-0.9757761221828232,-0.35941117481998325,0.7544849192977835
-0.8309694148687629,0.9551482433817483,-0.5672210982906207,-0.4898880633781036,-1.593146777070574,-1.5064730301049893,-2.468863147409364,-1.68134904150515,-1.5082623038752394,1.829764379679203
1.860961642180544,-1.6803796277952956,1.9827001476118276,0.9038390805758331,1.8878753052169908,1.769180675129648,0.7852353659906648,1.6452198827624238,-0.4528088345047949,-1.4907315717250547
-0.07014438737155662,-0.14758603023471886,-0.43211862601381695,0.16155813017001536,-1.2659679281095573,-0.6995558403067127,-0.31335842606890446,-0.8113915088562341,-0.2663849076880777,0.8018676226568189
0.48214242899313053,0.021276779321697633,0.5509540672922807,-0.8874035068353329,-1.1032067764664593,-1.5166848951369691,-0.5159741543240257,-1.1872233296114236,0.026437197372459385,1.0817421729330448
-0.2095993651989947,0.24785701027445978,0.33931485244197057,-0.20900955708438324,0.0061965606296651415,-0.11513245815273716,-1.0880414762352455,-0.304686545876372,-1.033483386365919,0.49337148418045335
-0.11862506789733376,0.02973655126900742,-0.7634500195737501,0.5557158841546584,-0.5070077325151187,-0.17893357872477497,-1.6476272596896204,-0.38708303776692676,-1.0238828522096086,0.5711992351869959
-0.5218442363576844,0.46448152129586545,-0.43788474505563946,-0.5893494830990978,-0.046636045130096566,-0.7467035604191419,0.11805549978394887,-0.5813505160254613,-0.22432144569575987,0.5776388955645732
0.01793619842443217,-0.03852196482771449,-0.3557296133287734,0.47670817200243915,-0.19437798403565884,0.17319127393789496,-0.8942195248618526,0.018045376600976454,0.003931920094062602,-0.008156158082383378
0.44836094350547806,-0.49346154354579647,-0.2527230313674802,0.630729355861895,-0.9183426170655788,0.2435715111038837,-1.300686598569437,-0.057666197781483595,-1.5099014143791913,0.29510145452563097
1.5962473429939705,-1.2842557989332932,0.5228376904729599,1.325670516141062,0.7918108202646782,1.299449550353949,1.0187456810929756,1.2936910115683378,-0.011239875722025247,-1.070819947645643
-1.8490192290454632,1.2917618866626763,-2.1948262902830535,0.05226435412756919,-1.0132868752442103,-0.36688859816178,0.2168422272292641,-0.03316445136382136,0.2152307864706007,-0.18926054429340924
1.53080426105985,-1.7714656979019459,1.3082517746694826,1.082536714129797,0.11553196782408388,0.5539452092566725,-0.46633446441971155,0.41388358909141143,-1.3322674000809123,-0.24583900133182596
0.48071198078359134,-0.21583506411916625,-0.455220976892138,1.1430441950369528,-0.49524361164010494,0.08953624494389105,-0.3528977448177922,-0.07419397736475258,-1.7222387363144174,0.4099619469787109
-0.38790642780823914,0.284787731272541,-0.6281791668362483,-0.8213033360891392,-0.6809078735104391,-0.8561201179383348,-0.4967104834871875,-0.790292473162195,0.4258197630031775,0.77270512227005
-0.5624214737732346,0.911280741875697,-0.05700060183719997,-0.9584798326040973,0.053014768639648074,-0.13550820637459304,-0.07908091290993342,-0.17340093088978034,-0.7236916411349931,0.31008258032379477
0.9808215318170416,-0.7364777940076558,1.0501434864690933,0.4307956865161008,0.5778714278852909,0.6996562379170842,0.4161800545387489,1.0959206506442576,-0.5991132419855365,-0.9451172193413231
0.19077735625476025,-0.4152057086364385,-0.13048354579354193,0.4223384898514435,-0.18704727089161086,0.3707152790079077,0.43537691239628856,0.285698591340899,-0.2154781333418402,-0.05956260125258971
-1.5189161729231533,1.6211714341860473,-0.4005907306374139,-1.4540552085414002,0.07782194117710674,-0.5130011801776208,-0.43508462584931834,-0.273756763460689,-0.900685657557624,0.4068475314862894
0.32081079332242585,0.19718398527021475,1.2548754104240791,-1.7805702922488538,0.13653057349598338,-1.0938286541714648,-1.0183181885673636,-0.9595815351794507,-0.8329979901481772,1.0200657553200922
1.0784703399202171,-0.8099361520359363,0.9096930128682726,0.008034281077507787,1.0873355157322506,0.6515360084567768,1.9565635070456993,0.7567923403252609,0.7271488184988711,-0.68938689379285
0.8006332306564697,-0.46423771665900565,-0.6375083273219004,0.8807809258627917,0.23027420171779456,0.8427056547942334,0.9534076417186779,0.8928590029300192,1.1001514524734732,-0.952166998670328
-0.639161234663862,0.5036873753451097,-0.08302312610198075,-0.2252693263295575,0.9509450578240435,0.6237819574518237,-0.17396678435451643,0.4302147050392234,0.35858108913229164,-0.3667432612432684
-1.3326700742262656,1.6253871914972626,-2.3411052877131326,-0.8041116284604137,-3.1315397812214303,-2.89258931812229,-1.957318572339018,-2.989633202063186,-2.339377433741149,3.2299513872903804
-0.34738135080667015,0.06567561259945273,0.4730106954582749,0.14563007458563004,0.17479038963825888,0.27948570679748724,0.8593641852934005,0.29780928459712736,0.23981580630201577,-0.3481943922674168
3.1242465127599988,-2.727892968260089,3.188245162609263,0.698397755405578,0.9826810905979434,1.0769886978469894,1.2002829454229287,1.16085121862691,0.5629781608626075,-0.99925734097326
-1.5295191424825478,2.4645327746537244,-0.36501665698741603,-2.754041044955377,-1.8916554501257277,-3.2199423534994316,-0.9023485690288999,-3.3197154326850002,-0.7621388091963591,2.9694802819212325
-0.8485059644834131,0.9923639091324995,-0.5888831808256207,-0.6020434535050494,-0.3810925569908654,-0.6601236391180391,-0.3693718990376857,-0.6085286803379152,0.5206676139355296,0.3013826740640993
0.348906371320171,-0.5048107118081275,0.09164324411772608,0.6562354306057049,-0.2412280501035857,-0.03648025210254033,1.108849698495459,0.05878027380620779,1.6711270722873788,-0.37152751102098397
-0.15202931942266518,-0.04735084782616136,-0.3766763491824223,0.15510085632176945,-0.12663108805442153,-0.3829791133593425,0.08389040330377091,-0.2906049701297469,1.862837122023278,-0.05197948625762023
-0.22541888309312844,0.16694134712471567,-0.48906943418316795,0.710148215595007,-0.08711844378979297,0.4221335118209787,-0.42758893691506594,0.4398301935851644,-1.894519937155492,-0.08842303195332543
1.9321802146681337,-1.4224100560589223,2.1309679143054376,-0.2007987866824477,2.301565476175135,1.5653254539253072,2.15800678846076,1.6602141898416576,0.9980683078103693,-1.7583464332538632
-0.8587123256611064,0.8373906513276174,-0.35950718515707536,-1.1066599933382701,-0.2736887015033247,-0.9954924584007722,-0.1041220224384005,-0.8736894470762482,1.2371803031135251,0.6228636009266898
-0.04512065083164501,-0.2393588593439978,0.013561844086844604,0.6610823730949732,1.8567872735213045,1.3550162009287672,1.484304003069934,1.4158650215058137,-0.1277055728244616,-1.3157005781603421
0.16452543779678558,-0.43200094374424286,-0.25348841422174484,0.8648791579165811,-0.03329296223729439,0.32743104148533003,0.13242381058385477,0.4331549863272864,1.3986623698455527,-0.42760173357690573
-0.8116573941968168,0.7969398382949444,0.6893029801032522,-1.1486093632207988,1.6445637756947098,0.43363207321650793,1.4519038466707508,0.6013285604091119,1.2261625604150685,-0.8198720382515978
-1.4283304742521388,1.3155853437005922,-0.7335801501614383,-1.1471239028878084,-2.091898661753871,-1.6464585407762256,-2.0864593127181665,-1.7248303752388865,-1.4040337001950522,1.6575819004463541
0.22989580090469725,-0.029838642265491447,-0.6594072469937665,0.3644330868084288,0.3497088461296926,0.6593337452048355,-0.8237440614965372,0.5323009326491689,-1.4918135000270905,-0.164728786231194
1.7275123504340895,-1.2073745821257793,1.170416623320277,0.6878527960404178,0.6805172561483046,1.2215080478846065,1.501730410528687,1.488558749620899,0.8401350806424339,-1.5772418693839303
0.3610678828472602,0.7999388330059852,0.7826860624084854,-1.9646296144001074,-0.7460674596994765,-2.0426037484164934,-0.30307021850026167,-1.8922722158167196,1.0406908307185496,1.5915129755789696
0.056074732746293,-0.6720318262563404,-0.38549247445339846,0.99726318179916,-0.05474242415964005,0.5935591278386297,0.5329905391444877,0.4292556006872634,0.39836116695547485,-0.519859795282534
0.048954756836635506,0.23271580949073262,0.21452423665282597,-0.1743142309126679,-0.08998652608473762,0.09246050147492085,-1.3387807434627392,-0.10511514962472118,-1.287496946440038,0.36092064000442864
-0.2818701885511197,0.2895276754228736,0.25156900316735664,0.1191387039080199,0.5093902063398067,0.02747637319903992,1.1206156866152541,0.10845971073552972,1.1602553488273735,-0.40510000788041844
1.1163976227778216,-1.8025151020160244,-0.8560335572042912,3.0954096171279524,-0.01209027157977533,1.8402425553286241,-0.38294479521707353,1.703270787435651,-0.39147742626871807,-1.7848311015433291
-0.5214197042271231,0.9900096554373766,-0.5074896562795586,-1.2782760729892402,-1.3813087636132266,-1.47191157996276,-1.4926671612355265,-1.5028703154454366,-0.8443632674066581,1.6445703660075761
-1.3470010632773382,1.3994671667947385,-1.1816802690509725,-0.8956168883318663,-0.245094360986508,-0.6792046402217295,-0.20175249487810337,-0.7889069032942594,-0.720637146999378,0.86470294654429
-1.5650649310251323,1.7573422680949795,-1.5459407531737595,-0.7826613743152703,-1.1624370996675875,-1.5116795875721671,-1.4739930907871353,-1.5733796513072296,-1.1291126359231738,1.7323748634966727
0.04534594639708495,-0.761437289228352,0.18524100487627027,0.9615199125396322,0.9625387910372505,0.8061033626964808,0.6385902770392069,0.7833817758389875,0.057825336062596426,-0.6192491685811218
0.9973234166035887,-1.0146263536524358,1.1738052630910947,0.7956935953617243,0.6671535594846197,1.293264768579738,0.34572985202396284,1.4132672838530342,-0.984734008353727,-1.2499075260086947
0.19902665448106174,-0.6428606906121496,0.23053939057165143,0.9254018271155056,-0.18699013157203737,-0.060189772326229664,0.6574055703787864,-0.12855815368986392,0.8664642038752014,-0.006523601370086889
-0.3390373649818671,1.2049322491005434,-0.4939165700261364,-1.6323171111746566,-0.3883101613730469,-1.1539447218025118,0.8556920256210091,-1.0013251429308174,-0.19851412360465473,1.0070739773871487
0.41329651603040723,0.09052226662353981,0.6691493036648631,-0.9242241705763011,0.5012848884276201,-0.4322022430106029,1.418305216714972,-0.36093092818746497,0.9801440788276755,0.1763931798828493
0.14930527734949134,-0.4308892247213768,0.13973112547991337,-0.10462687116334721,-0.37740555941968523,-0.03721131216181806,-1.8967818087175787,0.050512199142371934,-0.7367463912928981,0.0350398839516489
0.769917514029504,-1.3566428911506452,0.5147899386395233,1.8273588540251517,0.0017772904370130748,0.9174314960736364,-0.6759983169041494,0.9835659074894293,-1.535141762786696,-0.7017745924740038
1.2550913228363623,-1.077330200180459,0.3537221500984692,0.32941233563865296,-0.5884398934326545,0.5266695143930242,-2.0433397603154364,0.06887777300440383,-1.0741362276992028,0.19928408784458132
-0.9567822882783238,1.3228542302366946,-1.639721649010188,-0.8378473229227151,-1.5163033721044976,-1.4118653191674069,-1.8645039708977031,-1.6210703824553108,-1.5797918583074,1.7206617992119573
-2.300072041407016,1.3705797748827968,-2.6484674845889793,0.31241692595761805,-1.5253922150083752,-0.6209594006332467,-1.4730902906444108,-0.599758374735664,-1.7576392189153283,0.8788822496992515
-0.37217144597913543,-0.05838430888935347,-0.17846510554666625,0.4622932943855906,-0.2667977714055229,-0.07617091527741482,0.13015466761003233,0.011630899810580053,1.5608504960178535,-0.2151905579107034
-1.0197681837192734,0.4617507753733138,-0.9116800705217558,-0.020770781246038917,-0.05363593035124972,-0.08803482486065016,-0.4091716460000832,-0.05669373934113692,-0.27557081495305763,0.003983300255254762
0.7755106945610104,-0.3570732099097946,-0.1383671214825547,0.4545480407114248,-0.2689748165746789,0.09309452173844934,-0.5306345498226404,0.06876727817359003,-0.7682678166965713,0.0801533429789979
-0.733687515368899,0.5074257757203936,-0.28921272945738563,-0.5688120988143671,-1.1860873191181867,-0.6577271274167916,-0.6423966544257403,-0.541866995138227,-1.0022354873632828,0.5111575149058123
-1.850289358983239,1.5470343288515849,-0.8455295066433471,-1.2641568393924698,-0.27282387981422057,-0.9006292946070424,-1.422340059968128,-0.8713105006827021,-0.4123566913961297,0.9089555216362816
-0.5880982099674126,0.6017506620942498,-0.8218186570654328,-0.572069939449108,-1.0797912718413007,-0.9228554082104183,-1.3177451383737975,-1.0345921192199283,-1.3902476161731123,1.2543966050929674
-1.4780990572723858,0.9763027280221467,-2.172372637934186,0.24236812642820726,-1.7709784092014746,-0.8321034653848212,-1.5282045848411259,-1.0989360371725607,-0.5800105774214876,1.212998533663863
1.5107669256634417,-1.9959364426687092,0.8864523649494094,2.5733854788465695,1.3948828658451635,2.733010399987476,0.7767346270723772,2.4179042047056485,0.6133177525404508,-2.4286120157573876
0.426097718814338,0.17291000386421662,0.7967145559311077,-0.7882816657412054,-0.22528299859281603,-1.0313716087987375,-0.0861989122884255,-0.9900217563426809,0.7569465923225853,0.7547361587983553
0.5966906079715585,0.05554561758511119,0.7792320687379021,-0.4696966938388383,0.6216692654662396,0.62372702665445,1.511564166891164,0.4794733467393651,0.429135470160717,-0.4843773377078774
0.48853400628559795,-0.38170038819333607,-0.08621146790107256,0.6118150703215085,-0.13729010006259945,0.07652699791128084,0.579059895712589,0.17008913943273438,-0.17221186999343402,-0.17680593244424175
0.7834751407233853,-0.6213437546575501,1.4485038406079076,-0.5193089938900806,1.4533494330903995,0.5690211563718451,0.4011234816047413,0.5375079707266976,0.13430097448259865,-0.7001416620957657
1.0677745851685947,-0.45988232529528916,1.5967632670913703,-0.6289291607031183,1.6605741868179584,1.0434934183000504,0.9086666951752105,1.3550438439919286,0.5739860376242553,-1.3968291841605789
-0.5546847700903728,0.5636407856321991,-0.8645125093243955,0.3034885775528786,-0.5027682912692099,0.38461116385839933,-0.5658058290929928,0.3618844974141523,-0.6436000877988197,-0.21308058521393722
-1.4082654863061739,1.1043246410983838,-1.5883451849485695,0.2700227246590507,-1.4309891035492721,-0.5256128955295157,-1.312036836442625,-0.6222673808222481,0.9087184250477859,0.5397205764184233
-0.8525775533586734,0.787284257099213,-1.0414356192540095,-0.18439492551351544,-0.4948405437626698,-0.5738038957018313,-0.12086804564829576,-0.777280425166924,1.4009378245002444,0.6672265303456535
-0.07515259513063594,0.6415527194021544,-0.34210341684151097,-0.17760639057592445,0.5700388197870935,0.27485434007460674,-0.9771687071773659,-0.010330298012741457,-0.4899947611933178,0.09499431967741888
-2.5180166084933333,2.3176125909008984,-1.6306256676085695,-2.665338384087228,-1.2455759214599496,-2.498445282985682,-0.1710046376137014,-2.269877875175429,0.19860841467504667,2.1312365629264374
1.0768744855726022,-1.2751105012491306,1.1185189746154511,1.0748487049533118,0.5868986633677499,1.1253864916227208,1.6295757339025116,1.1813713594086697,1.0880234949339196,-1.1731057070394801
-1.8706234262480839,1.7641699400480957,-1.1244193081202083,-1.5492776850437717,-0.6101007307940505,-1.7323232466276357,-0.592956443985719,-1.3247704295481788,-1.155864348051733,1.2140316691212372
0.5496923808545069,-0.23844858614092912,0.8055028350259292,-0.18022874428814792,0.5589517108880047,0.5650391972351995,0.1626883410305048,0.5424932935487911,0.025302123455554302,-0.6033938831594128
-0.19425716240742485,0.3923895116899115,0.7273877910576896,-1.4466040540486196,-0.39008885568022855,-1.1648957366117498,-0.13623120737392336,-1.0820090050641686,0.47526043571672844,0.9424422103775439
0.24527361435807907,-0.003014943791374732,-0.3630533957340129,-0.20980173215470055,-0.1560237774516713,-0.43238495096710294,0.6478422000559088,-0.5262527946063917,1.442007248845315,0.41535024844674645
-0.4889115716712717,0.0924055962743086,-0.22300459970426553,0.20828145249509927,-1.083248237190442,-0.6892371898888264,-0.944335735826217,-0.601604476227788,0.02751492931466483,0.613087323514963
0.17936152135263486,0.14814070203842572,-1.0052421150431365,0.09085339063548639,-0.5327931819414535,-0.21322626799047717,0.33729905938546995,-0.29424888176464403,-0.7829302795031674,0.42223074535814065
-0.48887063200084924,0.4498149242132175,-1.1165500097566117,0.22801714220979608,-1.3730265032592204,-1.0994058385529393,-0.5414493029595148,-1.009228236843462,-0.5790972153758228,1.0035948375726993
-0.5706232056915421,0.21522364815970305,-0.5314314702887782,-0.14599626749316874,-0.40907128628100337,-0.12895879942198799,1.461662355373951,0.14236921109317288,0.09005969963480627,-0.10652910362250938
-0.9013579788013357,1.1340690551110026,-0.5502154684619721,-1.1117651034616698,-0.19328592741302592,-0.7940434690923991,-0.3614213633116091,-0.7648174119232732,0.5875917694156964,0.5655184012053879
1.448385737541438,-1.5249986437105405,1.1536780821569659,1.342159935193569,2.37686111537822,2.798729751543478,0.12785886799984,2.907206248769265,-0.1637833013456308,-2.7494323063780546
0.3245344133884984,-0.9646961285441236,-0.03721989101288141,1.1335097269032823,0.40604938724270007,1.0158301023892218,-0.7733688441081196,0.8010120831964928,-0.5819059425954032,-0.7212048343562358
0.17188520091542533,-0.5851641384149586,-0.07210508426814242,0.97719556807794,0.7841894562153431,0.8469691151867142,0.531112509783599,1.0946592155485897,0.7703075983867864,-1.0090140738096036
-0.8803393123983219,0.7203292256544952,-0.03173154790004773,-0.6490054181535861,1.1421173569207914,-0.01993016688241239,1.5089694236008155,-0.04669791846942224,3.121719068640734,-0.5080767948725741
-0.259014002138151,0.4692418541132223,-0.4319371719818924,-0.49505760009739697,-0.04377398443707345,-0.4602581671775871,-0.4995210389988326,-0.3633792556034076,-0.1532049188077261,0.323148385687506
-0.9886276488977151,0.5341980934396438,0.07707978754502358,-1.0327117260388465,0.19232592913987556,-0.6342225690690372,-0.03607811659534645,-0.6161695470212143,-0.1636691465980738,0.6407515442422047
-0.5075730374651207,0.3544397864978743,-0.020933500088952107,0.08913547110953685,-0.7555249529683241,-0.5770075297400981,0.008649242539942708,-0.6383862607123594,-0.8395245012368296,0.6376387900018784
-1.20380628940425,0.5838057173524468,-0.7840655746374189,-0.12132217933916699,-0.6913072110742381,-0.4902925630452066,-1.1544076800634113,-0.8059018982420092,0.1973261966507363,0.7395283693861031
1.5097840102372473,-0.9810950636571866,0.6305673467309855,0.9605865360144683,-0.06155423206664562,0.4282679877389179,-0.4811057781983659,0.3253667790084601,-0.45768016289613567,-0.2123760148901663
-0.7652741649993041,1.4087641531003057,-0.163480109101213,-1.5557928340952274,-0.42696054762749125,-1.2282622410234585,-1.1282341728926435,-1.3087895582261775,0.35740961100488355,1.1031455495930749
-0.8798709618772128,1.4684980833288344,-1.0122567593335825,-1.5618670019721241,0.43233422674338,-0.8903059183165137,1.151350196487722,-0.6967720946976288,1.6784823537263345,0.36864833033182676
-1.3167692237274835,1.599103005462585,-1.7488525665611119,-0.9020662877105184,-1.239050763139979,-1.217022591745877,0.31611035685173083,-1.0078456864271506,-0.05824259690388154,0.8566972711704398
-0.7791408336404284,1.064145193479699,-0.3975278195708305,-0.932133893573528,-0.9041258933740709,-1.272344176789816,-1.7432130480394306,-1.4794121084696603,-2.261625882744871,1.8454663830818527
-0.5111900686401515,-0.40769112816714975,-1.1727093725706461,0.7625280072575398,-0.005414824173335326,0.8197509283583287,-0.10147689978732316,1.0189878875154068,0.14864132459608803,-0.9456323759139026
-0.07925452549801401,0.13702599403876656,-0.4797568295824227,0.15573726692746656,0.22383511427624295,0.41143178323229135,1.1813410201427665,0.4323035921025886,0.4837800082267195,-0.5731766577439673
-0.6570668389367786,0.38451225253239824,-0.5701048441807541,-0.3610915644422935,0.192463279449658,-0.06803841787099069,0.423943485494619,0.06862196158639798,0.3780710088546851,-0.10965246019130094
-1.583448368506574,1.807885416879015,-0.17654499797544704,-1.8369378446020204,-1.4772175998864603,-2.2022427380623153,-1.3242830003753996,-2.1873826077447265,-0.21997078205187295,2.0811164935466615
-1.5000156784750107,0.302776158295997,-1.6358878017205334,1.1923766456519014,0.031931135921885824,0.3949324100675975,-1.1024603723054576,0.2420680978181999,-1.9654849387331643,-0.13708768034508298
0.6278207671426366,-0.5036035545749412,0.27541410476477807,0.9095838859703202,-0.2116706464463016,0.8290458066952204,0.7087566906154269,0.8622872161964893,0.7512484303087763,-0.7902404830290725
-0.15034536784940247,0.03840558936950279,0.24725985220211105,-0.2928438709445919,0.6346032893455457,0.027008134332821624,0.6872353004937937,-0.03562489346875802,1.0852783301252404,-0.22399102232301907
0.5979853387867184,-0.08945354766659129,-0.16038290529106528,0.21458084717935103,1.4719047047799807,1.0954613781413296,-0.10067886515483825,0.9735627823939574,0.5281206190923929,-0.7898847306678926
0.7253916131640578,-0.026523466302835412,0.8318936960098243,-0.8360544935207025,1.950550237840047,0.7787360627760772,2.159726157284761,0.7601372571871348,0.6886047550118053,-0.7367177286613675
0.115236009981052,-0.5033155944354427,0.7201123033984383,-0.17257949897112018,-0.16181259756911714,-0.2694720107082166,-1.269677157716607,-0.4506436476638279,-0.6244826452957486,0.4076411902548048
-1.2257305323651875,0.7430239929869383,-1.2050718108437153,1.1559592713553475,-1.8568324907248939,-0.0714916654062421,-1.3779681259001986,-0.2627828877155219,-0.15097662844401133,0.23723609840493548
0.15257579864149146,-0.05289426505539972,0.6568951348011054,-0.19511160514862144,1.3538802000753278,0.40573292617812373,0.7042861517069016,0.5773240666738857,0.8035137995408944,-0.5723863881094604
1.3259722786338703,-0.49862013447547693,1.2576898585900245,-0.8875278142942318,0.9529603917177778,0.47758055112728115,1.8157443018225021,0.5860492874720388,1.3131972569909125,-0.7659273944769263
-0.4651609799235913,0.44135354473722926,-0.7879410072789891,1.171113389946546,-0.9432777889094685,0.33911192167494214,-0.8059538211687526,0.182893692674685,0.23320533798862028,-0.09573645820930163
0.29903591540037494,-0.8179900048988535,0.13578968122837817,0.8148630929167563,0.45235649112876214,0.7510939847884127,0.11054635066248054,0.7559812166589144,-0.3762401713198015,-0.6809387391186364
-0.04463326696253927,-0.22197353888901028,-0.24925248472974518,0.648471821536236,-0.3345405672181672,0.14464086812298663,-1.210069562306772,0.049588312984322085,-1.9587171955505869,0.24268581151122107
1.2995770763557815,-1.1144523064543463,1.0358968471960504,0.9511651848244661,1.1552255229851358,0.767161973073016,0.29895510638429135,0.6740706106791956,0.11449007355014544,-0.5553869398741638
-0.6885483577528345,0.721097866201132,-0.5108747216819167,-1.1396313491668395,-0.3746825029498895,-1.2135639874643804,-0.8378218316870008,-1.1643480514972846,-0.21843204543559974,1.1706946926855035
1.0873534824531295,-1.299209203450129,1.2130847916226604,0.3289531733874252,1.297020177046327,0.9417412572802267,0.3011551797905008,0.897605498194942,0.9930768220131837,-1.0710682893704861
-0.394934951959676,0.09035274175975169,-0.07635809017694016,0.607571528654435,-0.6839503540054229,0.004234564329144358,-0.43988765898362814,-0.11769561946856424,0.0770798680196954,0.13773355595575476
-0.7044131649287421,0.22492452416863223,-1.8848452662070343,1.2900486233542043,-0.4880292330959774,0.8617631686933723,-2.0935700633668537,0.5432019023123773,-0.9483208942690228,-0.34592560354844626
0.0752634446911349,0.3985332419816004,0.00035906492175931403,-0.13895510933590247,0.40396276033530026,0.6987415122710813,-0.8312027539287378,0.7184608910093558,0.1475355713018697,-0.7753582424772557
0.30082185283892926,-0.6338730202569547,-0.5532303684562745,1.1639576285121342,-0.029655204811612067,0.8100626656607401,-0.09467433121044574,0.6939590130678219,-0.2791863835622743,-0.7326600285530571
1.8224140220751228,-1.872033730318821,1.3769213290445579,1.2505010025526906,0.2223146892655407,1.0093820405691363,0.24093775550240012,1.018108118612724,0.10819134642019401,-1.1429374475742202
0.2785960584488921,-0.47077330253851735,0.15755292703576082,1.2104754508232731,1.167392672636813,1.400492368741273,0.604248257791053,1.202643540170437,1.3962224687335687,-1.3566487760839834
0.15615718496905437,-0.8238033197211838,0.6335829498008322,0.716768927741692,0.4006187893041156,0.2662186132122927,0.23999018480767054,0.43887560499709344,-0.6440085690818128,-0.31573334086445687
1.5165710362006208,-1.7586980521488125,1.2488142521164434,1.1115471883981873,1.3265292487807112,1.4064479693821554,0.5807176197309638,1.3055261216657135,0.7715231131574628,-1.283105250235667
0.5515936704501864,-0.001130874087352557,0.5889629722024079,-0.8054177926826207,0.16790984348067178,-0.47995716718572257,0.10301665109017771,-0.3798682025829504,-0.39773294669744097,0.48925332080194406
-0.6560514932590525,0.08546993371146182,-0.14640656749090833,-0.2267739219689905,0.01462673745135422,0.11321229076556882,0.3327184974631312,0.10907698732803646,1.0601566943660226,-0.3009056630446625
1.283666157351373,-1.5873997148867887,1.7150150806425482,1.1028905644782374,1.3842374309134413,1.7345669103732881,1.2295878326671377,1.8166338418330372,0.9423362440004167,-1.838656070000196
-0.7485099624364975,0.11858177832376861,-0.7065052744254734,0.777748036814392,-2.388174791252835,-0.9562012872134968,-2.0701061035636914,-1.0350266581077094,-1.5166536557387478,1.1199965278314812
-0.6608731345310829,0.5574859532013492,-0.518400361339112,-0.7551020629234203,-0.045870481265800456,-0.6820530233481908,0.6442034217399003,-0.595147994006823,1.7387151009130941,0.2973985345888908
-0.854116493640519,1.5603714900825743,-0.7253495880887293,-1.4243160175716096,0.7012090187061545,-1.0150734261865848,0.5825154109129013,-1.160220947010751,-0.2919959102205194,1.2120655341696038
-0.9391862631092815,0.7946535001640592,-1.0878861775225308,-0.12863633609855396,-0.48536975759911644,-0.9053821937290137,0.5864105987056705,-0.6354652549590954,0.6248836763472226,0.5047836233041472
0.2918191543549072,-0.24879308191527202,-0.17106047081942818,0.6125894329678432,-0.7934018581810974,-0.5478175960652959,0.5301261532020003,-0.4790397102752909,0.3025112754625952,0.5073669460885067
-0.28137021858874234,-0.08451617035611048,-1.4446460389161007,1.160530240397154,-0.6719183218622043,0.25037671748452844,-1.4904391534189203,0.14854738419195032,-0.7102095230588549,0.05787350808453488
-3.404191207479658,3.0807409383849547,-3.443730266513307,-0.633411776210531,-1.8520301269769925,-1.3352956037290395,-1.8412478923039528,-1.3347832401473831,0.01472191354439805,1.3734561808517711
-0.291417592731896,0.7709131649019575,-1.1934199139743065,0.024322767050254112,-0.5793994955968964,-0.1023623526463758,0.2186575532313495,-0.1346005861615818,-0.23206240590379867,0.17180085292779682
-0.533512341567453,0.5385152867859401,0.2000314088957888,-0.7588730411834593,0.047916657133207724,-0.2619952073893081,-1.1786629882818256,-0.2828944399431612,-1.699952187090445,0.4700726825292104
0.8345360167577115,0.11758872903783302,0.7898272420698257,-1.1863632029511382,0.36548140956306174,-0.6854797711211242,1.2840618221213662,-0.6217178124636662,0.4233422787101345,0.5710517669862831
-0.5774865055263655,1.0454898511622657,-0.564102860985491,-1.2054373168977757,-0.6163291525889175,-0.8843073639019908,-0.6511443517835611,-0.8366071201181134,-0.6215361524332174,0.8361315561499802
2.4311469999988757,-2.271043934996162,1.6566921133007808,2.6487285501411346,1.6018617177532406,2.5022157711738062,1.4809470194037013,2.5124610860777814,1.189159687195638,-2.4597133843874186
1.323254031100152,-1.2650571365637946,1.1176410704789101,1.4282885702999801,-0.15288387585793406,1.0581937866616393,-0.17975342331531835,0.9257272610236762,-0.0219291695208764,-0.9190415837930606
-0.40938384417644946,1.046876601952159,-0.8027495109469664,-0.7254590032212687,-0.8703312980515332,-1.4757513792408423,-1.5843382500412613,-1.5339100776334802,0.11796644670461434,1.3295206720644128
1.0835629703057306,-0.9440319589972115,0.9918416685111867,1.0000744281000886,1.7032662540691261,1.422222620480029,1.8987339943233195,1.3819075751445962,2.6068742597098504,-1.5655126455009478
0.4780464432090401,0.14175865510433922,0.5199628495822827,-0.17149593686282597,1.387041516371204,1.2010345130386955,2.9287728208312016,1.4681562116577243,3.152385597718828,-1.9362153524373507
0.19512882902465073,0.6490151904645735,-0.3010164543256411,-0.8621052036571994,-1.2248599881844642,-1.4024178823613147,-1.1769108403820427,-1.3728920023598687,0.927380925622101,1.2300586262900897
0.7470915681569543,-0.7788024996412951,0.15350040378186144,0.6170549475544144,-0.6713306147097886,-0.20780223001305106,-0.6716442238821164,-0.20668918147305385,0.11081292102605732,0.22948911809595884
0.021162440564384953,0.11816614611925165,0.5126205676565386,-0.35257147226163477,0.14655343687473837,0.14836922496689495,-1.832648244519566,0.18039635090600176,-0.5596391773504451,-0.0745214993528699
0.20180583597423343,0.21533364015453166,0.1302643398631254,-0.3060847696539478,0.6243313540929908,0.5129269341074686,1.4043683512430838,0.6129311980843846,1.6555833507819944,-0.9971513635411703
0.7671654339311583,-0.39100236054490717,0.2227483142980072,0.16208370574541897,-1.0726138605610285,-0.695533879306843,-0.03441433448552133,-0.6572634780228526,0.45957190091406563,0.6792481773980068
1.9590727891358963,-1.4849618299918497,1.4420425084821167,0.9992362765167706,0.9586206668323022,1.3323696089773407,-0.6289294385593911,1.033930262797,-0.1611232619128569,-1.0238799366687379
0.2123215156157908,-0.761317110109234,-0.3651005267377072,0.7684394811602735,-0.6201799344946309,0.13977864372872514,-1.9108408988255794,0.17466674886310007,-1.6832321387710967,0.18104653877838464
-0.47133690402840783,0.06723153012273925,-0.4438289863090743,0.34936359143895557,0.4901903370590995,-0.21096435160867474,-1.0950975853800995,-0.5135036723315966,-1.6721556867854788,0.6653281373684584
-1.999098074306034,1.613305018470413,-1.2564785117589536,-1.5550387330107325,-2.0447020370383595,-2.6922558485823065,-0.8693490714177233,-2.5852880315653524,-0.7130623363045137,2.4374880246100226
1.8706817183155373,-1.2143107321235516,1.5481395726803413,-0.23842030309336093,1.1308948439505766,0.8067680448419822,1.2949322590206669,0.8053112079842147,1.4043472392522467,-0.8988681292412798
-0.28654819060166176,-0.2636645439300544,0.9914438844109859,-0.8210943941111363,0.41306876163314227,-0.4998631485390149,-0.3964890734379716,-0.49553627027964925,-0.21453333289243626,0.5426684199549492
0.4873535955849387,0.1810183384888128,0.6202573147500763,-0.6569689128464885,1.3529679440268318,0.5650601254983088,1.2616814942797703,0.47546138465698445,0.22542305373007918,-0.5831591847556131
1.8169617867568526,-1.3467930119446003,1.6385571688577407,0.07346651986144123,1.5238215869473357,1.0815693274133082,1.125557810260756,1.2623348904487355,0.7595731573461485,-1.1541892678578176
0.18944278366398143,0.2994761653276939,-0.3305031342181694,-0.6032756868593604,-0.6675510911288376,-0.5038028700869842,-0.7019618858796908,-0.6739334653800424,-0.6492030472168405,0.70475270160298
-0.22005172859931552,-0.19669231072916282,-0.32254418833567183,0.7429722144186911,0.27145556469339477,0.2939777756692565,0.8934368919381397,0.5361237382994084,0.6585654048825056,-0.5918184598412449
1.3454410937300105,-1.2109253377029192,0.7105119903910756,1.595885192438736,0.213009075616594,1.279409779881807,-0.7339477375615161,1.0082809765793925,-0.17167527462608112,-0.9389447115372641
0.415522816446258,-0.26497637572874383,-0.8021719128039433,1.329838603908274,0.01924331588458699,0.860629508090051,0.8568819413561333,1.039660648562117,1.174895357397334,-1.2471405271583857
0.5370976713324219,-0.39464338607255783,0.9532095531419219,0.4018607905343933,0.48692260565217155,0.3591977895768766,-0.2055441226111416,0.20596773648738204,-0.4760879240163431,-0.05112582452277014
-1.508341889886141,1.4946876807254046,-1.5505189422732362,-0.06337592199254308,-0.4860506406514728,-0.5660875909900135,0.9872321090673601,-0.5191998278512602,1.4672058808553277,0.2868193708531752
1.1381516852870082,-1.1669891238154926,0.5458458335653447,0.8852429891987805,0.6288422041849717,1.0345333388937918,-0.3142655278285572,0.9501622226551458,0.596669460116398,-1.048672873088865
0.3329504462068853,-0.25783347077744734,0.37932975211341746,0.2593765679116003,2.3399128220192975,1.819116941830077,1.2901400901153113,1.7262099042889278,1.2270855634933813,-1.701910040236278
-1.3613569891274782,1.6685850823416521,-0.8877327597800514,-1.4970281559975394,-0.7249472385815169,-1.4296208316213115,-0.4286810336777767,-1.5091322390507051,0.18046898013388255,1.3794500233280307
0.43914281044833675,-0.8991519728773909,0.18897130420291725,1.4685833460045583,0.336253307517484,1.1953674900852824,0.2656181261478518,1.0396548563207186,0.9276970236011458,-1.0996884268484497
-2.031385383849107,2.4965405241969147,-1.722847766817035,-1.866287890896187,-1.6054545149741897,-2.3797951698609987,-0.6928153464040754,-2.2605695264700056,-1.2646582017521788,2.457024846742249
2.2398342301768683,-1.6494130674344885,2.266248523922761,-0.1261487477581251,1.5919382581531496,0.8106401686557511,0.11519404470153077,0.7811938212036069,0.8646516406494011,-1.0071770137228913
-1.0997846430441798,0.5936744836800003,-1.127023830697891,0.7585881838135885,-2.6156991547389565,-1.3811550240820172,-1.7439324013559843,-1.4594984669521576,-1.8361158311514407,1.4822537350531164
1.531747290622029,-1.2512435029369908,1.4366109258488977,0.5260121718199148,1.292141517037645,1.0241903804760801,0.9578253883964187,1.0187014698742496,0.2609488577810338,-1.1166611776870476
-0.8196275524553439,1.1175024751814793,-1.575136354091661,-0.36858503245537805,-0.3169647239756042,-0.29104414210452356,-0.588294332162022,-0.24813148674187074,-0.2707741192460539,0.3050118482322842
0.5120009094275666,-0.9945938903556867,-0.23434360602728443,1.346805173869494,0.03905514514556268,1.0881038948025294,0.3268308860958997,1.2130348573680414,-1.2395135359269516,-0.9732921218278874
-0.9157992707877097,0.8462583891131221,-0.46374529114600704,-1.0005306325265835,-1.2360084571250338,-1.7831729825202731,-1.791546966461705,-1.768766148506909,-1.1886679192773961,1.7967519498404807
0.9356700380278479,-0.8988766994472901,0.09473621605941404,0.720018474653972,-0.5000803466478386,-0.08835399003008723,-0.5618549532237329,-0.1622897369609327,0.3047866021174888,0.01625722756018586
-0.25947017578655684,-0.041918978931388705,-0.1068751502883858,-0.04416666610622977,-1.7018180001551513,-1.3039108473083716,-1.6650055862323254,-1.5602347309818119,-2.382364679495676,1.9651940480980334
0.4223521879820251,-0.35757988614072916,0.2663267876800085,0.3906189991122758,0.7787103592626947,0.7290083307096886,0.2825305579149057,0.43917875519679955,1.0145203848185051,-0.3753622800744621
-0.016663706209091363,-0.245242679478875,-0.21766210696687696,0.5478608069301047,-0.8587501001399134,-0.6368880920359357,0.497435378046554,-0.555536113732983,-0.08896753328744453,0.6130341873944013
-1.355611675513173,1.8057553612279411,-1.5888696132622886,-1.1939977647049247,-1.216299396581482,-1.7925175156539688,0.2761491305964873,-1.941316618505234,0.38563580905165246,1.6041647230077372
0.45758022816774074,-0.6903661498066155,0.8521040837447024,0.7678417743978679,0.46784830408046363,0.4294125566942993,1.2420806853965285,0.5034818060127026,0.5727652654226469,-0.6003640421086917
-0.5192816335232573,0.7967976241265234,0.46191874944974337,-2.3036648545949054,1.250088780375887,-0.6127666728533893,0.49155771774582324,-0.32445895688724635,0.8063157639188168,0.2561369460022767
0.982409138972165,-1.6007861688573464,0.9731315125089244,1.4080009290034152,0.7103627796965852,1.3607874465182126,1.1367769700527002,1.235570388194736,1.61047379218522,-1.3964816363241037
-0.25999486923451914,0.16077564838555386,-0.060801732232787,-0.2238633611749013,0.43188628458865286,0.0008647752346631016,0.3724601480224955,-0.14024899927301165,0.7693281462504263,0.09756695001415089
-0.10571325052042459,0.09233364536692465,-0.4599554708837637,-0.10784194220720203,-0.026939346344761365,-0.37356772996545995,0.021513881146553848,-0.25382449685940045,0.04531803819580756,0.3449461205591419
1.600728466341068,-1.5560413598402807,0.7057946576636197,1.610577476026171,1.3432446060104335,1.7857357416572126,0.8340668897133359,1.3714824379552593,0.32145698064173056,-1.1453717545731104
2.27829565280005,-2.260708892496408,1.8848554155303041,1.2697151042674757,1.159327588064263,1.4145265921709906,2.0539462589749022,1.5943770455455497,1.5248345070156022,-1.7737025361837664
0.7309761420380276,-0.9577068466858576,0.09082392495005848,1.7101067259197917,1.2293621739241274,2.3280761052488668,1.8132973993131196,2.5869699829936246,1.8572917257800272,-2.6775432954717213
-0.30972340454413405,0.5893264642164902,-1.2056573475941716,0.6310146519795837,-2.2081614508642304,-0.7330659330096708,-0.9041501494336374,-0.8980836946077657,-0.1584095766966763,0.8168006265993684
-0.39459622184894916,0.7693904352542938,0.0791176624967095,-0.3437747297444298,0.564572956978932,-0.053501189898112464,0.25336396148847207,-0.1687118193794612,0.611876417903634,-0.12302108783566414
-0.8251758575810274,0.7114151728671626,-0.2576308675608212,-0.9279099269308788,-0.7969399423983035,-1.0759293281521372,-0.48999191180016266,-0.97272599615652,-1.2432351511199429,1.156976670574262
-0.637590560769118,0.11565886666756169,-1.0005371618457355,1.2995977837093053,-1.0917464164123936,0.40080013484564403,-0.32547301887111657,0.18511207515261785,-0.22863315732568312,-0.08524149597219244
-0.29660248240863035,1.0117848874118922,-0.13295418435784634,-1.7201792293673306,0.2244182687295095,-1.1711769337942024,-0.22727665124014745,-1.0054455659475452,-0.5867631085915722,0.9715028462399682
1.8735419609133832,-2.0923042095861137,2.092609402982044,0.9004573427937027,1.8286688236589832,1.3733873185221972,1.895687269731082,1.3307058755127825,1.9254782904864345,-1.6773935696549285
-0.22252593132231002,-0.4159191899520638,-0.09110683411426242,0.45127048898689726,0.2786823151218278,-0.006762694767287619,-0.4834665332981801,0.2037922857222487,-0.8721453525625887,-0.09358578843777142
-1.2202245795452815,0.2661033044908445,-1.6669189363941266,1.373054781978985,-2.1529802517529264,-0.13942133889151667,-1.1257076710260436,-0.1414799895605626,-0.4932594739011716,0.2738974016738681
0.009132230103315483,0.023632676587882692,-0.12668159743519078,0.311050382686953,0.7993416113587667,0.6564930393874792,-1.1402161936279696,0.5187128509902598,-1.0236057166320558,-0.202617373124927
0.14146598053493956,-0.22995067773064481,0.8058295356146927,-0.7785540571462573,-0.04994947480072203,-0.4697575601626719,-0.42915887403119984,-0.23567380699561494,-1.6195881600203739,0.3972251720003662
0.0032848862557260574,0.4183505954132674,0.12105904302696271,-0.41114337168932485,-0.45867306627988363,-0.7176350369228822,1.22158727686132,-0.4048657773834544,1.6076461375417783,0.23567057993764373
0.7442201367105472,-0.43538012947908084,0.8984530879331051,-0.3745066545108182,1.0147017139507912,0.060269729071654024,1.4311267557312992,0.25472366391134277,1.0884285955968038,-0.34380639420589854
0.03564515193018526,0.07909618933005562,0.19810028263015023,-0.6174437251232278,-0.09133655040903527,-0.7529659039238884,1.0674320167890148,-0.8653248766526985,1.7360134886120175,0.5792404180809222
0.7141933762488638,-0.7767562030452921,0.13894722266452061,0.9150241307716885,0.25170239033505815,0.40008147174233427,-0.31573826097631746,0.2521860793258571,-1.3831960561403274,-0.14603210707176853
-0.7880022112787587,1.1756969864762015,-1.0018357821564394,-1.2886409173038815,-2.171610307289649,-2.0056141631864337,-1.348407266407131,-1.8626557621173951,-1.1864961437959265,1.7930950879334586
1.6955718984589307,-0.7810828134683954,1.5937269352274164,-0.0015490452583293475,1.2882242400340906,1.20721318999876,1.7908141951116077,1.1337643418631882,1.223232855617313,-1.3165108836864179
0.21356745289286982,0.21667892094870228,0.5980485947795113,-0.8541874450494842,0.5250690018917858,-0.22065699487903198,0.8142133132879878,-0.23189938750363095,0.8343702858806553,0.05823269395520124
0.35683601155457134,-0.5299679880605696,0.8676385898353596,-0.07940805836739603,0.24815554248255753,-0.29998915198676707,0.5408793935400887,-0.3698953130954053,-0.4995143101602424,0.586862633205836
-0.7920446100125659,1.0421223966498179,-1.130147810106809,-0.4328880850236579,-2.2108876762084515,-1.5635545204211005,-0.2589689270354052,-1.4366659894049623,0.222469793952556,1.2388568212427284
0.42627715637376395,-0.5678494581518536,0.5750439251679071,0.9117220885414751,0.22918413797438714,1.0716014492563828,-0.6031452634243284,1.0943393412363616,0.93165480004446,-1.0862572605442125
0.6000914345433879,-1.0207948448425275,1.118251067860662,0.9847365873095479,0.7357721403826734,1.3641562366181312,0.3559303862716986,1.4640045152500143,0.6348996844115794,-1.5001057978438284
-1.1656431938924812,0.6816148723267956,-1.5124897963892479,0.9760161096141851,-1.3805779658696609,-0.2517390082018381,-2.184585186556065,-0.5664925065881418,-1.5422600270327367,0.8034694068760341
-1.6401593113830093,1.3420477636346893,-0.6094782851609664,-1.3029966121680447,-1.6800912478353243,-1.9887227319505068,-1.9004644679015374,-1.999834178354923,-2.3691892836016994,2.210365524185345
0.25350738271263934,-0.19817541169287378,1.064456371139654,-1.1397826955110975,1.7552106246889843,0.35504509159707714,1.9465599116706065,0.4024329844440241,0.9454927928312648,-0.5009631586682868
-0.5052517662726608,1.3142261160186344,0.9450177499819641,-2.6297689319953745,0.2204612893382594,-1.2633833166623283,-0.5189634992549856,-1.266275130086703,-0.39710569682969127,1.270630461547042
0.22078394662337583,-0.5802191659099101,0.29564517582057454,0.6411036141236974,0.02104009552398827,0.6288031816777095,0.5570960718544951,0.7270105427263249,0.07538976614231234,-0.7105840859781435
-1.2832412429212126,1.7182680666924075,-0.9673307426106819,-1.1279904717171265,-2.310633504525428,-2.3150831867473247,-0.30427618791198785,-2.0559012234564062,0.5296138432108636,1.864404959758142
-1.5445568637309,1.2716406086730296,-0.8763522764843998,-0.8091523756064537,0.35176757286470056,-0.4197020834711044,0.1076371993227345,-0.6855667159572691,0.49036631742333625,0.6773925686158407
0.16916275387636995,-1.007265400127744,0.5506360040672013,0.44798242915106595,0.04699436069524216,0.19094437939837552,0.4166526858851436,0.2404229796957968,2.2495424688376384,-0.6347530062492942
-0.37047145565946893,0.11814631452506102,0.26942961343836297,-0.6204980966175654,0.2100188850542964,-0.5589075588706833,0.687241335850597,-0.25389765991631197,-0.14603888548698474,0.36820449460320137
-2.078101478812151,2.3844965684303165,-1.3480292049487501,-2.2663494957904606,-0.29677380538212306,-1.3209525086504414,-1.0817734597835251,-1.312495394197501,-0.756665882169707,1.3087759202518696
1.2711840868892836,-1.029104671626474,1.0023003663285406,0.7045145856929398,0.23760626456774853,0.39932691627676953,-0.28787273524199536,0.36581913720051756,-1.1629004116293726,-0.1988768738567865
-1.2993592848067517,1.3488678325227688,-0.46202516656132436,-1.1825828559982732,0.24182583549507003,-0.49622403343009336,-0.5679426347572049,-0.5978694928714927,-1.966678363062261,0.9180432166246024
2.464183280365428,-1.7098946067710554,1.4982495026471123,1.2416543611679915,-0.30185893143191334,0.44131972503300887,-0.5849093522374897,0.5612026478365717,0.10420236824431539,-0.5694542226091971
-0.6364060676178912,0.1397803055851246,-0.5443088943199231,0.4165157549335557,-0.08500778129116374,0.08756909257556422,0.47307454390115744,0.060850708856804304,0.7384583515031703,-0.1389993210201984
0.35813701220189315,-0.7770321142132836,1.1129251199864045,-0.7828361721954201,1.7756766078318458,0.5815345426532625,0.7405860096656037,0.6120550674379343,-0.01666251693237032,-0.5455053090588184
1.565839698819379,-2.389122506199513,0.6479226301679635,1.9431531852289068,0.04351145006074859,1.4388751151221666,0.008929695653691162,1.2963118314589157,0.10450353840177569,-1.4150442310230218
1.4033936631974642,-0.9275781802815215,0.8127444317117564,0.4632783128022122,1.2646151446167313,1.0340833985616968,0.07729603402488258,1.003646182616395,-0.35517902471865764,-0.8401739897877627
1.8947632019784688,-1.508861089754105,1.9366282940360173,0.33715421892418246,2.541035366689615,1.5309636034668344,2.575289131592486,1.9036837306617904,1.6155936126588282,-2.1481741992098393
-1.50825981926717,1.6736441501442132,-1.0738063715954966,-0.7944971512158079,-0.9904606961707726,-1.1502228442147202,-1.0445304829127318,-1.3099231642286877,-0.9787277252321226,1.237397986405156
-1.1327661686320416,0.5328211214386073,-1.425824781845951,0.5856225095156088,-1.29864557050548,-0.6499733040689594,0.2632084690932922,-0.5654941434916775,-0.40472156689871924,0.620409599707977
0.18788630593320807,-0.8521329692559336,-0.07273445727249474,0.8173409797633995,-0.6837687337465294,0.5027949294319287,-0.3998512186513031,0.4963538309619152,-0.7751897521109177,-0.294168096615705
0.7830642412541937,-1.2779631497222415,0.02566828011769333,1.964594476988415,-0.36064330028402286,0.9833042188846485,-1.2593437577958393,0.6941755405678354,-1.4004423196072648,-0.32092712056327427
-0.04215993418192027,-0.35661854294281264,0.46895190816904686,0.0504133691597879,-0.23826250879263808,-0.299978223142984,-0.27589213516644767,-0.31255627240561495,0.12404916468043849,0.16951791064060953
-1.6197001757582197,2.122586373318612,-1.5096951958014215,-1.6777918432007934,-1.7234561265394865,-1.678452982168526,-1.9054075245723427,-1.499537087875105,-3.361069603680873,1.8324278816323274
0.4502793477478931,-0.0036990308387777277,1.3107327137766476,-1.8240282041980291,1.6765880179617576,0.06188547464893497,1.5406175773926187,-0.037290548073123826,1.0274712014014873,-0.07802611402839633
-0.2196455301736875,-5.731192407576083e-05,-0.15392571954242468,0.16849293822138758,-0.6722122000684236,-0.559052080920619,-0.6276685504305326,-0.6427570677394259,-1.2087046984623644,0.8939526665263267
-0.2312703541045148,0.3272043385430598,-0.32209240499091085,-0.06450685104734491,-0.1139578051893179,-0.32862931335807904,0.05012545682232814,-0.2636601069697907,-0.6743303296184262,0.3645377861903665
-2.2402913228652896,1.7575516282114803,-2.064100526472731,-0.9284317954525342,-1.516560412036017,-1.452365149885953,-1.2626185638407728,-1.5406448450886825,-1.2877370405959867,1.543968595625308
0.7420799035056618,-0.5365845114658596,0.48425333815683363,0.5867691518722684,1.2729631629232752,1.20016817784197,0.43862531369680036,1.5910143867263562,0.35111153914930554,-1.3912189063306488
0.10953791432623888,-0.5855653532553295,0.13877946508618894,0.9261233360115051,-0.27458257135134534,0.6616910652374025,-0.886092303042216,0.6211279531812968,-0.7848876406919486,-0.48317273514765763
1.7095702067737881,-1.260856022257612,2.7498070093642233,-0.7455580308899948,2.1870443012759324,0.7226831015035176,2.057126901849119,0.7393137450198528,0.8234590845897932,-0.8335660991603493
-0.10352526307243914,-0.2699879469343832,-0.277287819069287,0.6135332071921382,0.2637740039844995,0.7494816234831249,0.05318239847340184,0.3848806133660868,0.5824874590990587,-0.5801897505781116
0.5179303051606634,-0.1468040665173044,0.26287538897596957,0.3404902428929644,1.1074594488557206,0.3312498283026616,0.5054203319358985,0.41578777692643804,-0.22716753534899353,-0.2847896473061993
0.7753749208424435,-0.8979903117203765,0.6753723298655014,0.7512063370800155,0.10399623448097589,0.5121425723646734,-0.07034940027816797,0.3741114883883794,-0.5406099809425462,-0.18662355632371028
-1.7245945232853523,1.2388052094676012,-0.8892731662237154,-1.16211526047359,-1.0924333312084804,-1.6237663627605619,-1.209390105415621,-1.4600610827499578,-0.6746244326930727,1.3923415447697547
2.5062457370266467,-1.62948020615393,1.3495299621921546,0.9063874149763872,0.23874741250520512,0.620092754409532,-0.06425072187007727,0.544933240696708,0.21040342739866547,-0.3751851877850452
-0.449028741969365,0.47540925684470076,-0.15009201449703885,-0.28617487071102227,1.29291712829111,0.602622744872173,1.0076422840700028,0.5913705141585027,0.35565253857595835,-0.6585017022169122
0.44832866112181347,-0.5546332310563318,-0.06476741659746822,-0.017344412998163847,0.8022531590435331,0.7943265539152227,-0.2211222047114003,0.6497142516072177,-2.2112606395792693,-0.2109631149782881
0.5899256044436691,-0.23265977190379122,0.7760352289109085,-0.7606839404053026,0.48516376242143483,-0.4993161104689426,-0.32418606114580867,-0.3563937210260207,-0.8378387335966098,0.4783858301110119
-0.8214007990575604,0.18219135247754956,-0.9630395893171282,0.8880417515040414,0.5073363512105185,0.32137837919622386,1.3468817328383658,0.4993842338540426,1.157607832047229,-0.8286673553797779
1.759818023697431,-1.157788557943549,0.2563646876013287,1.8163982797569465,0.07066921691792509,0.955149909779927,-0.21249298147457682,1.1354855976907292,0.3596381468886235,-1.0590972723011756
0.2266351625872964,-0.27531965079446885,0.37356144373393024,0.4450191576439011,0.6912191564239962,0.9958208190782865,0.058266608724450795,0.919685035383946,0.01962442520721502,-0.8155020068336375
-0.23828513921063868,0.4596662164568766,-0.02217959492604644,-0.24376267043950722,-0.05811448552145263,-0.635970446181037,-1.0139925893037909,-0.5703038211972121,-1.0680799114333088,0.5262990940910977
0.1030444419720255,-0.7509070002179659,-0.2298961067295224,1.2675688362702626,0.0430336328166127,0.701258414327963,0.6556978074503615,0.8560954175247021,2.1465919208468325,-0.9784861155633963
0.7098535061760373,-0.819205783652271,0.24962608065725939,0.4628537190390001,0.32104224741104553,0.7237957913148287,-0.5539511371959976,0.729938925527027,-0.6473851939059675,-0.5378512576501457
-0.020800826226533564,0.011376295523655792,-0.7196586047267016,0.5460370223079335,-0.8446836279470691,-0.20020010077925673,-0.5615040151809416,-0.3105497656342054,0.043605249885806684,0.3971224968038429
0.823970261914255,-0.3331504175604564,1.0887513430069635,-1.333484698620365,1.4471051170365987,0.3400562913702637,-0.28881942343652584,0.36547192379036747,-1.1293409749663041,-0.32914338224935685
-1.66515973626371,1.7990587384809786,-0.9487857692938871,-1.0567182523129122,-0.2705385471895064,-1.4063243641824685,0.42544339899524575,-1.292687799828226,-0.4199015705698962,1.2258374148964348
-0.7566084728834437,0.5189400479339777,-1.1113499199124643,-0.038305098571930374,-0.1859496793621334,-0.23335930267342891,0.7431628716162869,-0.15939341206914126,1.0478344501876342,0.09916372629858919
-2.105351935654841,2.050486730381215,-2.067989899123253,-1.1334823563223404,-1.3365141314455378,-1.244288897321063,-0.5203064042877387,-1.3331414515461402,0.38039201514261,1.0342244943124146
1.9053059707899533,-1.2283867120389536,1.5585292280824186,0.6848458352374529,0.4905347588422743,0.45779377275441735,-0.791902840973317,0.0581155609707694,-0.8382037208464189,0.03690169052750507
1.8926838098241099,-1.8256684040514168,2.776761021073703,-0.6787374400645804,3.067832800152696,1.7747516131948116,2.6390454511309973,2.1145451035624596,0.7052357780387583,-2.033862148567141
0.5763822777339578,-0.6662827484787834,0.7603452496617995,-0.26560972065114585,0.3309281820450802,-0.030786895548437658,-0.3804694611097171,0.0008903267137518231,-0.3721727871897152,-0.12170395641826381
-1.013248238992135,0.12802347909178624,-1.3612373275329792,1.1506618059658016,-0.7969885956230518,0.3560758976430906,-1.3742952821658247,0.015954556580844065,-0.8656878365644091,-0.007500927991772094
2.286287741400491,-2.2190161969586177,2.0724335092156156,1.3440512186202507,1.8620502614140018,2.3930813755076743,0.9521383202760444,2.4572752782022054,0.816657101650661,-2.2781253497326337
-0.617396985712623,-0.17159280910431557,-1.2561735785035761,1.3237892684567245,-0.7253194948760288,0.5138858004636904,-0.7663754945317873,0.5958708190899176,-0.9419090748714624,-0.40587463584537337
-0.2380276636053876,0.16051207242086177,0.1659045112977498,-0.38471603051830233,0.6649075227548511,0.009759628348357726,0.0749147283866789,0.13286960141924856,-0.01993899698723941,-0.011078542735987863
0.12343365031066371,0.29047146183135014,0.9742516112494722,-0.7565469564439866,1.3519043352918816,0.5076881282380068,1.8266760532766542,0.5358268659996858,0.8728083406869123,-0.6134189696243967
0.4065807243917878,-1.2677493530381776,1.214797592164328,0.8754302508051034,0.6840327887108038,0.8284334678289903,1.9260397193124683,0.8706930879685929,0.6912517263544059,-0.6848876584638119
0.5930487432221688,-0.036539624205310026,0.8742811927349824,-0.5353086030900119,1.637611940575859,0.7580423865312692,0.08431184345562633,0.6506526301710169,0.6298902772890641,-0.6593781929397828
0.6319925568515113,-0.7261140531649359,0.21301382620096423,1.0980249489609566,-0.06770087982050868,0.34032041955086473,-0.5418121051814847,0.3962000787356057,-0.305559775643078,-0.20380618114416793
-0.17142298751259274,0.13598117268530405,-0.8409175351313183,0.4445720849813162,-0.4384267296130182,0.014841581850955745,-0.17850813030870544,0.07038708513365252,-0.2086244755528788,-0.05721678877991714
0.6166118193218377,-0.7840126237870995,-0.22994581014393584,2.1366285181081244,-0.46634941120456536,1.4113301230115758,-0.5851223228016595,1.6764742696302657,-0.7660543649193006,-1.422379488749677
-0.2147544258875225,-0.5291265038755557,-1.6698864176144441,1.2747245236588054,-1.6929857973788582,-0.32601965283292234,-0.8172488178795714,-0.6151740669997734,-0.7089848223754144,0.7383277422869929
0.5305013387265262,-0.8224670992072144,0.8000329842363213,0.9775461224035618,1.2069895936433819,1.6913505809772327,1.4699540774979714,1.7365198240489736,1.248885185892725,-1.7275093548134393
0.45097137233429063,0.4543278081814326,0.31366470177510775,-0.5337785635828263,2.2025548225140037,1.8628520168200846,2.003894314285313,1.6834383564565136,2.759282800826256,-1.985872952502889
0.7084911112154769,-1.116248967403925,1.0632187039541963,0.6502355511649904,0.4856265321924749,0.7218702907495592,0.7711725203278155,0.8465605417989258,1.0739627916176784,-0.9493033446440384
0.5873894363662878,-1.21125863054768,1.234432296618842,0.5572114072647363,1.6321008825468157,1.5598926205664647,2.292748984486769,1.8522945908683803,1.2817362131453303,-1.868587908399254
-0.4603165001349204,0.47083794808798457,-0.34658672315857886,-0.3914254255822837,-0.5106471016805124,-0.4602824508816983,-1.4910416194729987,-0.36869558689223325,-1.5512615755985462,0.623727985760604
0.41355725480496364,-0.4239883853921427,0.41315848742154226,0.6433836020574714,0.24331111308847408,0.6303453148369303,1.2473828125188924,0.7486715466520014,0.39414251133055506,-0.8513356251919261
0.6023554677685221,-0.6961039274277431,0.250767704054867,0.6947332247546624,1.2723807595850254,1.4670228832019354,0.542226245993785,1.1695042681228927,0.2971662553875041,-1.1110047251445765
-1.2833268884462197,1.1711724593352577,-1.2740746421133482,-0.73658355481694,-1.6661693877065733,-1.6125786605799142,-0.5178223147470598,-1.5725903713873945,-0.9315264598531154,1.6315731584306625
-0.297023944619135,0.5315808921868197,0.12176729659373522,-0.4662015999228093,-0.8283429898673469,-1.0121051810121269,-1.291723325571845,-1.0126627451568142,-0.601776853414251,0.9404066783593685
0.5584399817520681,-0.7661867889424377,0.3664527564591132,1.341087200310686,0.15979023526827382,0.5716930860308205,-0.5524529716887657,0.3476544396872187,-2.2529492389986654,0.10217399211177715
1.6262966542386468,-1.416969911652899,1.1890729055204934,0.06564952836094902,1.241570941877049,0.7370091096827118,1.3072825795033463,0.7905375896615783,1.3919660800792841,-0.9071423737058063
0.7686662709167408,-0.2852125491964363,0.6255497591790621,0.7716726459145393,0.7043684171167053,1.1861291468612267,-0.9390698551310434,0.8505465860741396,-0.4781455018250836,-0.500814097595093
1.687473164224666,-1.97025834968094,1.8751328910974352,0.5569560799918003,1.5412389666063295,1.0916768398660899,1.7437405133368515,1.1180851508391003,2.2343490809263913,-1.3799321432346505
-0.4175907509407968,-0.5979938301759676,-0.7278869061416227,1.0675038775775212,-0.5529192468885773,0.4073610481449817,0.5621948364805042,0.5745542719676299,1.0743224976638865,-0.5908921087395277
0.21134743145079496,0.07735697133203502,0.13109900201482913,-0.7277914854079737,0.5561671273222312,-0.16045000859398748,0.5020982529746646,0.00021853438834150546,-0.07479152968788878,0.060979028921340925
0.7500813184205747,0.3500526168258472,0.7486815934285815,-1.1462609030856288,-1.3966236522336735,-1.8077801180441249,-0.8102721548467942,-1.9766912231089044,-0.03556089925980084,2.0207213234788632
-2.287227983633961,2.0809944176236685,-1.3259901448826816,-2.140260193076182,-1.4944384251136051,-2.8461934372945374,-1.5871996426367956,-2.93344575557774,-1.2784154336895093,2.827994830744702
1.4338137111678306,-1.2376337061314269,1.069034268582213,0.24137876340192777,0.6637124492314908,0.9348568716530234,0.9357288340405726,0.9866507525867917,-0.6340388548466949,-0.8673452610418037
-1.8358705334804277,1.547265268728327,-1.934832797131422,-0.6363886595076456,-0.991015403911307,-0.9155435941858029,-0.3927402758075295,-0.8637444125096756,-0.15047332319509168,0.7375136148006942
0.9355001845993411,-0.20209868868789066,0.5206091424406388,-0.14151660488914528,1.2938531325869889,1.4287494540091525,0.1849076344560144,1.276521972923899,-0.2708485548949316,-1.1526978199079314
0.634775858393293,-0.6231318729895582,1.0769037421304024,-0.0327651108501284,0.15616318653873293,0.35772475496857775,-0.177170859955062,0.3934703442441675,-0.10085958464658801,-0.4556842377555279
-2.3000685880391147,2.0178393534539167,-0.8771478773880668,-1.4400459342848992,0.2618508657260256,-0.42759825666684936,0.062009424442404,-0.3965099912079784,1.246887640016416,0.03677535051929142
-2.251065945307089,2.4317048252947435,-2.5980229507228647,-0.46656494588440656,-2.220929788936056,-2.1849324942355444,-1.7436264799196954,-2.591653582891554,-1.117910475407687,2.377586482311125
1.3578624320174013,-1.4549417727005114,0.554451368462897,1.8760287823815442,0.268047898522051,0.9273232855293343,-0.8130990036640974,0.7192340927340267,-1.2981372061068368,-0.677175121544281
1.1466920402447802,-1.5962167515040973,0.8644934553006144,1.2700890266172595,0.9535291112497692,1.4441389175964556,1.1445429074783802,1.393680091155423,1.5734785692225264,-1.472254895129101
-0.8854807333952182,1.169757277849187,-0.6986096000824508,-1.699168772307293,-0.6856683620234881,-1.8568989945263368,-0.6234896293997629,-1.7095876020694032,-0.17957540416686793,1.5725858196539633
-0.886465262223515,0.5545957556776002,-0.343539447242711,-1.1960999799411416,0.422749962685481,-0.6993087871443747,0.2955884702009447,-0.5257846916691697,-0.5492144746826189,0.4560811534608135
0.4658211859070365,-0.8437132772574465,-0.08884952735281307,1.6246945826579362,-0.37528939170975434,1.4869995030889887,-0.6636154149437298,1.104905670193674,-1.6025531183773454,-0.845864303494751
-0.04363074536650097,0.9081717092363996,-0.6081708283681174,-0.3440811289093722,-0.741071940138069,-0.3875891661921292,-0.13492025759273843,-0.310576574417512,-0.7607374461971887,0.3540204043901315
0.9912167255005612,-0.9915558517890078,0.8952015033082623,0.28351747092323926,1.2808626734077948,0.7481286283539414,0.9946386564966769,0.7976792532638664,1.3703103466327586,-1.0390145319235542
0.43379645364639835,-0.20007573314140242,0.217309440604482,-0.5096885363088764,-0.3863689983921777,-1.2092444104421636,0.637416912679904,-1.0543150936679335,0.29711271655790183,1.0839222884741384
1.5038556630859683,-1.373811822211267,1.7418551484103482,-0.13262628999027573,1.3723930107931406,0.5116013873222794,1.2608425805742394,0.5238011738095879,1.0358937523782223,-0.5117277075084212
0.9094507536417067,-1.2125355991505742,1.0102634764750906,0.7978842134751709,-0.39482592705915875,0.1191341668534001,-0.4021259295128335,0.06990049739163184,-1.2168594578238265,0.2670566236159751
0.6676900462923516,-0.3325775965668203,0.8425949682068602,-0.2384622407517577,1.740608521978606,0.8609342385524633,0.6119219022071224,1.040951932477026,1.1020513756475858,-1.1176963552580865
-0.3727415770099495,0.4631086890978595,-0.38048200526844106,0.13268494504199446,0.45856732777440684,0.035739060485280416,0.9405152996846139,0.14717164066676117,-0.6876637898957226,-0.006900093812397432
-0.44372314664539936,0.12097158739188969,0.8549174209160069,-1.1143444166696646,2.3528818249456886,1.0599112963533672,1.3490813938269157,1.1307703305323642,0.5810670465693248,-1.1998831035326156
-0.08146498125853724,0.24606354983219483,-0.5213689565469232,0.03268096385319356,0.44215644268833504,0.10966564366728353,0.17170892464671156,0.057601906194638904,0.45693586814814957,-0.20217761426992528
1.7539634511813427,-1.830073967074218,1.786042242155094,1.3198094371599756,0.5104073195539137,1.35493373392256,0.21647155227223,1.454166397123539,-0.5997419620341965,-1.2586526634281126
-0.42525299371694786,-0.08199194349042474,-1.0381222803902983,0.17924473847483355,-0.36581679793875294,-0.10616882583626602,-0.5283310308924296,-0.32839363224799506,0.06984970248684486,0.3549522398203888
0.22137308092183214,-0.7161799263701897,-0.39058312323117583,1.4403466255068746,-0.9264094567143957,0.5966004365854682,-0.7170432844012513,0.3839882498292784,-1.121223602225526,-0.07587774454292032
-2.2081468644393802,2.1245640744398804,-2.1899972695655445,-1.0438353278230572,-0.6091179109680165,-1.1388091404652276,1.0118626602301017,-1.159830189833784,-0.07582908099312312,1.0376627554071485
0.624086358372967,-0.7408250636902882,1.3712918777826912,0.05517686376483087,0.22896232569947753,-0.06756459097670191,-0.6086728626753211,-0.08894236396472785,0.4852081134177814,-0.1081580172334445
2.1576226789149793,-1.3568829841075094,1.9431436119000474,0.29349425132708246,0.611369477440626,0.41786095997473144,-0.18639546112668542,0.5493906829178757,0.0009600699628743303,-0.4425312715894954
-0.9366582300945129,0.8298487829417661,-1.110965220064136,-0.40940095035023655,-1.895963070582045,-1.6332958757193177,-0.23145453087399748,-1.6038231740562434,0.22543656767201248,1.2858555637770777
3.04711051389431,-3.127007135153439,2.749980116608176,1.5477419675268635,1.6233238778008665,2.58580650898623,0.8012430485370333,2.3698525813865485,1.3538245053380489,-2.410844418723644
0.14545372390201092,-0.07675451132679652,0.1291686535432557,-0.9445768579788467,-0.40235305130169025,-0.8593056629822854,-0.5881963221740406,-0.6290948314267433,-2.262648408136015,0.9349218214306139
-2.5263459553331145,1.7619498707049839,-2.397070724111108,0.06825369105869772,-2.600261490524399,-1.6129240932660849,-0.9505609687562795,-1.5437986440647213,-0.23250293955271686,1.4337200592927124
-0.40514399548315905,0.3261093427986877,-1.0880266131598124,0.6273432900831766,0.4548003266793252,0.9277776364270636,-0.7319538919772683,0.8484763524493633,-1.0558905438830983,-0.7730694649766806
1.2589069344258046,-1.0285266530551822,1.8051505111563266,0.3314400081208597,1.6003490495425026,1.2296966248092773,1.6599570114045716,1.3001904854478428,0.8329069843718429,-1.3686358450759428
1.9075451478029761,-1.6738872280516641,1.7041957923689581,0.5672820627473092,1.4510546084860114,1.5853225325143936,0.994900622374265,1.6928735038050262,1.0883244767689073,-1.5847637400186692
0.6650964764475782,-0.07381873381320936,1.6924247066614173,-1.0510436938771417,2.205722725775034,0.611251776753008,1.7981120971302655,0.7948961725887232,1.1249703115218546,-0.8540699254626631
1.4888863983932918,-0.28669983488666334,1.7364165053416012,-1.6036998286498885,1.3732122789086563,-0.3069019932008891,1.2361310316204879,-0.23151894495006162,1.3805436188976952,0.11404066256406366
-1.173417701941613,1.345167878286337,-0.7091156100739606,-2.2748208201779145,-1.0469593292916743,-2.4192972493929314,-1.1422758421539305,-2.4317776283567967,-0.8544073552813636,2.274645637827222
-0.6909489428997869,1.115623981352448,-0.822416833021533,-0.8106188783327439,-1.7459142422472156,-1.1578520598439925,-0.3759893645559343,-1.2680191361147883,-0.13126454970953597,1.221375156072949
-1.6599106736594487,2.573002463651149,-1.9854886736452881,-1.925807035571533,-2.006543390633328,-2.560683728590944,-1.7173679772534949,-2.73952550737592,-1.6040464575267752,2.7958757111417363
-0.6180259568446058,0.13554185648558717,-0.6465484650111492,-0.031562598680749475,0.45995604151330555,-0.04320445031568762,0.6075242374242757,-0.017988620982926952,-0.26536235816898274,0.06649217089460528
0.7075908975676776,-0.6026803025910578,-0.008114222864625495,1.178924299359985,-0.8685619792653091,0.2664132537830952,0.3380758064014083,0.45417805047623905,-0.23797861319800986,-0.33451852452402986
0.17494851159518515,-0.36952091302271123,0.47779260180698496,0.554289222518075,0.5258365879418683,0.5206427134792084,1.3595166428029068,0.48212596392074525,0.9798163736643676,-0.5829718439441783
0.8103154788405026,-0.39908475442643015,1.5297848146597286,-0.7928594648091498,1.7280624360967032,0.4718976909318598,0.9488778464622345,0.6623404056169733,2.0440920487746714,-1.036263097852427
-0.939447112649207,0.9638936384366218,-0.9398069708456065,-0.536271567293563,-0.5432730223617539,-0.6197301770129592,-0.013520455700125672,-0.6937615714083583,1.0631661933378724,0.5403745520851062
-0.8803036635816438,0.4541185274161484,-0.2554236983493249,-0.3624605255253359,0.0253368081768132,0.17521595339776905,-0.23996066675265404,-0.10691400742445638,-0.610340230065328,0.2697496361691859
0.16714641911356862,-0.15800226408515008,-0.23393419242360222,0.15548320789724976,0.2072829270245076,0.2553481815569423,1.9714400367338083,0.5167740243900892,1.5545575890524006,-0.592806085340334
-0.6156837728334834,0.991606259515561,-0.6891877903164092,-0.4975197668595279,-0.30112156154617103,-0.7101090145354436,0.377509777206084,-0.3951898714431153,0.11182182240313318,0.477025511734901
1.2311826613313763,-1.6815113182051298,0.595419508214187,1.1106805505899242,1.425319227391864,1.4953402202972925,1.006033152820254,1.39205699140095,0.8793644472497596,-1.3824520229032227
-0.6397052730583825,0.24269792278274485,-1.673190894260085,0.7343184897597814,-1.9332388499471982,-0.5804893015990152,-1.0389055269385312,-0.8666561531905761,-0.5647395946289666,0.7836105903649133
-0.5116708805131571,0.06282939803182445,-0.4616398517431837,0.005653515321511533,-0.22660843770488157,-0.6625400492281968,0.15409759703581874,-0.5392626641639975,0.5208657659324271,0.2790127013162149
0.37489299589077646,-0.21630971098284466,0.3713982393615686,0.17382312700423772,-0.9591279405187128,-0.7765568520887304,-0.30667002775496416,-0.8879530817252761,-2.2507026942984254,1.1440905705085982
-0.4087804727950169,0.8831356215364706,0.2053323855927648,-1.5012694107690185,-1.2449034668742207,-1.7237328931249303,-0.9892212617756201,-1.639905467536885,-0.451328101044862,1.6772763782092952
-1.228846913291491,0.27520282587364964,-0.627247406495683,0.7354385766626255,-0.5552329447732717,-0.3272392103086659,-0.6477572264960183,-0.20225814276226253,-0.7365065397330661,0.3787531939036241
-1.0973612874872827,1.0343652188301855,-0.509467158212281,-0.6190570650892083,-0.06474433266286973,-0.5341471176353666,-0.1476119163908005,-0.46536127352971035,-0.5775500243278989,0.5449164117446677
0.49022079441158567,-0.8446299729553134,-0.111959337550683,0.9128863671285788,0.9277711320116715,1.056427872176847,-0.21556515863075867,1.0959855122725126,0.43207526314985745,-1.0875264360624244
-1.3488688112825993,1.6453825814752427,-0.9051259846862184,-1.1576305410585626,0.8658897281702423,0.019226134538789186,1.1008907147418305,0.24754479633119847,1.8961495048829173,-0.33987191886601714
1.3236136579049362,-1.3202192378848034,1.9354494513900216,-0.12055321940997478,2.206839223842363,1.2533960032198908,0.8736877178066746,1.4137440626018107,1.1753039640648049,-1.4382984837223447
-0.7007798708398483,0.6865116633753052,-0.40158245395547043,-0.37952340995223327,0.13245013531388333,0.1439104445046477,-0.6810924995011853,0.08125420936281581,-0.846166239988858,0.04402657573603369
0.566296741267963,-0.52850527910464,1.427562315001457,-0.22560459898824928,1.0874190560531356,0.5595722758980225,0.7116123787266209,0.7136804975685155,-0.19505768348247948,-0.6942026839754829
-0.642608421424188,1.0485615879486152,0.510308850109661,-1.4258733575189608,-0.6725596157043436,-0.897508236356666,-0.5320288853768166,-0.8691862582155505,-2.494236838682771,1.0906045500238275
-0.9188181903075215,1.6877952164305334,-0.926422569367678,-1.369833257186374,-0.8133233423199455,-1.7856348140201705,-0.3473266795580388,-1.656269180615298,-0.09962594458114858,1.4501437338969017
0.2073842893516446,-0.6736965477806725,-0.20412729587459322,1.7334909778655494,0.6404568215564889,1.9642218373052849,0.01267735662065772,2.293403648125312,0.45113838068342393,-2.2935948297547277
0.9886840088190767,-1.312749563398335,0.41948680309763936,1.569739819191224,0.8371776461889161,1.4466400876656087,0.2705508013724926,1.4305170263024438,0.16301890123435417,-1.3279720752234705
-0.27115457881266625,0.3730116455296668,-1.0381705310150906,0.47716531681225893,-1.6335616600948057,-0.3424559900329696,-0.564286665378379,-0.5855909518174341,0.2689779372200741,0.5012059745793054
-0.09476822914336729,-0.2640841533476905,-0.3644410233161784,0.5568518498166181,0.08594372759533443,0.727081258605915,0.5236455236591001,0.7142577458325234,-0.5089163422098443,-0.6174080195669243
0.7517124803874974,-0.30743490398332474,1.2567197855861834,-0.9691733439110086,1.2027792148367222,-0.6276867791640273,1.2287081172446486,-0.5104095908703122,0.8332180357168432,0.41633724976292175
0.7838204562974962,-0.2697229277507613,-0.5124055108389717,0.9884000795547471,-0.19233753314220237,0.6462679995554754,-0.0959026521841065,0.567956640329222,-0.21708972427017814,-0.32644607467262393
-0.06859918721300726,-0.175252099739891,-0.6156787393258761,0.8246865301763905,-0.5119702470475693,0.472661490694214,-0.20782209574129845,0.5667540304232982,-0.2019246514506189,-0.5732567990445399
-0.4613323195736263,0.09355298363135764,-0.4669691713333125,0.39340160709017696,0.04523213379593104,0.6320103409595691,0.20407293745510133,0.7824534109642353,1.0114582304313897,-0.9434514187044755
0.04888253415372709,-0.16918044864617768,-0.4324240117511117,0.8056689999684373,0.0907886543482481,0.2695393868925435,-0.4134821878801271,0.20437435717039668,-0.3525860050523127,-0.34381058527205344
-0.21640669941479315,0.23199169526278443,-0.471495001108718,0.20896606919334146,-0.8055930347017918,-0.22477181780112726,0.5521743271194961,-0.3505089707208345,0.23793951234816518,0.28672486671722996
0.27223124228795154,-0.1271685637829224,-0.05235757204365225,1.0268613463006264,0.20851993927927764,0.8513894246684227,1.1159786555829552,0.9315323815453549,0.20705589180695805,-0.9091662885159311
-1.1894037506749178,0.1374903514240891,-1.1484083809814358,0.6261910842510786,-1.0019712065931206,-0.11842861734776786,-0.07373692961059929,-0.19058049613475697,0.9165625238948776,0.12115818469169246
0.2375217617341413,-0.6313902487687427,-0.19588005942088413,1.1979032957332931,-1.1547215229986962,0.30860836862066954,-1.0655995457301302,0.22251239002975556,-1.780482197219615,0.054281620287436196
-0.7278396169257613,0.48774797807017106,-1.0514222390060362,0.18789118949528252,-1.1731952957944742,-0.3228374263152387,-0.3728473563014954,-0.35239836716384176,-0.6391401697899167,0.3688490656269753
0.8472029971883089,-1.1182165476559318,1.1931768798602818,-0.5566569759527886,-0.1997842139659917,-0.6697846945389501,0.589061303678258,-0.3952151492714427,1.672599354174523,0.13149404492228495
-0.6833910454689951,-0.5814645771874728,-0.03432670276397513,0.7334151282698896,0.5620471467308513,0.9026526197756425,-0.5174201523870474,0.8453520914551729,-0.025169745904776913,-0.7300539269135367
-0.6665582230567783,-0.18876738727504883,-1.2995781150330166,1.0369613713188943,-0.7577017115572617,0.2028588546616058,0.7447599243060526,0.19276164142701432,0.5767946311172111,-0.41780525075680675
0.4006487122436804,-0.921953038674651,-1.1273869612534588,2.2228222053171574,-1.0944739436450468,0.6911205217781895,-1.9854281659475979,0.2661576884451698,-1.443112656612135,0.06470524522644727
-0.017490402334585594,-0.041756790265426655,0.5333538572404273,-0.43577382253192615,1.2581684826668773,0.4717686382214502,1.349250346089519,0.575424261047478,0.37531938770962364,-0.46999393976754233
2.176487361284066,-2.18418852099031,1.1731665417127062,2.04795341828309,0.8438088150985148,1.9242702971805512,1.6232582664657753,1.9722774639946625,1.2020689551470036,-1.9637512186636465
-1.6112717552277016,1.2013288510465334,-1.2558851645844842,-0.7138038917427995,-1.8849579721280518,-1.830237145867577,-1.3180205591927008,-1.8862011786033157,-1.2049621905809433,1.8472083509665727
0.07525653423979325,0.2544745680633849,-0.7726917771079332,0.18143866428536806,-0.8924333743668215,-0.22075304427060666,-0.6916911322976588,-0.15969024931175957,-0.3601800625430558,0.1720288788439643
1.0641937822288032,-0.6509228000812289,1.567149686888047,-0.2463947231886026,2.1434590626826013,1.5318671165891735,1.9052913547930734,1.4392992657297554,0.39664718285062894,-1.2873464292092236
-0.5920862396249661,0.5950615966936015,0.8290691561541215,-1.875555268378764,0.11675979214009155,-1.375590675200733,1.4356127620272596,-1.2597575276027921,1.3911550737532965,0.8680770199406327
-0.9142763799613016,0.8775273868974189,-0.6850184518330606,-1.3159565742424018,-0.36558391668275003,-0.7512496734487589,-0.4401254050335957,-0.7381716951732004,0.42082237961475694,0.6803193751470455
-0.8757843086174549,0.4340024144153994,-0.7984052402610676,0.1890136732673802,-0.1436813956383917,-0.18886331159700834,-0.6591448084829565,-0.3164646179977511,-0.6070289241418935,0.3807395120853927
-1.5944550802192767,1.1418689452416684,-1.5233303578903623,0.2518182833570333,-0.7677354405559103,-0.09146864394553149,-0.8092170010967082,-0.2104174066908865,-0.11768422325258604,0.227812987510561
1.2775900027071783,-1.8928299689334211,1.475121557065982,1.5069886215312736,2.60643584481687,2.9868718622978623,0.588399526300831,2.8708940751276537,0.693251748674553,-2.850667122426858
-0.35091527723274013,0.20682369197854006,-0.008237518334814887,-0.20468335029786888,-0.8174022609242837,-0.6839425418690571,0.12342902717808725,-0.5295471322276163,-0.30531733249002885,0.5686222837548446
-0.46574196608439544,0.7451820022803963,0.12455876837544,-0.6162412146586753,-0.6566274572741123,-1.0402021055600992,-0.8020122617982338,-1.0678238973906473,-1.3189558213772863,1.2155044509995883
-2.091094588530503,2.470639881803393,-2.1023098172332633,-1.0179638251951781,-2.321027575505686,-2.3032224693738184,-1.6748014163184166,-2.6100659289074164,-1.8750079174127448,2.5675441391539224
-1.4215964400612753,1.1893832478559643,-1.0291868102117028,-0.8203258580133319,-0.9848295860966791,-1.0730593959627956,0.021831745142919152,-1.0898371054636091,0.25558629984894427,0.972988559934952
1.3897744709404802,-1.0762129343429632,0.8723588429049886,0.7668384658346536,1.2950785783314895,1.839343117714488,0.5835311395280456,1.8675546335108546,0.43031493127612125,-1.743415470351472
0.26266137933760164,-1.4438021244909987,-0.3475397912620324,2.3726333072587726,-0.9690276361295663,0.48529766404113656,-0.07772138610822185,0.5642182956685816,0.8757312979508132,-0.6931796197733973
1.0999299965653362,-1.1973777276151483,0.8924087270726461,0.7775098804531814,1.3186452772053956,1.3691036749887486,0.11607330860884553,1.4243535694967056,0.678637446679538,-1.654912997979302
0.977249780969056,-1.094875969511288,0.3250753462624752,1.6398725715142934,0.2091894973915485,1.178459215127877,0.8440461046341542,1.3560246554214748,1.2236450558391934,-1.4562655745479085
-1.00161350469117,1.5305655837924204,-0.2368392516639121,-1.918144785645918,-0.9390737008348943,-1.9788608787667887,-0.3627405979957551,-1.8788166517665883,-0.054199747978468556,1.890158181437324
2.325047712411885,-1.973599811303551,1.4913529982606986,1.1215821404479538,-0.1058554937487743,0.6406462555249702,-0.12846591665659837,0.6346339028165869,-0.7451820967518975,-0.509392839816068
1.8594609794719787,-1.5050660758985592,1.7446582421181307,-0.5810765872299316,0.22244841095261228,-0.3872636713506946,0.24806678671170582,-0.4796202022269471,0.44837408557818553,0.5105798740895076
-0.5779789691102913,0.7043744353851922,-0.8158965590581252,-0.5455108175525633,-1.0704703418695452,-0.7149108550597426,-1.6389850238556274,-1.138096278400528,-1.1532130593824503,1.155728137373005
-3.4915027794604887,3.2054138468523803,-2.8045254382933544,-2.3476124844410267,-2.186487205211453,-2.5784612460800247,-1.3551163861096163,-2.7597736188310282,-1.7906618446321814,2.7263714662964764
-0.3770155785784612,0.9760510517276694,-0.6049401539055657,-0.7952389979918628,0.386713391315924,-0.2566145566149353,0.15714495568953543,-0.3208842434057812,1.0059560512318377,0.1449071432313663
0.19981312360659306,-1.1560784937455644,-0.5054640602786542,1.5029292611109073,0.10396490801766133,1.0078566786655696,-0.8455703451789081,0.6798166477479992,0.1770602091447079,-0.7356058924115917
-0.5818119553527601,0.58410684994153,-0.2467502898015728,-0.32535605749937574,-0.7711234683649221,-0.8387386742302925,-0.9920962442815401,-0.9238093957378319,-1.5222263374553224,1.1190826394766613
-0.24609102038720934,0.6879377712774462,-0.3428187968245677,-0.1778022688858351,-0.03158585999812525,-0.11778664165119973,-0.10925984002629427,-0.1818709501238815,-0.5012577039465397,0.2096521892746679
-0.8348548795810112,-0.03597737441766386,-0.5638533021530135,0.5371438795607391,0.6145166309420899,1.225270625512065,-0.03295834167655141,1.2912543527780533,-0.38183124349717074,-1.00478630902974
0.8624735927872083,-0.44880967918021497,0.4883745132683167,-0.23260319632209767,1.5196458917903097,0.78167053121306,-0.7552527907225235,0.5309640033549816,-0.10352484301630974,-0.5192891697274673
0.030435447159955012,-0.3556014079957365,-0.6852557446758675,1.2052206991702445,-0.7480995189582869,0.0866661907669335,0.2995555499478925,0.13663257820031285,0.6068619041066139,-0.2108909349948903
0.8914487811783218,-0.779676390844949,1.308791001404129,0.6398893086162655,1.5192011542002355,1.2750655427617348,0.9026641857461453,1.236324263708164,0.7410232043756361,-1.205632177331914
1.1539469412255794,-1.3920477888779912,1.347344146767868,1.3061275435636808,1.8269959326479244,2.2109989655519464,-0.45191430690846096,1.9029922225705755,-0.11351761762569039,-1.6620555540955158
-2.139800242812503,2.3500403021505805,-2.1112119789503354,-1.8510123295625938,-2.552683414985368,-3.0300983047057226,-0.11562562899193948,-2.9663614754258307,-0.9657776971637217,3.0398103666209426
-0.7784782582257852,0.5824786138339162,-0.6302289470579654,-0.8074793959717327,-0.8367000113839735,-1.0748700674440823,0.3617385371408676,-1.264544817570904,0.5733404177001139,1.0656991131265634
-0.6364182521574212,0.9265160049406502,0.0011886610738728398,-1.9405632545220837,1.3917604267938029,-0.2657945157252708,0.6676042930302184,-0.07324104901034098,0.46177546898157995,-0.03956774402105334
2.46228977386298,-2.0815047889449816,1.8200201854987874,0.7159683219456257,1.0722939995807657,0.9762109342864824,0.09670851442834162,1.1351924721498632,-0.37582104458843335,-1.1768104628598948
0.11322419248303245,-0.4450221815546328,-0.07539384879100121,0.765648997206468,-2.0024724539181213,-1.2431243216778316,-1.018298115950364,-1.3040443078395776,-1.8166473862795114,1.6766521196287696
0.7567000801235299,-0.4924596192627853,0.7533860760924584,-0.23865896447278423,0.41771250901736,-0.17857417276567447,0.4288431920639482,-0.11671424803526151,0.37298736506100166,0.08520295149472702
-1.85505381716954,1.4111024122027274,-1.8147644297910819,-0.620765809288642,-0.631778416749271,-1.0401043600488356,-0.014132849520947297,-1.0185811148281683,0.2739137917591656,0.9745749344078508
0.10760948229120328,-0.0812751142549874,0.5300433989811434,0.05035429289600468,0.3388586815628929,0.18295999037953684,-0.3842105812389792,0.02388881102890725,-1.460896260727533,0.25038770438104463
0.9174173637770102,-0.9775050364621788,0.6714690539261311,0.9275654685420682,0.9007888082097634,1.1868392240226526,1.4010901848136565,1.3619192830837272,1.0968487552526518,-1.4272105444545693
0.8046095770368854,-0.3699297538136085,0.2526757460459558,-0.41867899850889234,0.7424451957432445,0.4103885432450797,0.14905232709699695,0.45258387222209084,0.2303576970293907,-0.42311567021240254
0.5732629850776801,-0.30847040359468836,0.7911595364015921,0.09989177787653584,0.2933073171063439,-0.0771638488959556,0.696403910513208,-0.41366019977653534,0.1626670884011663,0.3070297641783403
-0.018665127933470055,-0.005334618974893392,-0.6287607203931196,0.7706409945030226,-0.8401682521102536,0.14423783564866027,-1.1295084526140242,-0.11595287519585463,-0.5472031223027786,0.16194068322860436
0.028433303309909997,-0.3222302896927744,1.072940974278957,-0.31683343120372554,0.8267394779112895,0.21529888160924227,2.4848408472296977,0.15907459947243535,1.8034776292632373,-0.5099380907963962
-1.6732997664528702,0.9916669279051556,-0.5869622300560188,-1.0462506105096159,-0.3578597797292183,-1.3891760085844216,0.27834285688968813,-1.0556185761769061,0.44126920872412195,1.0588012526074861
-0.9045547781106459,0.8751226246943218,-0.5027396206699808,-0.8098574755162895,-0.37716773917388086,-0.7716890179895921,1.8644378676176345,-0.564356194354805,1.809565809398646,0.3023140805830209
0.19268330042403686,-0.4502491681938617,0.3764439704197212,-0.5292771740015234,0.2852637812379694,0.17724875005841292,0.7983677565311805,0.2850147380359772,1.0096725141156881,-0.23371625107771837
-0.7255824417002336,-0.13040145910477863,-0.421102706709591,0.8990239928955893,-0.8385920097704609,0.28338033917025746,-0.9564603924014486,0.12913749218725606,0.033349242480085035,0.08879525504814287
0.6367215990244827,-1.148357737200925,0.2666491255803966,0.9038005969743979,0.6306836678358163,0.9676638856204128,1.0271514315156267,1.1753628569954848,1.042413226146028,-1.3812830506148732
0.42138536137767896,0.2843100405189084,0.4994267811769865,-1.1859005472975308,0.7010683070305267,-0.0385506132769918,1.125512956758361,0.201748114235298,0.539404341529863,-0.17762008714639393
1.2947210639579734,-1.4705877769412146,0.5919495646845293,1.0935355702557252,-0.48692976972789614,0.451998349091263,-0.042019640613171615,0.3970602158270061,-0.45785235208262337,-0.42673496803821426
0.8979845975222102,-0.3792217344327405,1.0092778729522873,0.3302762366498229,0.4288493854876473,0.7429348939123702,0.7488715537858099,1.0238755789976937,-0.15810485754791684,-0.911214210310614
0.1891121879415021,-0.33176333253115414,0.6043024960412712,-0.3671447791993054,0.44869611768738893,-0.3988212503221861,0.8578795774735393,-0.2602407589342321,0.7829422257217263,0.15217059233160155
0.6940741291618515,-0.12677052726977536,0.3733624473316383,0.21298698573031954,-0.12514436677982574,-0.27515736477874514,-0.802329028587479,-0.5400257814078276,0.36447311088524953,0.3259995003239064
0.9434152916803046,-0.38527717898257224,0.4689695105730382,0.08634530722949255,0.7037746386356506,0.6914892850149366,-0.3084189288650908,0.6417738123660361,-0.4531380137847808,-0.5969148528359798
-0.5233543467938204,0.12434386548008851,-1.0905688130311084,0.4706423135274048,-0.8807004153933555,0.14933020692396318,-1.1542132882804006,0.10738090239961395,-0.5163885186462678,0.01159215719713296
-0.3506375985693331,-0.5195836540759142,0.4606931691645887,-0.1229655995188092,0.39412057320260596,0.27519699552280946,0.3586775622875921,0.2811967651558364,-0.23097613507143358,-0.2102797886161699
-0.1251682940261913,-0.6905846876535221,-0.38858539788238544,1.022267966172466,-0.5895217874063712,0.15803816694092065,-0.5453126066092391,0.04282332829150043,-0.2395581819321571,-0.098984105379618
-0.49241311077670125,0.10314147382717329,-0.530827438878884,0.3023945628657386,-1.7250492981968126,-1.1287513247868082,-1.842754210494564,-0.98747922886054,-0.460403094898189,0.92157185518095
0.9536797763562086,-0.09268302136206602,0.9489321097813915,-0.48584390762934326,-0.6919870261884665,-0.8465760183386911,0.11658132868843399,-0.9500323558680223,0.6050016493735592,0.6514521240439752
-0.6396002088345356,0.40427536682056503,-0.40150530256234745,-0.3796866274827368,0.04330757047166157,0.09422393687582661,0.2412331160587896,-0.27538345925205887,-0.8982285895782932,0.27915491914409657
1.182503959022788,-1.0312891709820917,1.3765398467833057,-0.050261933995540214,1.1198714331746682,0.5837729137662503,0.8668697643867209,0.8712397492486506,1.0864860364568614,-1.0090403215982802
-0.3871407370316324,0.8895862285024817,-0.537299801596127,-1.0783311299941571,-0.1527758864103884,-0.5317426622110651,-0.2831174499708339,-0.6979303921522974,0.2554125951286459,0.7014538447989319
0.42682957015227413,-0.3541692183905975,-0.25198589858883463,0.21802824594388634,-0.14369900586241424,0.21854649107444876,-0.3649718400382876,0.13526629869569637,-0.11925978657284046,-0.004097065290026886
0.13010715013331184,-0.09695181287966476,-0.5938534676279124,0.1434080378498849,-0.3389877691202117,0.3256876428586109,-0.8318718639263667,0.17776183430031745,-0.12024183373283101,0.023676531554770612
-0.9777186590640601,1.1456612318608106,-1.1396153886116787,-0.130355423030599,-0.24443560139294537,-0.193052725794869,0.5270539796369124,0.050436320216724555,-0.16203969990186207,0.0168145101556984
-0.05056009741909772,0.15749065950397134,-0.5554289747792011,0.06779490102541245,-0.16202331438858134,-0.07685598559518077,-0.6146395437118894,0.07740650624670117,-0.38466332801711334,0.003442853759143934
0.29227516149204175,-0.31869368508660045,0.07439293782521723,0.1819475901827825,0.6801052429013088,0.8363576300712647,0.60680788109134,0.6695437108721839,1.2729258797916176,-0.7690188082135591
-0.09361941079582853,-0.22544574330486175,0.5978449983417621,-0.5039639903879103,0.49485310308781955,-0.26729681784335046,1.5459173290332924,0.09775854553193562,1.91407586969483,-0.3357485824077749
-1.33334816907023,1.2437290349287708,-1.3325976887804591,-0.6162513634857569,-1.207139462531911,-1.2935737420039237,-1.0317447500047268,-1.124319666309542,-0.3548113021474162,0.9470203986583593
1.6186713469195,-1.033797727578875,1.1517813381665114,0.5092095585686127,0.9101859991080543,0.46365298786741554,1.3071519528737838,0.5732506906013649,0.3885579821301402,-0.41562101732767137
0.05377343933132209,0.6860703707900933,0.024868079523247842,-1.148150987176892,-0.5729071026605679,-1.4524211219745369,0.04408296619559993,-1.2268029006770726,-0.6710212843624055,1.0607702432418582
-0.8015390229758073,0.8462923272924433,-0.8999227282548927,-0.26677624018357426,-0.9457740023335192,-0.27351115086861705,-0.38938722777178025,-0.14325336052472068,-0.1792888973632407,0.2669792880973607
1.5404509548993979,-1.1039980418543616,1.24928838821064,0.9390307292998323,0.9699147908014596,1.4093892537545458,0.9590743304592262,1.392311215255532,0.8798455650176431,-1.4219541989549356
0.5674352087154407,-0.4162421159327215,0.7505761106578217,-0.4450629351474712,0.6006704392621398,-0.2763886505521022,0.332210984903825,-0.24495048263193908,0.21036202067907667,0.09362735923918548
-1.195124797828333,1.0478928720172105,-0.5518448536130199,-1.1007124865970856,-0.5167523302466348,-0.7390550636701088,-0.30896305627816495,-0.6375012272313869,-0.7693138414940348,0.7578949324722752
-1.0441603185646744,1.1611662173809967,-0.36241878068307254,-0.9872869902920243,-1.2109277709524133,-1.6074920132224062,-1.1919185261886454,-1.8583242927289692,-0.553641021063257,1.7988781901729909
-0.2469372378010354,0.71359567652176,0.863272359543441,-1.1356962277646523,0.9882959296675893,0.04900047223582999,0.6871018588527905,0.06858843357909794,0.6257244563658801,-0.22258684894037298
0.25703816176632094,-0.6153580141710511,0.5043287583797976,-0.1263798679183052,0.8569967624726695,0.6224467880637762,0.14285151239557833,0.4356299593952745,0.344264074468102,-0.5862006472720447
0.5726815218918644,-1.1404691610393247,1.6466212935387683,-0.6258621697165316,2.207956825300172,1.428876146569743,2.1946663340288928,1.7699542732931177,2.099338398930806,-2.0994434832481508
0.8901536128412628,-1.0471889185152765,0.3286510823446201,1.1145119465345843,0.47546721733441316,0.8850931082725785,-0.9223679528033546,0.6980806147202395,-0.8540285862077828,-0.5767216322733849
0.49197257885134316,-0.3714388321544775,1.503305477888599,-0.8908798529208557,1.0394124053427929,-0.12282498896758207,1.0418825362454276,0.03093319484112842,0.4683338281385911,-0.13619706522555178
1.2747208834622095,-0.8128096359942458,0.8608597752813809,0.6043520904268304,-0.0830280164461641,-0.3721099659077048,0.19714322093116698,-0.3570608767631267,0.9635486986894093,0.0724626515513708
0.09168413202894919,-0.507113449480692,-0.0830645295882449,0.9756917152864707,0.858759224320597,1.1477776436286322,0.7512188437606727,1.1209124133685864,0.06010827359297418,-1.047369386075472
-0.767924744950091,-0.34686310697674366,-0.7211919479221068,1.0963747297179474,-0.4095032233758416,0.643842823571443,0.4846423583194787,0.6900982351967424,0.06387376975565706,-0.7509344946439271
-0.034521707488154196,-0.19092619300370628,-0.15590894552976098,0.8166976517668556,-0.03602573413657102,0.7343131953484008,-0.22678049385343113,0.5718760881707061,0.7349371237323415,-0.609418032798949
-0.09816552482654488,-0.0007767055193695243,-0.049186210183597937,-0.23343766128529805,-0.2489834717125978,0.014327343247227455,0.028568768619938484,-0.006311471283350734,-0.33357334392579036,0.17081645524851627
-2.5314702427952054,1.8218133870379603,-2.4477414533064183,-0.18433930313138835,-2.024975424121001,-1.3371593504111392,-2.5815431388700842,-1.5366177388804845,-1.9757265888248934,1.7533099354311952
-0.5756519980460162,0.20130969291885506,-0.059308432809492787,-0.7127341762978888,0.354746097301127,-0.11292486517567654,-0.06380190622570765,-0.16731310395657878,-0.30736809458340514,0.192780631719306
0.2734236159988922,0.10266041321924577,-0.07267874300661331,-0.0942200649464841,-0.7635830726622277,-0.5344480945431986,0.12817701070805002,-0.43010534615640655,-1.13337240829589,0.5208348225694261
-0.44265093550533874,0.42826229668124977,-0.039158184522605825,-1.1359979819369355,0.9770230270252814,0.05919095797915396,-0.3288382866597274,-0.03429383276383854,-0.3021083333311778,0.21208531873730502
-0.6579271461091547,0.7371333303006313,0.23879284248986,-1.6623657717094156,1.0367262069290242,-0.6809181366192143,0.805402620263993,-0.32838700602620535,-0.07839294864547741,0.2984638998857031
0.8525254956128026,-0.9386238723590927,0.5177707109167539,1.4885265350100025,0.09617051142085464,0.6588893528572972,-0.42562516727113847,0.6748865621963958,-0.10742040869296637,-0.3788493131497734
-0.9200831622719089,0.5174175808665606,-0.36793089517877525,-1.10845073631026,-0.8749183745219246,-1.5061433946030192,-0.6513187038175723,-1.6702139450249378,0.3252526256677499,1.391685811715994
0.6588165409007174,-0.7643258437862848,0.8371165727163256,0.19034058622735733,-0.7500598709999872,-0.3011052855993574,-0.9392181336884963,-0.29158224723234577,-2.2395429213711147,0.6365659691756445
-1.3236875365373777,1.4106080124626144,0.060228335892338856,-1.627254793998141,-0.8165957638957932,-1.9332886285731283,-1.4428880360840854,-2.056354316576474,-1.3390611570574902,2.2446128677548947
2.6459483754976874,-3.0549517846475287,1.9494359133072445,3.268268489868476,1.8344009985490655,3.1344062777047315,1.4960085031877883,3.1265441345875464,1.4750304557098899,-3.1929554308544894
-0.24043106661783234,0.9002684621150663,0.20446244514843767,-1.3301423566845754,0.30367228834762505,-0.8416921751414388,0.16971392242635822,-0.8755130443041703,-1.3852697031094243,1.0006669108498352
-0.34475543936853215,0.5462870268695801,-1.157962599371239,0.3906671066323029,-0.5659573279069844,0.09716119065119455,0.08074271149293609,-0.20724355812921003,1.0379665785018048,0.09337968242912831
1.0772042160934272,-1.2196088131785854,0.6338216874948656,1.0900954071627584,-0.7870810269179592,0.38237473645359316,0.06792446908669204,0.36973026200539477,0.3517373314040742,-0.3610121412700493
-0.43730696695408844,0.730717826976489,-0.19376799185550467,-0.3896647291463901,-0.4454636611120229,-0.5249594251540713,0.6076110277636729,-0.6342013289592517,1.2544545762733839,0.4510810918263003
1.3796291048008908,-0.7615046484376273,1.8828642558772013,-0.4884566265422557,2.199555949921569,1.1930225462825466,1.552031164753467,1.3418933650118812,0.7981035134095171,-1.259737989489429
0.3290770752952667,-0.448884031081519,-0.3802019179574034,0.7103428114348136,-0.38588809037009364,0.3388905769622459,0.6785212380882079,0.41633999628060486,0.227707500239644,-0.45408584279436665
-0.14608738737966878,0.03361305307771243,0.27913887066087906,0.15087056216660957,-0.6718278836714455,-0.4295909587736531,-1.149279781427821,-0.5976375560198076,-0.9446277790919482,0.8319037681286092
-0.24946940623948713,0.8430434812312153,-0.2550087314232115,-1.0993311395346375,-0.3054525279764882,-1.0624310507500514,0.46876820414576253,-0.6904743603829068,1.8966060698330065,0.19343105396324645
1.1397779031628048,-0.16716707323409208,0.1465059900056251,-0.5543225206703963,-0.442689698576955,-0.24392721591264044,0.049985478111364674,-0.39589686711250877,1.0020297145349308,0.31620244400495173
0.19224037975631045,-0.17324453545492924,0.24564205165295203,-0.6336271686930041,0.34534263519990044,-0.8575149228704603,0.40365619805899494,-0.8523719024314919,0.4286376678314625,0.8336223579529594
0.3879547284113464,-0.848827706443071,1.2145830700331925,-0.027411177742928634,0.8429936641854237,0.31736592947863224,0.8859945668625163,0.23188783998792156,0.8770745974340589,-0.4209360274072542
0.4933587890615846,-0.6578915358831798,-0.18638586428378834,1.0923313445816607,0.16884246720908172,0.7637242398765101,-0.5846535682574011,0.9592625375180087,0.04226625466693878,-1.0334275377887523
0.09764126813166592,0.3328408130432951,0.012544391607435442,-0.07859762142760492,-0.8293622861315664,-0.4362071944209134,-1.4144438299177362,-0.3513060251898784,0.6621302223699274,0.2040385831482843
0.4728685310168958,-0.8730516617098923,-0.13319885508305876,1.5519440529587873,-0.43596591567908405,1.0336058333860971,0.9678348591530455,0.8723220597398352,1.029292706374809,-0.9290534154860671
-0.14601516323265568,0.037016974930057824,-0.38134457523219,0.31998987523006334,0.3826470593604954,0.9379635093320177,0.13470571413219976,0.785691221082647,0.16562165624173777,-0.7867547017342499
-0.079573646529903,0.18555973955223315,0.675259879225071,-0.4508519210518434,-0.43853108279447717,-0.6034362407008228,-0.41652508343450867,-0.7167226695576266,-0.520246069764861,0.7910436507078609
-1.11652247543758,0.6267551919691964,-1.094429907386739,0.1358498106349813,-1.4905909046325658,-0.8706810492325497,-1.7809265837239732,-1.0676713598003127,-1.1387458218836741,1.344710709878399
0.25747771771241,0.2130410373993229,0.942827862589629,-1.6562194035824158,0.7623819943152216,-0.5089964579455168,-0.5743738425081975,-0.6788398921822983,-0.8144941935686765,0.6262241994755644
-1.6987795156804641,1.8354996343897925,-0.8576590862358002,-2.3207343444399737,-0.48296857792958786,-1.972092190421978,-0.37663245369651854,-1.976884252746103,0.10022073911727689,1.6387292940603528
0.24370529881792224,0.6073249144427836,0.0023886162220379727,-0.3095157745895611,-0.3639384557386655,-0.7518833388557744,-0.4832506776754695,-0.6074639771857019,-1.344308769487226,0.7609932781889001
-0.3033967435632588,0.5947877704924329,-0.5317137882635079,-1.2358740219391946,-0.6137368129535232,-1.2300908427666417,-0.3969707143621825,-0.9158393323782321,-0.4503148174387344,0.8551522048468526
0.3319778374343721,-0.7151074669741274,-0.2040608261485678,1.0628071826016934,0.14952997262709572,0.9826915983935951,0.1680937399235252,0.7287983762778619,0.6779024799202454,-0.8250038383842369
-1.0483627708345034,1.1717477404860983,-1.384192662030814,0.8578016097937398,-0.4987223541225539,0.17526030710840398,1.496012320081163,0.16880327314854557,1.416172004647275,-0.2534679771145277
-2.0864973371585926,2.313316267582093,-1.581911161519452,-1.5229969113682351,-1.8859883165853695,-2.092671431269466,-1.4834346913288479,-2.082044776817438,-1.4089107299449937,2.1359852634146224
-0.3715202738319597,0.7649961427921318,-0.3348644265850775,-0.8201854377907919,-0.054589573984963155,-1.0702580503135635,1.1241183008320192,-1.118692461567382,0.7116993434322836,0.9284528149553474
-1.0455353343452052,0.6227502576310894,-1.220042394868987,-0.43092780229638844,0.04950626556759416,-0.2509340883498707,1.2380243045229757,-0.07596461508579562,1.6938278731107907,-0.2270634180207457
-1.7579488430422483,1.2249195579781302,-2.3067120413224047,1.0618184538051667,-1.791950899164349,-0.5560049345309725,-0.6236694890826922,-0.5026452516429238,-1.2925233919142587,0.6586139753486375
0.7134716741476255,-1.1390291313031085,0.6446379169528432,1.445356120934983,-0.28271447961544927,0.4248588579681763,-0.3519905543990118,0.47161332747718054,-1.084467376530314,-0.249373245472717
1.5215121349371274,-0.7315447092525724,1.0216240131895689,0.34452939145273004,-0.04008455414763778,0.36850083067421713,-1.0149755623025503,0.3268847941714878,-1.387638292451632,0.16575762938226388
-0.8041077284237284,0.9868340924416925,-0.7913543055045131,-0.6267688873696343,-0.7251796817631678,-0.389457415843721,-0.12250190162643551,-0.44974094911616225,-0.06753107754814779,0.45371693650477474
-0.10475021960934561,-0.2569601793961586,0.0604740267597759,0.5194936453797416,0.6667571112795493,1.0204546337557296,1.189284427316078,1.0581369271855132,-0.03508361185111056,-0.8697375324974449
-0.3297441853916977,0.34542207483259607,-1.6064038036278847,0.9088481653891509,-1.2367915300434749,0.08161226281314642,0.4680880570130798,-0.039599089183937966,1.057595197506967,-0.10637808766297517
-0.6702322322314019,0.5522273985046399,-1.3830783224655259,0.0971439285056667,-0.9261550433292408,-0.3424239399623929,-1.2979143279279919,-0.37789473582233973,-1.5962589830523448,0.4031094342599785
0.6123801292170664,-0.9766648953193526,1.712655827518634,0.1659217472628637,0.5437809199203023,0.6200389187315688,0.18618108789052146,0.8367197818122195,0.3304739361434526,-0.8807668343754564
0.9483020994283871,-0.8624957881152706,0.5196702483018404,0.6740555031964949,0.9646384298977142,0.5746946571968429,-0.048237319102111945,0.6086171815842182,-0.4139046411611062,-0.4772098462698122
-0.8735951614736306,0.8697893317465182,-2.072366256150848,0.8891814287054971,-2.290233013750609,-0.9132146898939233,-1.9650768702200265,-1.1463008029500672,-1.4895189319042228,1.357564140927367
0.012139974907179128,0.7865654760405639,-0.7648850824966928,-0.428904298227537,-0.9289487641888965,-0.7424601146992797,-0.1205051741829583,-0.5645850724416978,-1.19279912875892,0.7242991575114998
1.214390517517321,-1.3952633245130206,2.3183280857918653,-0.011217008516812956,2.0363274623072454,1.42291528071552,0.8508043382478171,1.767191134960223,1.3790781766018185,-1.7652149003537798
0.6369135650046922,-1.3071090105556111,0.15419799470825352,1.6158362723521873,-1.2596306153173094,0.5875603175394417,-1.425720577620438,0.45502887845985546,-1.7185238635673137,-0.29925072715468537
0.781076275237849,-1.1630066670603445,1.255821175549529,0.40333237472877465,0.972298054691368,0.6047994753657244,1.2284729314621081,0.7748327186221943,0.19987037627900156,-0.7460317634661062
1.2953175050342327,-1.5683893531801885,1.1422150476639685,1.1014613550637402,0.10354953598222655,0.9422998653472261,0.40340415219870795,1.0300256307091418,2.0178969222613414,-1.1390128114075766
1.282574993632141,-1.3620560069722956,0.8124065070280146,2.3008034175494707,0.5495631083193481,1.5697804154778492,0.6235571288557915,1.318306255196854,0.8922396900041871,-1.4509886877484501
0.9662434194251972,-1.331477992527012,1.2097307749448427,1.0329548331930904,0.5978714399061447,0.9956111287727202,-0.0772268352114377,0.8783498707212539,0.6548928139410294,-0.8110897962540171
0.10927933757944845,0.23403495192098933,-1.175066925547465,1.7760511494663218,0.4670928742964038,1.4385440086790586,1.2580970347674945,1.4117890200913994,1.3010791951825664,-1.409348749115698
-0.4021812247458429,-0.10793361115778423,-1.108962752368064,1.1317167864626418,-1.1055517901829943,0.26053984820497517,-0.7115489794040376,0.30066376842019205,-0.8222862801872445,-0.2707168522958406
0.06907426713748575,-0.06443921458022778,-0.21282708376928272,0.1490645921194558,0.9922880985818668,0.9202502903972869,2.3981314865595977,1.2098453128228763,0.907681726298128,-1.2303784501267905
-0.5495076463351879,1.3294940138065208,-1.1812465166882888,-1.173037158171986,-0.5222958172391426,-1.073611869421181,-0.2202881833100744,-1.0453808874077832,-0.34479095302447244,1.0378131908292414
-1.9246763836924197,1.98359124047125,-1.9374264965923211,-0.2982264417274682,-1.9694531867898382,-2.0210806013089044,-2.9955428318120045,-2.2743225580098785,-2.9087630538005707,2.536496664887053
-0.30231359238682187,0.45556331789505694,0.18325162701740072,-1.147740627291332,0.29836432222726117,-0.44944889410431726,-1.534545624769421,-0.8081212898344707,-1.76952576428265,0.8757925577215633
0.3154351772222891,0.4780344913216617,0.32329542764578667,-0.20830839700205236,-0.012270166134160777,-0.21998018370944722,0.4536558889183438,-0.15966435412656818,-0.7475198484253063,0.2365218228856989
-0.6007707390228124,1.0610224608063468,0.18312857501164245,-2.009310322727761,0.24078798916227945,-0.8002113751160801,1.11451603390238,-0.7759219088001952,0.949630153836729,0.5620925846041722
-0.21821846018050617,0.42639074719193437,-0.09256258441019105,-0.13850930031168612,-0.5785316848069556,-0.1592138743283735,-0.9476241851440995,-0.3905651761330143,0.43375514218659406,0.1382882842684487
-0.18064776362104346,0.02589736685436579,0.3586981319370856,-1.0018228392039297,1.3067225611933826,-0.07768283960994012,2.4012509463397302,0.29878209234790176,2.229448009906629,-0.7373463300456075
1.2845257239191281,-1.1948715529616538,1.035636587682003,0.502561653033259,1.300338135748767,1.304658930034199,2.0771103004617975,1.5556966859803436,1.5164090818927753,-1.7618814989524687
-0.37983285108595366,0.3083022147472272,-0.6422049778929062,0.16428105704658427,-0.4924813405563765,-0.05184270182173327,-0.16458157243955188,-0.12886803295834148,-0.12026907041527318,0.03967975431737653
1.2843090917807463,-1.3529837543700511,1.8486553820288096,-0.07497593984251988,2.409453874478382,1.617883082541228,1.986815717642649,1.5018509418341097,-0.6327456637459975,-1.2695425767432016
-2.6616821091047265,2.5154610861929694,-2.625418538948338,-1.1147652191811837,-1.8991111258603561,-1.8373673463331393,-0.5913132093840872,-1.9021450435096967,-0.711760730774384,1.9596030215012368
1.2757971032523405,-1.0307866074261829,1.2430439722351498,0.20733699048405932,1.5620081288211816,1.2904331457335476,2.4152554275566427,1.599699560517661,0.8357630322113365,-1.642197184424784
1.2268740559018947,-1.6528654007242582,1.4256438932096829,1.2750373973005809,1.00713849221708,1.8667037688074024,1.167514915196098,1.946394553278521,1.0035204984102182,-1.8892257720916428
0.8436799926731051,-0.09966558321954415,1.1413466240799788,-1.7333233151416638,1.0321256211675702,-0.629228937602884,0.8229638100513875,-0.57445112291345,0.4658504452882387,0.551610100798005
-1.9823091135036817,1.976250557665658,-2.2937400067759444,-0.8430752327351146,-1.7602287587733858,-1.9157694630359887,-0.6621831237258903,-1.857069356325451,-1.0801187818041076,1.8804837148211246
0.9567829922229901,-0.995225933273644,1.3473391048163519,0.63847338884585,0.9874735011473899,1.2476194778785168,1.0488081631939712,0.9891104821755148,0.8984790837723416,-1.0173585494759652
-0.07987479324656602,0.1559867469235783,-0.5943715356272009,0.544955220417968,-0.367917278058897,-0.37948420417011763,0.43891678939692075,-0.6154498319025762,0.43454232057146597,0.4847277761744728
-2.4840713128551912,2.6531427010086617,-1.6756736899294462,-1.5699321862596964,-1.694744640654951,-1.9382593885719681,-2.2570329141921306,-1.760947857734875,-0.5879674949579375,1.6198603472126685
1.2276223002839082,-1.746369699515357,1.3032257384481247,1.4914082919315284,0.6337010404103195,1.5003951376353364,0.6540165240012653,1.5563696494363664,1.0085694613488145,-1.668804509343592
1.369199815749853,-1.3068103283113006,1.5716156948702291,-0.08523356695866018,0.9473090698775618,-0.07767005577924252,0.9661684964668389,0.027008452976622462,0.9107805302365007,-0.13299498629428727
-1.8781533116393534,1.2139329929622413,-2.2269044766874613,0.6193116489539775,-1.5101305709085697,-0.7280061667777492,-1.0417920268413674,-0.8390612670491655,-1.420419132901441,0.9828330070739465
0.1388405551541085,0.9739493331474772,0.41462407112012717,-1.6487856701032186,0.2313409815279102,-0.5215286662392622,0.7311268059537716,-0.6655130730849704,-0.17859262740212212,0.7136895590582211
1.3152997821177523,-1.155795921422637,1.6667978034369155,0.9778497646573375,1.9173494412455683,1.469885446587481,2.6720447833682432,1.793981849576828,2.4615326291931168,-2.2159287278549185
1.1616640984600197,-1.5652177587346814,1.0677771648210803,1.4753544750158696,1.2728204823982205,1.8265650563012743,0.9451634737928024,1.6584039366423755,0.5999668719045647,-1.7856999505439586
0.7794894054707973,0.7814681160777419,0.2133276331288978,-1.0380939043563895,-0.021708918858249004,-0.9639540404781274,0.4969453218498479,-0.7544995003107396,0.581455796103494,0.4699194474298222
-2.598418603079221,2.144867720022802,-1.7145063502181486,-1.0921788153003793,-0.3925210043685225,-1.1570650037662995,0.9207953786857819,-0.9766436188056948,1.4151246312273524,0.7082378476025917
0.6761943900139328,-0.715937435684392,0.617338697338732,0.5984221192290319,1.6123265380716045,1.9180695173762154,1.1858078839170367,1.922615707067449,-0.1483424389071948,-1.8928320517796953
-0.24277625758451457,0.15546908284348962,-1.0976300117892341,0.9476766040522778,-2.1677565910715115,-0.7306493801342403,-2.0706790809224125,-1.070934210748675,-0.5340937974058716,1.1052657389288114
0.9344504029484871,-1.2193823646587119,0.30291146588219925,1.2627088071905175,0.7749272780364972,1.4510253316944366,0.9661142045288442,1.2846878133818918,1.4430475659117779,-1.3422307261365474
0.21713771475522392,-0.10494645510936379,-0.1060792249353981,0.4488139284260218,-0.5747494098653027,-0.10645261793558572,-1.9808372834366554,-0.23268608559011972,-2.9084703807023033,0.7975460029175562
-0.05055222390618739,-0.8873858537606661,0.7384591557387394,0.9147582468637777,1.0046009253457693,0.8327773282888031,-1.0113576584092852,0.703380155839168,0.9375124422467911,-0.6646949817706999
0.5902377078730265,-0.09595970690536136,1.1853155988670296,-0.5081197503108389,1.611441609960938,0.374204945158345,1.3104642989300406,0.4931917537396206,1.2431028656890646,-0.7117469432442964
-0.19798346681648543,-0.2997696735892371,0.5202147559460719,0.3136157575622956,-0.24115684033895377,0.35798397799628157,-1.8658232123873593,0.20168041939541398,-1.7072249036200458,-0.08514305071605309
-0.05481487948333419,-0.13300575837960904,0.06443786020889111,0.7263193444395869,-1.2032139531200527,-0.25438277799708814,-1.747156785553927,-0.6805664836236169,-0.9123692927907795,0.7110186503833562
-0.5696950225082745,0.8260324270734327,-0.010264914229440716,-0.6561191389296639,0.4856432890260713,-0.32923023730550366,0.04812979661070018,-0.1555778995668151,-0.6234203582993122,0.3296276382204695
-1.5881011625623345,1.358648872211479,-1.948969424267482,0.1620831574104661,-1.3702925173531548,-0.7762869806967965,-1.4234660238434345,-0.9160185475597787,-0.6502289729755718,0.912688564970394
0.5193978542798742,-0.5533791874236254,0.42897715034027223,-0.10272322522865927,-0.820350036159165,-0.4194375850453315,-0.6422774338437238,-0.28607198571009046,-1.011543710351353,0.41621250081393557
-0.8129118830959873,0.3114875582087164,-0.4581768397687236,-0.4749483750366014,1.2602891685612267,0.6054110989258763,1.6488763825987323,0.45163798518508125,2.6991277539871765,-0.8806764222560092
-0.2259880915391771,1.0732559801108195,-0.7678594393004117,-0.8642882343996772,-0.19905385639316245,-0.9008641036591098,0.04906720352054225,-0.7579950381032673,0.11133778818196517,0.8344717973284609
0.2470178210681765,-0.013532222511906932,0.3066579395453855,-0.2413190788487905,0.6076193768357068,-0.19257495866713295,-0.20699293780701503,-0.11649393116783271,0.3363277047216525,-0.03778805514133798
-2.053390689009676,1.417422272585681,-0.8520390247255024,-0.5891790398497744,0.22083052779504433,-0.3579176442423639,1.1407797955517003,-0.4319842216585621,0.33223914967622825,0.3568316054442616
-1.8362962713657631,1.7457813713069732,-1.2631069420225365,-2.3494186460708057,-1.3387391366327077,-2.102118820244355,-1.9194580779204171,-2.2549424385994232,-0.8312884725820842,2.323831254165657
-0.3219406507009884,-0.1970307645342095,0.20033798663555696,-0.33419366764068315,0.18079911579898328,0.11660852900114729,0.28710417609360467,-0.007191181616919544,0.23861085263398799,0.14194026326833506
0.40953604536608307,0.33550941555768843,-0.9581812645924767,0.3232937439896267,-1.597107279593404,-0.7008077738098772,-2.170862916298476,-0.7442961678689067,-2.59650800368684,1.0193354048117171
0.6902512565679604,-0.5579620617969778,1.3894139604262963,-0.8974622062386663,0.5618779500785817,-0.28052904529746614,0.5603042407379081,-0.16017406965743305,0.28368199513910364,0.19507028578235305
-1.5744331700925516,1.0238268472871332,-1.4348702811568212,-0.4221055095667104,-0.8362352818785166,-0.9497594202790721,-0.7775204866729132,-0.7382280248397864,0.81451222406738,0.5031172453478949
0.5860946256752987,-0.25447840674316,0.0768430829514205,0.06935695626155186,-1.0729552289625683,-0.6822949196889786,0.08988786992710322,-0.6000293421150832,0.7071639568354187,0.57846501586629
-0.26892598831581466,0.12035218340157097,-0.33004041902497167,-0.2521687777805387,-0.699946279324777,-0.40899200296372573,0.07143723290377474,-0.26878256088671343,-0.18250238664263482,0.4382758310058504
-0.8877049290939842,0.26452028875582734,-1.540711486296526,0.7075182021831564,-1.7645761651577447,-0.3973806577580343,-1.5850438336352115,-0.3570156009145632,-2.4802753485126843,0.6237490666822815
-0.660198755903056,0.7540198693193421,-0.015708222095007347,-0.4571261503650399,0.032109161110499766,-0.35312498464973446,-0.5419015356513133,-0.30132195317301136,-0.9637800522711506,0.4863915099212295
0.7463206991692062,-0.5452473951406881,0.43981098983244005,0.5857989064737084,0.6420494196611188,1.456381557482591,0.1986172985127742,1.3435922416123374,-0.8139554654921991,-1.0216395655314394
0.23444206776420665,0.25138990772645575,-0.20330301441951004,0.14727665534391846,0.2855569279582942,0.2973317608641993,1.5640828171107606,0.35757766569568816,-0.09916273780762991,-0.3451068018265103
0.017511999246729026,0.0013538597973101181,-0.08549349163841934,0.05717120759467919,0.5371862050384895,0.2823707130949992,1.5424285141857474,0.41119044167105245,1.7456550316496093,-0.5956530338993593
0.20485526287025196,-0.15234494893999453,0.7492582690904683,-0.06137789687593761,1.3829147357446447,1.2237999448197818,0.20940188175703656,1.293431551635186,0.23331775176551642,-1.1814810838479695
0.8687410773424918,-0.7378582053160456,0.7886297230790936,0.6274693183478569,0.9154056438811201,0.4498173825285974,1.193364184264431,0.4372762485796322,2.1978200654960176,-0.5519363461717846
-0.1254335469518103,0.7720611525898861,-0.8594858028460605,-0.03428995374377257,0.5536238899170199,0.45126630887554015,-0.8942232489830393,0.4366502790074001,-1.3451042647065157,-0.3863912312538219
0.021402947849133998,-0.1587795809537767,0.25105384543850323,-0.27831144090033944,0.21037340514315037,-0.07277067491236255,-0.1822759762789268,-0.03484589926532791,-0.10646236303302349,0.04283027713207011
1.0724571821508098,-0.7950372836414111,0.4018021332275724,0.5307106951927225,0.12950744527902094,0.8070902457312168,-0.5863251927411837,0.5309779366573417,-1.3945032417262875,-0.3992994237370947
-0.3528249687257878,0.5711821766155609,-1.4438292015795846,0.945471680111476,-0.698986745686258,0.32913699311152816,0.3267075862699433,0.4338177854079598,-0.14361502802479204,-0.3804652821937229
0.5681632753230522,-0.3834497150960249,1.2540375235414165,-0.8179887843588517,0.717871131165881,-0.04744375421351252,-0.4641211931070175,-0.06421756884152002,-0.4735638232997656,0.05786776127473364
-0.5197344971487153,0.3207451423778457,-0.20847657217674218,-0.7696631709654457,1.0018625478556131,0.30302934571812734,0.9793850962084594,0.3086581358814984,0.5021431474866445,-0.3870205587678751
-0.4345553309777745,0.4386099936999788,-0.4187086591867782,-0.4368374307813345,0.38192081893854757,-0.3269311187438932,0.2579945406486566,-0.25928521083449585,0.26353700048298334,0.11898854163972739
-0.13217342193506287,0.07225973747953861,-0.3049531899813823,0.8009006844812452,0.21731612278852902,0.9127712279421377,0.020909496587041672,0.7955129025813076,0.7350667890354505,-0.8363277969142463
0.46840833580468566,0.3805996758038586,1.1179963327410432,-1.7344101119119764,0.8450419292295576,-0.9583337542100117,1.7835348783055598,-0.6885287410373225,1.9838338592231342,0.4391080967810892
1.1267734914192726,-1.2323304387697458,2.5618802077103258,-0.5032935408830034,1.5397582601764346,0.7392470104684787,2.3054222368156436,0.9039452882224358,1.2183623517476614,-1.0595145165596196
0.06235154454441714,-0.4481072857718989,0.27698941346276224,0.10435072094262486,0.6064120229375222,0.4582907438390829,0.29984346358102093,0.2492623729054957,0.23559948708583134,-0.13421135549460012
-1.485723719386089,1.3478078513296115,-1.8042891412397113,0.10156164761964008,-2.0843334986195043,-1.729670436615376,-1.6194185576294426,-1.8030997509996944,-0.6218985517929493,1.86633560825161
0.5810663399272195,-0.5735255423735078,0.395977992891947,0.6319358137094526,1.2326442912410283,1.2108238945762948,-0.28300312890463863,1.056685920581505,0.5522902271968685,-0.8760105275790524
2.34831608017645,-2.076863702296364,2.191391823419595,0.23422266073029402,1.420874748603897,1.1263606484516437,0.9385919213212457,1.2498542969055793,0.268827612194812,-1.1639737722757697
0.07410824998570484,-0.26862553058194194,-1.1863327799839116,1.5292137565986759,-0.7087368536630572,0.3725728807481489,0.9660491879209997,0.5765409404466424,1.2581949856747527,-0.7323341345245984
-1.6883321528564887,1.58199638743911,-1.2566436023124241,-1.6916292422441026,-1.547260710890192,-2.3640990109998126,-1.1070702012809777,-2.4040799584551404,-0.5648069011373184,2.1707277545985275
0.13324691602392663,-0.07737275761148103,0.3301539901694158,-0.41860726166260853,0.6589049474072554,0.26978096253020795,0.9722350887939353,0.24260455094307098,0.007675906218732298,-0.299942390868733
-0.034193677038417046,0.4004214222281012,0.6577391322539994,-1.1377288289815695,0.13275297881177814,-0.5700051215479081,-0.9274649701296761,-0.8615858551219988,-0.09816667733642315,0.7954982021105816
-0.11574514463808531,0.13524678432279344,0.5342333092971777,0.08032704588699123,0.7586595814990935,0.5898666042197865,0.1879909544628819,0.46431386202316877,0.2803199376153352,-0.48261971248529384
0.8855293316610385,-0.7773264049921199,0.7920795665762244,0.4638668826653602,1.0152639701727286,0.9466557396880594,1.012400850102439,0.9511175398862421,-0.43999920082959404,-0.5983411737076539
1.305295621806203,-0.9885688783759445,1.8842548776900525,-0.6669522484760644,0.8939958934855518,-0.02283254926049775,0.6720452253389291,-0.14090078946550305,0.3285897796265623,0.06140302152540707
0.6316280391693003,-0.22507182758270183,1.591571842945829,-1.2534728426396418,0.37374268371445274,0.01168769672900192,0.8544938903358693,0.22726538291644496,0.7016434251612591,-0.4828177951464741
-0.1603039507851626,-0.2740147502176358,-0.13196180205818217,0.8569218861061063,0.8492600331651844,1.0173543266594887,0.1250124160644622,1.014450657716328,-0.30277342089500203,-0.835100796540901
1.0603432359872011,-1.503644276095535,1.1008453857939124,0.7350767765547613,0.6227237125888612,0.643863271553759,-0.8622715843353381,0.5113924637228172,0.25362100307301566,-0.45737526316544175
-1.4798982307240371,2.053771771159154,-2.187741157274751,-0.37296985786027004,-1.4849619881361116,-1.17937371366325,-0.15233737319668658,-1.123654029532713,0.8122011812114498,0.877731120816789
-0.7256603251927632,0.9489660073099879,-1.3864005866195892,-0.25354796747559877,-0.7364655000812986,-0.6872822356744837,-1.1629029070185715,-0.7124138641807208,-1.1115975037025227,1.0282602504363136
-0.6176038316587997,0.4640512766730928,-0.9728477037174705,-0.12790526749187967,-1.5651610456826648,-1.1691626349705535,-0.6547554213698549,-1.070597446405601,-0.8077702760516725,0.9395486404544997
-0.0612863097914983,0.0547561215738948,-0.29688925381898107,-0.00987181174272877,0.03664557313539193,0.5065518310505914,0.35942924745919586,0.633550722018603,0.2089599134793555,-0.504115822181448
0.4601285130155063,-0.5948531047423162,-0.20156126001835611,0.32726620325296946,-0.13015407668147597,-0.1718532784088576,-1.2951034199826008,-0.32689558695760257,-1.0817897095255975,0.4398837517545298
-0.22591156190453102,0.2855274326288127,-0.22084654101448814,-1.0677091087407171,-0.6256767929738069,-1.0922769007147233,0.36026540943132596,-1.0092965570513444,-0.11674572002698719,0.8662640361403481
-0.909891168058211,0.41707922076084525,-0.9953736566503901,0.2916022224180682,-1.5184448706955929,-1.0604312174776722,-1.4079207981567037,-1.1071352830745687,-3.6487967219846333,1.8045567334495884
0.9140788432139401,-0.49510716182271514,1.3213708676675522,-0.5463307249762706,1.2997826977772409,0.32096664813021075,0.9021714173021775,0.3703836643720738,1.950715545452973,-0.571152431415667
-0.25960398076680713,0.3013925878021155,-0.48020611744475944,0.12307391075560728,0.33532672692169474,0.7470858739446636,-0.03485543817259839,0.830856877660139,0.006114332246786667,-0.8011476375692251
0.06776623905457045,0.0168499995103958,-1.1586029694115836,0.9757926901349349,-0.7707231485441696,0.21796761251567207,0.683647957629011,0.4526567493973589,0.41904352589246335,-0.5141827738799357
0.5031200661848324,-0.8437812781061004,0.47789914183798854,1.646308312489461,-0.6332513139420027,0.7412595902682751,0.5703049774647716,0.8092689213701972,0.6901550749933182,-0.8311071351651277
0.006428926142951763,0.20367833394481955,-0.013820934954907051,-0.19829328820994022,-0.7442935657931028,-0.8563391164497439,-1.808095143346347,-1.1076891707593812,-1.3819753845119838,1.1948054606823666
0.010690046833723318,-0.3834266679775599,-0.4566005759802662,0.36715987354730284,-0.6590785516369917,-0.29596250299869914,1.2219322543436173,-0.0817045903112037,0.6448419848936244,0.09910038552244677
0.968018809405497,-1.1849849604080667,0.8529928887777537,0.37929458616987327,1.582760373702426,1.7311778806719786,0.5528262533416451,1.7466092885773317,-0.26447958714243963,-1.5749577344812669
0.1155167616828807,-0.07869282456980194,-0.48062339498321216,0.532929797895872,-0.5562457661500103,0.12191963500368275,1.1754148923712302,0.0941803031732504,-0.386407890222325,0.06550038199711496
0.8054163042498007,0.30122729957265765,0.8397735976239619,-1.3379649817692179,0.2547788638977083,-0.8088515109589639,-0.01341274958294689,-0.7038764996516069,-0.9362687873561374,0.8146591558209935
0.49691343968919766,-0.39276321719750656,1.7926193083654198,-1.5748937103043363,0.162513921920582,-0.8166608922664468,-0.13605293683247865,-0.855152968535757,-0.860164322522222,1.005445352525956
1.9245838030621334,-2.845023158233387,0.6574824025831845,3.222201843984128,0.0009687567846692426,2.1760495578799817,-0.17407726932995726,2.1466785214621478,0.3618147936367698,-1.924108132405679
0.36575223281142766,-0.612938260512561,0.02429486670039893,0.7835892387580063,-0.8305997803812402,-0.24188644442100282,-0.8338270685284825,-0.23265502130511986,-0.08131224424765611,0.3848618914328858
0.5873958086521173,-0.2614635695953806,0.1264685831921217,0.8794356400100529,-0.6077258038221603,0.08686719314657083,1.4497452627544822,0.260889735665189,0.4964477462076525,-0.27218359918712354
1.0370480792767145,-1.4305478668596543,0.632980225160481,0.9898782041910786,0.48685918442909326,1.5479023226316984,0.2708035248964156,1.4971170757011365,-1.6491848004400245,-1.2225573614743799
0.03042043518277629,0.30997337481795606,0.550803010004062,-1.0838300349338121,0.08951452710427064,-0.5543738848724592,-0.15591699875247372,-0.8360100291331349,-0.07860856685179426,0.7720709158184145
-0.6498237436195228,0.6516334240454212,-0.27290270884955586,0.003890448519352911,0.8560134585718816,0.12761490954899218,0.6259554304702991,0.014249442210164956,0.2036545135333984,-0.046955351321545324
-0.4910700570525836,0.8543005669487667,0.021780045803300726,-1.0433933117781424,0.666111156251992,-0.1299813417551971,-0.2619842197477288,-0.16112483275705372,-0.48040285877799593,0.16849921173757326
-0.4817230694832358,0.19777473767313714,-0.4011457153838096,-0.2833188175908241,-0.7335958508701789,-0.31315907164487417,0.689492937989154,-0.006001587983751911,1.2258789482767405,-0.24952403341603296
-0.9528459590773398,0.596449512146978,-1.5097641123807735,0.25522983045122105,-1.7349879075295016,-1.180175268525492,-2.211260446888184,-1.242741376123687,-1.5298967148396394,1.4020605637009
0.27691607191781853,-0.026895984225481232,-0.36553496473391905,-0.1299597571079945,0.5835620933395511,0.16032218362613335,-0.05825039083840892,0.409366490936294,-0.702504356893569,-0.3661711222412001
-0.6417394609196574,0.5747001264547228,-0.15899771093570098,-0.6056334249776356,0.9128027440855553,0.5626587836711949,1.2913131656314187,0.6741160460748616,0.14785911596424664,-0.758995962384568
0.1576842917224222,-0.182350393460229,0.21089570162491825,0.46934161109988687,-1.3190198752676054,-0.5274484571598931,-0.8317807222834305,-0.5773238942134549,-0.7782161754099561,0.49565014276940134
-0.18514515260109854,0.8157202458177376,0.49587262858526027,-0.890551950692332,0.3701394914220563,-0.390554494192927,0.6509083070191304,-0.09616551073521017,-0.1206455908127087,0.15198400934679063
-0.07163425278914975,0.3085215512155207,0.08234459061484531,-1.0934020338340085,-0.15245296002033806,-1.1707469815214941,1.025499114812724,-1.020774750150934,0.7505982327513591,0.8661367411589602
0.5079580031452785,-1.3063254982368775,-0.20705119431239943,2.2947676334750717,0.22251932228472743,1.9216449965930114,0.8857564111101023,1.7636669837580456,1.4228799315477547,-1.884741546723408
-0.5567733617022856,0.8340794703200248,-0.7551309571039382,-0.38659747940630307,0.664969690736277,0.1149034718000389,0.5443080984325165,0.2122416712473444,-0.5355648846982224,-0.023783121341463372
0.5882858123207336,-0.25590811519684226,0.7807312916546263,-0.46339705970559064,0.20203836966099178,-0.7531968005298928,1.6652355667859582,-0.38211692288775656,1.3441634396855449,0.05787417149212395
1.4886085153539244,-0.8769093758753453,1.6151009397008884,-0.4354639416058555,-0.2169497113472615,-0.8434104424506076,-0.595912016979796,-0.9653990026634338,0.23201001984490358,0.8968980527307036
0.3014542831141383,-0.6783094425903353,0.6921492242610089,-0.4834185661547452,0.8273237007447666,0.056256987623140395,0.4775319078645128,0.18918349548786367,0.3294882420922934,-0.22104074858575934
-0.7897015165268941,0.8490537707600584,-1.2284248318688504,0.20816216845929258,-0.03570021762182826,-0.17474717241087484,-0.03979430486058094,-0.17628665745593927,0.5126088650969459,0.01662129067557244
-0.6276796534398021,0.6116380382529423,-1.1723480965060433,-0.3111581628924399,-1.093443317929387,-1.1460874287014629,-0.7889766548263436,-1.0878213216904289,-0.7635305842883952,1.0798632729966091
-0.2720226412843223,-0.16086516529451084,-0.3406304226360278,0.21646734170760845,-0.752184200941722,0.277259187667499,-1.270453649285303,0.18762628363218706,-0.8008781116010304,-0.10665243866204242
-0.6081610086742453,0.9428552872219946,0.2345337599010813,-1.3173459572135078,-0.16260575501259428,-0.7843245301994791,-1.2579612204077997,-0.9157470209596081,-0.6005134218614226,0.9648539267831922
-0.9924591895340658,0.7979180105164568,-1.2123618047327018,-0.7274677760428662,-0.37409071749306244,-1.399800542773414,0.06434477333810762,-1.3230776423971162,-0.32438796300342815,1.333278578109287
0.11846263943869435,0.3638227763998494,0.327475021461774,-1.320788500690014,-0.1065483795908864,-1.020699645047334,-0.5269576049276677,-1.058537757194435,1.044748069724817,0.7850621565883774
-0.24577608289454037,-0.09511600254903516,0.0209595009978797,0.5973869460412111,0.17967087197234635,0.47669733245679485,1.5178978602710191,0.6202828120441612,1.5800783025179335,-0.8823980023385205
0.15270764775365048,-0.7598808824183849,0.5172914867258165,0.6074124337748817,0.3434440800255584,0.22112751907003877,0.1791452578136567,0.11119720001783694,1.0882919569924732,-0.25571549256578235
1.1192148060629141,-1.1354597015622943,1.8065059744261398,-0.3568215206543989,1.208848041078951,0.671137373489911,0.6183597490691358,0.6124394164915495,1.253900266877161,-0.9134041543722662
-0.2604729759289788,0.32578801151024667,0.591307339840146,-0.9220955010585234,0.8336940460812754,-0.6176121583415093,1.3543961893432102,-0.5033590158645022,1.2802653923377358,0.27659285375814135
-1.1808211444259824,0.8480112808873171,-1.3186387301599878,0.3030608003274386,-1.3125975050675018,-0.35186065152166124,-0.5646943975967247,-0.3255207654266892,0.5884794687585888,0.358619535739216
-0.41809414486293994,-0.9078014071389228,-1.4681198579136632,2.989587177157409,-1.3895754866113015,1.4492753277462782,-1.037396373247321,1.0693529194156806,-0.6138357612744613,-0.9667090454607304
0.7158397276497609,-0.504468858236111,0.23350807352711536,0.018940324789532104,0.6373993082323655,1.0337649972243352,-0.042315395357973525,0.9610107570414614,-0.516076578062047,-0.8316683930862133
0.6250188025923898,-0.4232860095463644,0.5541306663647346,-0.3423976138983726,-0.28791600774172454,-0.8280513773542468,2.488221612193826,-0.6329345842638114,1.9103545770365102,0.39397825121485014
0.47167325041132424,-0.1540981146075617,0.1948336965593431,0.27503688647065866,-0.47855344185117576,-0.49129463284084907,-0.04493178675945729,-0.520559448852639,-0.7135798330402846,0.6616443372962245
-0.6370751824977223,0.41453304319432527,0.4880807367240676,-0.7418613539616145,-0.5129600561578094,-0.6342418883774105,0.46028665739240143,-0.6414148078801954,-1.1093780987355517,0.7692045646062164
0.6978776268965194,-0.8302408645223609,0.5855007378558921,0.04983855112476486,0.9252830861811083,0.928225675096545,-0.13192282622170365,0.8956938724117218,-0.670198192781114,-0.7366098404094453
0.9160656395725761,-0.2460633700290436,1.1034097923186856,-1.0582929761409536,0.6810336204024049,-0.05137741127500157,0.03225603062323286,-0.06201602418432815,0.10776021939898071,-0.07442783271313612
-0.7056502390351796,-0.022164596261272526,-0.4913133345642816,0.38795067807757505,-1.255784935475234,-0.26469208034818426,0.7219556308497014,-0.07212286338307128,1.3252313891688778,-0.08824454456910315
-0.0715844122869917,-0.04734700113436182,-0.2544972138166879,0.29751203206430893,0.32093836775945617,0.7573019397218973,1.2377461853046183,0.8977911492037375,0.35589417817182967,-1.0137897378248157
1.927991875372924,-1.7149120866685972,0.5975926825451237,1.7957554395041877,0.023244672584624714,1.2389188068731805,0.35554565200393506,0.9897529363013422,1.013550273518921,-1.2661457495603063
-0.7487577377658508,0.9291225196148009,-0.6833406362617163,-1.1937843217430713,-1.1080778228533184,-1.5476284121537027,-1.0025277349728683,-1.6882115441449401,-1.577127950928765,1.9008682679205198
-1.6847625699616786,1.6035552615074804,0.28372235613475044,-2.404577265987851,0.029618809148638077,-1.9219810727598325,-0.1454995848093167,-1.8454697940285754,-0.7277767334609055,1.8604304227267108
1.3097851756625285,-1.5938987334171326,0.43546089027373325,1.4673350495638924,1.225117151157063,1.6561485211784777,0.31889614407071115,1.5922813964311655,1.2966135842483786,-1.5940150879579542
1.070938600301315,-0.5018194114011326,-0.06586946398662138,0.26174420581340035,-0.3524187269932754,-0.09610559993404516,-1.0711972219370527,-0.31370065380487233,-0.7384635252621952,0.3340863115808487
-0.47441161773699,0.4254782928026064,0.6083981805146168,-1.1271708761214678,0.7643789552909251,-0.5077616488383857,1.1842032963258164,-0.1718423799572537,0.7981227616338136,0.08189189483714278
-0.1408448591609938,-0.5778729781157752,0.26038267220651873,0.49710092468654704,0.6111034836700362,0.6989511054906306,0.8020154488179041,0.8661193993725872,0.8005040994769691,-0.9672985079043719
-1.21914045509499,1.193814345090479,-0.9391795488617244,-0.4500011381607435,-0.44041053780605277,-0.8603362103047365,0.2536021457367359,-1.0149488942821578,-0.6311345025467535,1.007538462374525
0.054988319358342606,0.1387510630317735,0.7519268233693462,-1.211744967029014,1.3193217480539157,0.3344433709955121,0.6287253009456549,0.431575171602207,0.26989729717009375,-0.35141552088764655
1.0993606482401062,-0.1963105966733864,0.47576446464592115,-0.07014792837151741,-0.1631451371434979,-0.042379866329473145,0.08524943990438101,-0.032509671101126264,0.09786300403333437,0.0009662214962608414
-0.557457723893626,0.6715549739446262,-0.537061493396411,-1.061728111063088,-1.1136049844620908,-1.5298975595342041,-1.0430372602905806,-1.3617130374279618,0.12015211020453559,1.1815237368877356
0.8192884246957789,-1.3790071018063892,1.180656377833688,0.6885359567685734,0.11585541694181664,0.5692771198469945,-0.44903259849692867,0.2750830418298391,-1.4868727499276018,-0.1583238428340253
0.4184192252898248,-0.9973838756240808,1.4514385429952463,0.22907085529701568,0.9072756232410454,0.43014962325778683,1.8212181708301554,0.8823467080595427,2.6464218754188837,-1.1872171161445775
0.5290597759768757,0.032274773113627996,-0.1816724952684069,0.3364336768842374,-0.7941625736856271,-0.5548713481883059,-0.4283024056524501,-0.6793815364849363,-0.3777232456950322,0.7867951223504027
-0.5009261035361819,0.11338279160395394,0.2409015520730089,-0.14869837146092793,0.22121314123329636,-0.12912883271319286,0.522323891558714,-0.011212871773717603,-0.36159844475188985,-0.008354073693533323
-0.37516540529572784,-0.31388448393370905,-0.12649038039484287,0.8574773123981037,-0.0902210341385005,0.4483121344259104,0.5570384276769518,0.3964491740647998,-0.4636463712893313,-0.23429647073605933
-1.8221608896459665,2.0765725199676575,-1.4595374414686697,-1.678272422427935,-0.4436608467285516,-1.3489159821656898,-0.18831580795661634,-1.3382070115279745,0.08386259437801515,1.1421887904899224
-0.5807940949109375,0.323203965384482,-0.5046531695614912,0.21206241219807995,-0.22482506328131188,0.029084256732576155,0.033666923500570295,-0.204143811287917,-0.895854310429872,0.3947641914153814
1.0970058705547094,-0.6178904236435703,0.18257013979696954,1.4202447350211487,-0.1864967451548481,0.4580843348157192,-0.9106280268546109,0.51902331115298,-1.0478874965683258,-0.32094071194896034
-0.9324826129686437,0.46163360224217814,-0.2895490054803332,-0.5557843535021207,0.008353066471762472,-0.3850340440708735,-0.6431410803895238,-0.4586097823753816,-0.6276152994935722,0.5456483877938683
-0.7879617729361164,1.3277416521722967,-1.0867860516075383,-0.2651280952881621,-1.5026244816467063,-1.3503328733939368,-1.6759960879091418,-1.460000439057163,-0.4170534292232107,1.354075634530353
0.5895452887614526,-0.18470797798224414,-0.08398620492329828,0.6742087679709893,-0.13413907572423348,-0.5489380997966284,0.359888578996648,-0.14760952841875033,1.0226761194707639,0.015228171952478393
0.35930819005250364,-0.6405562150819946,0.7568205671793076,0.07522065078966342,0.7057497559211341,1.3049630229132019,0.5225251605636311,1.4237274486550175,-0.030659329790406968,-1.3743248804927466
0.6377155849563264,-1.2873576338486172,0.9404310058084823,0.8171269180259684,0.7152703100139228,0.7739940440088229,-0.17752335496830093,0.6229688292318645,-0.25174816090805724,-0.5797163095936965
-1.1592934410067803,2.015147253247108,-0.9458885928022728,-1.8278041199812551,-0.4635538904700238,-1.6929544198235513,0.12442011525400443,-1.665386189817407,-1.0033036812241498,1.5571191569871532
2.4551966993029666,-2.3448442935852474,2.6230099752428107,1.1416756129022423,1.430561930839353,1.2968036513495171,1.3450674757457055,1.3967712826322451,-0.40088697532339085,-1.3095082096622945
-1.2102366188116476,0.7794100923191631,-0.2796474371998922,-0.6425255891080832,0.4961333381845849,-0.38948132852056816,-0.1749664733599026,-0.26897276335847015,-0.9688808546434748,0.3471040105188424
0.11830751673704924,0.461598604833671,0.7765535824745575,-1.5136867985379545,1.6944901286070404,0.03159916701598826,1.1015712915758826,0.39249965563184636,1.6534833718434254,-0.5862516248000285
-0.1851267781253344,0.5552039937977081,-0.44569096775525746,-1.1936786618441397,-1.4102342024984866,-1.3267259775623392,-0.5231127641505372,-1.52535777155712,0.19117289703613108,1.4433663259972795
-1.1820056938412755,1.5667919430313593,-0.4727025767341358,-1.4232471696118838,-1.1787670664237468,-1.7380314265650711,-1.3973638611502521,-1.6661493814310613,-0.7457342982825712,1.6037139755165797
-0.39027903204513303,0.3064929367378963,-0.22881447984385628,-0.9920086214336861,-0.18620404988876949,-0.8585159910941214,0.2969419979717724,-0.648493996601495,-0.7763314778408761,0.704245891771857
-0.008669928713280907,0.7846313783526564,0.8895793528829712,-2.4101894141996882,0.42827966068005496,-0.994027959097246,0.5078985837120903,-0.9944235730042043,-0.09021943860856481,1.0944614727149078
-0.6615771011365588,0.048172179774019976,-0.6337141111784527,0.33637662416494307,0.7227793725126281,0.536381953299619,-0.24794047517923085,0.4359041879455747,-0.7610262110332789,-0.27798413924898474
0.8775907719854774,-1.0436485205051833,0.5391990284520363,0.43163961291860514,0.4837772136168125,0.5907846689412048,0.48511308457256036,0.37799382057773384,0.2787153460277849,-0.4439228603537716
-0.18800714724771522,0.32548438194201046,-0.49313759241663335,0.12678507727768457,0.4977063557785951,0.1511434099263492,0.6008284794564519,0.1355353197394764,0.3209721395084485,-0.3316845343621489
-1.3319596108441325,1.6979160681986953,-1.0331506491598654,-1.4888909527863226,-2.1245627022741256,-1.8863337490613612,-1.850509131676117,-1.920699274338858,-2.066032378904285,2.0171460778128902
-1.414242864887888,1.5613310761752934,-0.9563428453708265,-0.9371332334384462,-0.21231466199279256,-0.4769552279547477,-0.5336521712919862,-0.26927036716017233,-0.12156280885305007,0.18482126043861538
0.5565501523231599,-0.5536623038575902,0.7125079816521102,-0.5434726344421037,0.0026115933129719562,-0.39970053872384287,-0.7289588802891609,-0.2023690414406165,-0.35326571749588803,0.4256034668138782
-1.4730529749769896,1.140191772184827,-1.0677282708783054,-0.8529625411396772,-1.295181969538516,-1.4927968786745474,-1.175004455448848,-1.6632210462555341,-1.3657026548000935,1.6724115018909893
0.27557870754833974,0.22868963583541926,0.5734633424825355,-0.8242421951108511,0.20498886266721372,-0.4228539135484213,0.13212748292781837,-0.17262944410581593,0.3464394835157283,0.11225400910347089
0.39992757618727487,-0.05614335643238929,0.2076821274840627,-0.09681068211073564,-0.8222545698383107,-0.6279765946094699,-0.9333250350057346,-0.955141416659302,0.12674506962356127,0.9023607317648914
-0.9965079056941396,0.5370417343822217,-1.3098211653048202,0.7246391628841247,-0.7087612771452643,-0.3897512156897551,-1.5455008835412678,-0.5960719778837174,-0.11789756625381213,0.6744474297585847
0.8325118978475184,-1.1496115003005172,0.18361105859867202,1.0138826168217911,0.20777898339816164,1.076749417598987,-0.36020994078034996,0.9427790950169656,0.10870727749616546,-0.8920691712911466
-1.6970850089608231,1.3158607546161236,-0.9267810327178174,-1.1379910327374272,-0.5462726451838589,-1.1576463614489192,-0.6586315733696164,-1.1143986054555166,-0.13611078163890536,1.0079083973289527
0.25621577895748116,-0.5257392495401914,0.4514968138314657,0.5058596771292216,0.8530305070144584,1.369812148782153,1.1644213459324853,1.4261465759690186,0.7362137771803713,-1.4907006133475116
-0.07089379859383922,0.48578475187412584,-1.048462370606055,-0.6071895412312049,0.17538029882058678,-0.17979233921166377,0.55591834390506,-0.057529223418601574,1.1777996689737582,-0.09205778141196404
-0.1466693041440286,0.30681180804722424,0.44220280426676145,-0.658497717720661,0.035265346230671756,-1.0794421287501486,0.6400215778238196,-0.975711077804996,-0.24480008481613288,0.8792743754712704
-1.1735254414719125,1.297777893585408,-0.009470878781953502,-1.4381234995147179,0.25401818617874455,-1.123587513163582,-0.3665968446904167,-0.9530016208836377,0.40330605184358903,0.7208806488808257
-0.9399397277457741,0.9309260625795588,-1.1797664809792427,-0.7412773085820983,-0.711846607831993,-1.5097880517677027,-0.35944992916530005,-1.3545734261835147,-0.4413236991401769,1.2772397908754847
1.5385444480414845,-1.3181021383689118,1.4601402048987635,0.3398582243860189,1.2521131744950473,0.6721183431035731,-0.9394287245923019,0.5064196449392314,0.38155847798740716,-0.6522981212330299
1.1471118882828693,-1.7207976558166853,0.704452696833358,2.2892080085806086,0.7153434776385623,1.517518669890992,0.7903773252931096,1.6336467378059434,1.0414527834335972,-1.5032265616784672
0.6883566933364975,-0.30770999020693307,0.8983830708675808,-0.12701913768949882,1.632369121500713,1.0165623335130634,1.5272368223666235,1.4077915905145393,1.1304541495086653,-1.4238767377174106
0.8801358365200341,-1.050756697770286,0.11514643947211915,1.4910957107469427,-0.2634789035403241,0.720233819806246,-0.4244227279482734,0.5474663087442598,-0.45393433579736525,-0.2891241581298787
0.7891407341203986,-0.7457886903585852,0.6148115877752619,0.851590197300815,-0.5934256702350144,0.37060285110879737,-0.1690553327059179,0.5770744151328429,0.27693197790282514,-0.533224003803761
-0.3448436110069995,0.10829456173751531,0.2146338808861735,0.3858445886998029,-0.3459920811935694,0.017434664707337757,-1.3285318195129732,-0.19073324039402562,-0.6277810557791637,0.4140593299529511
0.014890820860545802,0.03776471339794818,0.6513372869768649,-0.6306011693020618,0.913402256028856,0.0994449220167001,0.022330871241316996,0.3023624452511737,-0.23306835975012247,-0.21179069956325808
-1.4592221541341197,1.5656926416073,-1.0153793684433585,-1.3711870767254108,-0.7678281335698895,-0.8624246562637735,0.0594282307795988,-0.8794604194115607,0.14156772211934598,0.8629665677121978
-0.11825365139017706,-0.3230309281446073,-0.2897817366786075,1.0903519446875858,-0.5614454602004918,0.4106013507828807,0.009660960973454718,0.5027461327853604,0.673406989739314,-0.7685769740857633
1.1163316120088895,-0.9257805592032052,0.08935453950607276,1.0896365349449968,-0.6821080354461628,0.25331131807985324,-0.7441170604764166,0.19739012016567364,-1.4911532918590935,-0.04339406693590509
-0.6719863229913421,0.4178524785798353,-0.9761610996448964,-0.06772856512381606,-0.6111018923875277,-0.6634229805233551,0.19618257487811833,-0.8548886060077822,0.6927948687211747,0.6923717290754133
0.9609084682798242,-0.3367951844913916,0.5499371848775785,-0.2597728692656673,0.766953732898565,0.0021171177693581865,0.6120723448698883,0.34011210993819235,0.8602060041568713,-0.44095836239133807
0.05754209612140771,-0.528159719077245,-0.3306604184013899,1.130933209411256,-0.08944966588823497,0.881946524883883,-0.4212800944607935,0.6686234518008835,0.5552521077954657,-0.7128381010955157
-1.374722413714015,0.8297454729250017,-1.1374432353968902,-0.2860202430382547,-1.0355004083927986,-0.6633298266889297,-0.8095517454670469,-0.879621310734551,-1.0820435468557166,1.0228760445948133
-1.1050839928598726,0.8516770726224635,-1.1218466124169575,-0.29947573741922673,-0.7648597871346097,-0.2727389943261228,-0.830437230987355,-0.42366051119742065,-0.5873736558434546,0.528206924719009
